{"v":"5.12.1","fr":60,"ip":0,"op":256,"w":624,"h":372,"nm":"overthetop_comp","ddd":0,"assets":[{"id":"comp_0","nm":"checkbox_overthetop","fr":60,"layers":[{"ddd":0,"ind":1,"ty":4,"nm":"outline 2","sr":1,"ks":{"o":{"a":1,"k":[{"i":{"x":[0.833],"y":[0.833]},"o":{"x":[0.167],"y":[0.167]},"t":159,"s":[100]},{"t":169,"s":[0]}],"ix":11},"r":{"a":0,"k":0,"ix":10},"p":{"a":0,"k":[531,596.221,0],"ix":2,"l":2},"a":{"a":0,"k":[77.723,-39.462,0],"ix":1,"l":2},"s":{"a":0,"k":[113.537,113.537,100],"ix":6,"l":2}},"ao":0,"ef":[{"ty":34,"nm":"Puppet","np":6,"mn":"ADBE FreePin3","ix":1,"en":1,"ef":[{"ty":7,"nm":"Puppet Engine","mn":"ADBE FreePin3 Puppet Engine","ix":1,"v":{"a":0,"k":2,"ix":1}},{"ty":0,"nm":"Mesh Rotation Refinement","mn":"ADBE FreePin3 Auto Rotate Pins","ix":2,"v":{"a":0,"k":20,"ix":2}},{"ty":7,"nm":"On Transparent","mn":"ADBE FreePin3 On Transparent","ix":3,"v":{"a":0,"k":0,"ix":3}},{"ty":"","nm":"arap","np":3,"mn":"ADBE FreePin3 ARAP Group","ix":4,"en":1,"ef":[{"ty":6,"nm":"Auto-traced Shapes","mn":"ADBE FreePin3 Outlines","ix":1,"v":0},{"ty":"","nm":"Mesh","np":1,"mn":"ADBE FreePin3 Mesh Group","ix":2,"en":1,"ef":[]}]}]}],"shapes":[{"ty":"gr","it":[{"ty":"rc","d":1,"s":{"a":0,"k":[473.16,131.171],"ix":2},"p":{"a":0,"k":[0,0],"ix":3},"r":{"a":0,"k":20,"ix":4},"nm":"Rectangle Path 1","mn":"ADBE Vector Shape - Rect","hd":false},{"ty":"st","c":{"a":0,"k":[0.039854790183,0.815073529412,0,1],"ix":3},"o":{"a":0,"k":100,"ix":4},"w":{"a":0,"k":7,"ix":5},"lc":2,"lj":1,"ml":4,"bm":0,"nm":"Stroke 1","mn":"ADBE Vector Graphic - Stroke","hd":false},{"ty":"tr","p":{"a":0,"k":[77.285,-40.244],"ix":2},"a":{"a":0,"k":[0,0],"ix":1},"s":{"a":0,"k":[100,100],"ix":3},"r":{"a":0,"k":0,"ix":6},"o":{"a":0,"k":100,"ix":7},"sk":{"a":0,"k":0,"ix":4},"sa":{"a":0,"k":0,"ix":5},"nm":"Transform"}],"nm":"Rectangle 1","np":3,"cix":2,"bm":0,"ix":1,"mn":"ADBE Vector Group","hd":false},{"ty":"tm","s":{"a":1,"k":[{"i":{"x":[0.166],"y":[0.99]},"o":{"x":[0.704],"y":[-0.003]},"t":116,"s":[100]},{"t":159,"s":[0]}],"ix":1},"e":{"a":0,"k":100,"ix":2},"o":{"a":0,"k":0,"ix":3},"m":1,"ix":2,"nm":"Trim Paths 1","mn":"ADBE Vector Filter - Trim","hd":false}],"ip":116,"op":300,"st":0,"ct":1,"bm":0},{"ddd":0,"ind":2,"ty":0,"nm":"checkbox_puls","parent":4,"refId":"comp_1","sr":1,"ks":{"o":{"a":0,"k":100,"ix":11},"r":{"a":0,"k":0,"ix":10},"p":{"a":0,"k":[-28.96,31.976,0],"ix":2,"l":2},"a":{"a":0,"k":[128,540,0],"ix":1,"l":2},"s":{"a":0,"k":[35.813,35.813,100],"ix":6,"l":2}},"ao":0,"w":256,"h":1080,"ip":83,"op":301,"st":1,"bm":0},{"ddd":0,"ind":3,"ty":5,"nm":"I am not a robot 2","parent":4,"sr":1,"ks":{"o":{"a":0,"k":100,"ix":11},"r":{"a":0,"k":0,"ix":10},"p":{"a":0,"k":[117.247,-28.667,0],"ix":2,"l":2},"a":{"a":0,"k":[5.918,-9.7,0],"ix":1,"l":2},"s":{"a":0,"k":[60.322,60.322,100],"ix":6,"l":2}},"ao":0,"t":{"d":{"k":[{"s":{"sz":[342.352935791016,47.0588188171387],"ps":[-161.176467895508,-23.5294094085693],"s":38,"f":"Arial-Black","t":"I am not a robot","ca":0,"j":0,"tr":0,"lh":45.6000022888184,"ls":0,"fc":[0,0,0]},"t":0}]},"p":{},"m":{"g":1,"a":{"a":0,"k":[0,0],"ix":2}},"a":[]},"ip":83,"op":300,"st":0,"ct":1,"bm":0},{"ddd":0,"ind":4,"ty":4,"nm":".rectblanc 2","cl":"rectblanc","sr":1,"ks":{"o":{"a":0,"k":100,"ix":11},"r":{"a":0,"k":0,"ix":10},"p":{"s":true,"x":{"a":0,"k":530.558,"ix":3},"y":{"a":1,"k":[{"i":{"x":[0.667],"y":[1]},"o":{"x":[0.333],"y":[0.715]},"t":83,"s":[597.806]},{"i":{"x":[0.833],"y":[1]},"o":{"x":[0.333],"y":[0]},"t":105,"s":[486.569]},{"t":113,"s":[595.641]}],"ix":4}},"a":{"a":0,"k":[78.215,-28.402,0],"ix":1,"l":2},"s":{"a":0,"k":[167.537,167.537,100],"ix":6,"l":2}},"ao":0,"shapes":[{"ty":"gr","it":[{"ty":"rc","d":1,"s":{"a":0,"k":[334.992,102.414],"ix":2},"p":{"a":0,"k":[0,0],"ix":3},"r":{"a":0,"k":20,"ix":4},"nm":"Rectangle Path 1","mn":"ADBE Vector Shape - Rect","hd":false},{"ty":"st","c":{"a":0,"k":[0,0,0,1],"ix":3},"o":{"a":0,"k":100,"ix":4},"w":{"a":0,"k":4,"ix":5},"lc":1,"lj":1,"ml":4,"bm":0,"nm":"Stroke 1","mn":"ADBE Vector Graphic - Stroke","hd":false},{"ty":"fl","c":{"a":0,"k":[1,1,1,1],"ix":4},"o":{"a":0,"k":100,"ix":5},"r":1,"bm":0,"nm":"Fill 1","mn":"ADBE Vector Graphic - Fill","hd":false},{"ty":"tr","p":{"a":0,"k":[78.215,-28.402],"ix":2},"a":{"a":0,"k":[0,0],"ix":1},"s":{"a":0,"k":[100,100],"ix":3},"r":{"a":0,"k":0,"ix":6},"o":{"a":0,"k":100,"ix":7},"sk":{"a":0,"k":0,"ix":4},"sa":{"a":0,"k":0,"ix":5},"nm":"Transform"}],"nm":"Rectangle 1","np":3,"cix":2,"bm":0,"ix":1,"mn":"ADBE Vector Group","hd":false}],"ip":83,"op":300,"st":0,"ct":1,"bm":0},{"ddd":0,"ind":5,"ty":4,"nm":"outline","parent":13,"sr":1,"ks":{"o":{"a":0,"k":100,"ix":11},"r":{"a":0,"k":0,"ix":10},"p":{"a":0,"k":[77.544,-54.224,0],"ix":2,"l":2},"a":{"a":0,"k":[77.723,-39.462,0],"ix":1,"l":2},"s":{"a":0,"k":[100,100,100],"ix":6,"l":2}},"ao":0,"ef":[{"ty":34,"nm":"Puppet","np":6,"mn":"ADBE FreePin3","ix":1,"en":1,"ef":[{"ty":7,"nm":"Puppet Engine","mn":"ADBE FreePin3 Puppet Engine","ix":1,"v":{"a":0,"k":2,"ix":1}},{"ty":0,"nm":"Mesh Rotation Refinement","mn":"ADBE FreePin3 Auto Rotate Pins","ix":2,"v":{"a":0,"k":20,"ix":2}},{"ty":7,"nm":"On Transparent","mn":"ADBE FreePin3 On Transparent","ix":3,"v":{"a":0,"k":0,"ix":3}},{"ty":"","nm":"arap","np":3,"mn":"ADBE FreePin3 ARAP Group","ix":4,"en":1,"ef":[{"ty":6,"nm":"Auto-traced Shapes","mn":"ADBE FreePin3 Outlines","ix":1,"v":0},{"ty":"","nm":"Mesh","np":1,"mn":"ADBE FreePin3 Mesh Group","ix":2,"en":1,"ef":[]}]}]}],"shapes":[{"ty":"gr","it":[{"ty":"rc","d":1,"s":{"a":0,"k":[334.992,102.414],"ix":2},"p":{"a":0,"k":[0,0],"ix":3},"r":{"a":0,"k":20,"ix":4},"nm":"Rectangle Path 1","mn":"ADBE Vector Shape - Rect","hd":false},{"ty":"st","c":{"a":0,"k":[0,0,0,1],"ix":3},"o":{"a":0,"k":100,"ix":4},"w":{"a":0,"k":5,"ix":5},"lc":1,"lj":1,"ml":4,"bm":0,"nm":"Stroke 1","mn":"ADBE Vector Graphic - Stroke","hd":false},{"ty":"tr","p":{"a":0,"k":[77.723,-39.462],"ix":2},"a":{"a":0,"k":[0,0],"ix":1},"s":{"a":0,"k":[100,100],"ix":3},"r":{"a":0,"k":0,"ix":6},"o":{"a":0,"k":100,"ix":7},"sk":{"a":0,"k":0,"ix":4},"sa":{"a":0,"k":0,"ix":5},"nm":"Transform"}],"nm":"Rectangle 1","np":3,"cix":2,"bm":0,"ix":1,"mn":"ADBE Vector Group","hd":false}],"ip":0,"op":300,"st":0,"ct":1,"bm":0},{"ddd":0,"ind":6,"ty":4,"nm":".rectnoir .maske 3","cl":"rectnoir maske","td":1,"sr":1,"ks":{"o":{"a":0,"k":100,"ix":11},"r":{"a":0,"k":0,"ix":10},"p":{"a":0,"k":[530.466,597.32,0],"ix":2,"l":2},"a":{"a":0,"k":[77.551,-54.463,0],"ix":1,"l":2},"s":{"a":0,"k":[167.537,167.537,100],"ix":6,"l":2}},"ao":0,"ef":[{"ty":34,"nm":"Puppet","np":6,"mn":"ADBE FreePin3","ix":1,"en":1,"ef":[{"ty":7,"nm":"Puppet Engine","mn":"ADBE FreePin3 Puppet Engine","ix":1,"v":{"a":0,"k":2,"ix":1}},{"ty":0,"nm":"Mesh Rotation Refinement","mn":"ADBE FreePin3 Auto Rotate Pins","ix":2,"v":{"a":0,"k":20,"ix":2}},{"ty":7,"nm":"On Transparent","mn":"ADBE FreePin3 On Transparent","ix":3,"v":{"a":0,"k":0,"ix":3}},{"ty":"","nm":"arap","np":3,"mn":"ADBE FreePin3 ARAP Group","ix":4,"en":1,"ef":[{"ty":6,"nm":"Auto-traced Shapes","mn":"ADBE FreePin3 Outlines","ix":1,"v":0},{"ty":"","nm":"Mesh","np":1,"mn":"ADBE FreePin3 Mesh Group","ix":2,"en":1,"ef":[]}]}]}],"shapes":[{"ty":"gr","it":[{"ty":"rc","d":1,"s":{"a":0,"k":[334.992,102.414],"ix":2},"p":{"a":0,"k":[0,0],"ix":3},"r":{"a":0,"k":20,"ix":4},"nm":"Rectangle Path 1","mn":"ADBE Vector Shape - Rect","hd":false},{"ty":"st","c":{"a":0,"k":[0,0,0,1],"ix":3},"o":{"a":0,"k":100,"ix":4},"w":{"a":0,"k":5,"ix":5},"lc":1,"lj":1,"ml":4,"bm":0,"nm":"Stroke 1","mn":"ADBE Vector Graphic - Stroke","hd":false},{"ty":"fl","c":{"a":0,"k":[0,0,0,1],"ix":4},"o":{"a":0,"k":100,"ix":5},"r":1,"bm":0,"nm":"Fill 1","mn":"ADBE Vector Graphic - Fill","hd":false},{"ty":"tr","p":{"a":0,"k":[77.551,-54.463],"ix":2},"a":{"a":0,"k":[0,0],"ix":1},"s":{"a":0,"k":[100,100],"ix":3},"r":{"a":0,"k":0,"ix":6},"o":{"a":0,"k":100,"ix":7},"sk":{"a":0,"k":0,"ix":4},"sa":{"a":0,"k":0,"ix":5},"nm":"Transform"}],"nm":"Rectangle 1","np":3,"cix":2,"bm":0,"ix":1,"mn":"ADBE Vector Group","hd":false}],"ip":0,"op":300,"st":0,"ct":1,"bm":0},{"ddd":0,"ind":7,"ty":4,"nm":".rectnoir .maske 4","cl":"rectnoir maske","sr":1,"ks":{"o":{"a":0,"k":100,"ix":11},"r":{"a":0,"k":0,"ix":10},"p":{"a":0,"k":[530.466,597.32,0],"ix":2,"l":2},"a":{"a":0,"k":[77.551,-54.463,0],"ix":1,"l":2},"s":{"a":0,"k":[167.537,167.537,100],"ix":6,"l":2}},"ao":0,"ef":[{"ty":34,"nm":"Puppet","np":6,"mn":"ADBE FreePin3","ix":1,"en":1,"ef":[{"ty":7,"nm":"Puppet Engine","mn":"ADBE FreePin3 Puppet Engine","ix":1,"v":{"a":0,"k":2,"ix":1}},{"ty":0,"nm":"Mesh Rotation Refinement","mn":"ADBE FreePin3 Auto Rotate Pins","ix":2,"v":{"a":0,"k":20,"ix":2}},{"ty":7,"nm":"On Transparent","mn":"ADBE FreePin3 On Transparent","ix":3,"v":{"a":0,"k":0,"ix":3}},{"ty":"","nm":"arap","np":3,"mn":"ADBE FreePin3 ARAP Group","ix":4,"en":1,"ef":[{"ty":6,"nm":"Auto-traced Shapes","mn":"ADBE FreePin3 Outlines","ix":1,"v":0},{"ty":"","nm":"Mesh","np":1,"mn":"ADBE FreePin3 Mesh Group","ix":2,"en":1,"ef":[]}]}]}],"shapes":[{"ty":"gr","it":[{"ty":"rc","d":1,"s":{"a":0,"k":[334.992,102.414],"ix":2},"p":{"a":0,"k":[0,0],"ix":3},"r":{"a":0,"k":20,"ix":4},"nm":"Rectangle Path 1","mn":"ADBE Vector Shape - Rect","hd":false},{"ty":"st","c":{"a":0,"k":[0,0,0,1],"ix":3},"o":{"a":0,"k":100,"ix":4},"w":{"a":0,"k":5,"ix":5},"lc":1,"lj":1,"ml":4,"bm":0,"nm":"Stroke 1","mn":"ADBE Vector Graphic - Stroke","hd":false},{"ty":"tr","p":{"a":0,"k":[77.551,-54.463],"ix":2},"a":{"a":0,"k":[0,0],"ix":1},"s":{"a":0,"k":[100,100],"ix":3},"r":{"a":0,"k":0,"ix":6},"o":{"a":0,"k":100,"ix":7},"sk":{"a":0,"k":0,"ix":4},"sa":{"a":0,"k":0,"ix":5},"nm":"Transform"}],"nm":"Rectangle 1","np":3,"cix":2,"bm":0,"ix":1,"mn":"ADBE Vector Group","hd":false}],"ip":0,"op":300,"st":0,"ct":1,"bm":0},{"ddd":0,"ind":8,"ty":0,"nm":"checkbox_puls","parent":12,"tt":1,"tp":6,"refId":"comp_1","sr":1,"ks":{"o":{"a":0,"k":100,"ix":11},"r":{"a":0,"k":0,"ix":10},"p":{"a":0,"k":[-28.96,32.097,0],"ix":2,"l":2},"a":{"a":0,"k":[128,540,0],"ix":1,"l":2},"s":{"a":0,"k":[35.813,35.813,100],"ix":6,"l":2}},"ao":0,"w":256,"h":1080,"ip":0,"op":84,"st":0,"bm":0},{"ddd":0,"ind":9,"ty":4,"nm":".rectnoir .maske 2","cl":"rectnoir maske","td":1,"sr":1,"ks":{"o":{"a":0,"k":100,"ix":11},"r":{"a":0,"k":0,"ix":10},"p":{"a":0,"k":[530.466,597.32,0],"ix":2,"l":2},"a":{"a":0,"k":[77.551,-54.463,0],"ix":1,"l":2},"s":{"a":0,"k":[167.537,167.537,100],"ix":6,"l":2}},"ao":0,"ef":[{"ty":34,"nm":"Puppet","np":6,"mn":"ADBE FreePin3","ix":1,"en":1,"ef":[{"ty":7,"nm":"Puppet Engine","mn":"ADBE FreePin3 Puppet Engine","ix":1,"v":{"a":0,"k":2,"ix":1}},{"ty":0,"nm":"Mesh Rotation Refinement","mn":"ADBE FreePin3 Auto Rotate Pins","ix":2,"v":{"a":0,"k":20,"ix":2}},{"ty":7,"nm":"On Transparent","mn":"ADBE FreePin3 On Transparent","ix":3,"v":{"a":0,"k":0,"ix":3}},{"ty":"","nm":"arap","np":3,"mn":"ADBE FreePin3 ARAP Group","ix":4,"en":1,"ef":[{"ty":6,"nm":"Auto-traced Shapes","mn":"ADBE FreePin3 Outlines","ix":1,"v":0},{"ty":"","nm":"Mesh","np":1,"mn":"ADBE FreePin3 Mesh Group","ix":2,"en":1,"ef":[]}]}]}],"shapes":[{"ty":"gr","it":[{"ty":"rc","d":1,"s":{"a":0,"k":[334.992,102.414],"ix":2},"p":{"a":0,"k":[0,0],"ix":3},"r":{"a":0,"k":20,"ix":4},"nm":"Rectangle Path 1","mn":"ADBE Vector Shape - Rect","hd":false},{"ty":"st","c":{"a":0,"k":[0,0,0,1],"ix":3},"o":{"a":0,"k":100,"ix":4},"w":{"a":0,"k":5,"ix":5},"lc":1,"lj":1,"ml":4,"bm":0,"nm":"Stroke 1","mn":"ADBE Vector Graphic - Stroke","hd":false},{"ty":"fl","c":{"a":0,"k":[0,0,0,1],"ix":4},"o":{"a":0,"k":100,"ix":5},"r":1,"bm":0,"nm":"Fill 1","mn":"ADBE Vector Graphic - Fill","hd":false},{"ty":"tr","p":{"a":0,"k":[77.551,-54.463],"ix":2},"a":{"a":0,"k":[0,0],"ix":1},"s":{"a":0,"k":[100,100],"ix":3},"r":{"a":0,"k":0,"ix":6},"o":{"a":0,"k":100,"ix":7},"sk":{"a":0,"k":0,"ix":4},"sa":{"a":0,"k":0,"ix":5},"nm":"Transform"}],"nm":"Rectangle 1","np":3,"cix":2,"bm":0,"ix":1,"mn":"ADBE Vector Group","hd":false}],"ip":0,"op":300,"st":0,"ct":1,"bm":0},{"ddd":0,"ind":10,"ty":5,"nm":"I am not a robot","parent":12,"tt":1,"tp":9,"sr":1,"ks":{"o":{"a":0,"k":100,"ix":11},"r":{"a":0,"k":0,"ix":10},"p":{"a":0,"k":[117.247,-28.667,0],"ix":2,"l":2},"a":{"a":0,"k":[5.918,-9.7,0],"ix":1,"l":2},"s":{"a":0,"k":[60.322,60.322,100],"ix":6,"l":2}},"ao":0,"t":{"d":{"k":[{"s":{"sz":[342.352935791016,47.0588188171387],"ps":[-161.176467895508,-23.5294094085693],"s":38,"f":"Arial-Black","t":"I am not a robot","ca":0,"j":0,"tr":0,"lh":45.6000022888184,"ls":0,"fc":[0,0,0]},"t":0}]},"p":{},"m":{"g":1,"a":{"a":0,"k":[0,0],"ix":2}},"a":[]},"ip":0,"op":83,"st":0,"ct":1,"bm":0},{"ddd":0,"ind":11,"ty":4,"nm":".rectnoir .maske","cl":"rectnoir maske","td":1,"sr":1,"ks":{"o":{"a":0,"k":100,"ix":11},"r":{"a":0,"k":0,"ix":10},"p":{"a":0,"k":[530.466,597.32,0],"ix":2,"l":2},"a":{"a":0,"k":[77.551,-54.463,0],"ix":1,"l":2},"s":{"a":0,"k":[167.537,167.537,100],"ix":6,"l":2}},"ao":0,"ef":[{"ty":34,"nm":"Puppet","np":6,"mn":"ADBE FreePin3","ix":1,"en":1,"ef":[{"ty":7,"nm":"Puppet Engine","mn":"ADBE FreePin3 Puppet Engine","ix":1,"v":{"a":0,"k":2,"ix":1}},{"ty":0,"nm":"Mesh Rotation Refinement","mn":"ADBE FreePin3 Auto Rotate Pins","ix":2,"v":{"a":0,"k":20,"ix":2}},{"ty":7,"nm":"On Transparent","mn":"ADBE FreePin3 On Transparent","ix":3,"v":{"a":0,"k":0,"ix":3}},{"ty":"","nm":"arap","np":3,"mn":"ADBE FreePin3 ARAP Group","ix":4,"en":1,"ef":[{"ty":6,"nm":"Auto-traced Shapes","mn":"ADBE FreePin3 Outlines","ix":1,"v":0},{"ty":"","nm":"Mesh","np":1,"mn":"ADBE FreePin3 Mesh Group","ix":2,"en":1,"ef":[]}]}]}],"shapes":[{"ty":"gr","it":[{"ty":"rc","d":1,"s":{"a":0,"k":[334.992,102.414],"ix":2},"p":{"a":0,"k":[0,0],"ix":3},"r":{"a":0,"k":20,"ix":4},"nm":"Rectangle Path 1","mn":"ADBE Vector Shape - Rect","hd":false},{"ty":"st","c":{"a":0,"k":[0,0,0,1],"ix":3},"o":{"a":0,"k":100,"ix":4},"w":{"a":0,"k":5,"ix":5},"lc":1,"lj":1,"ml":4,"bm":0,"nm":"Stroke 1","mn":"ADBE Vector Graphic - Stroke","hd":false},{"ty":"fl","c":{"a":0,"k":[0,0,0,1],"ix":4},"o":{"a":0,"k":100,"ix":5},"r":1,"bm":0,"nm":"Fill 1","mn":"ADBE Vector Graphic - Fill","hd":false},{"ty":"tr","p":{"a":0,"k":[77.551,-54.463],"ix":2},"a":{"a":0,"k":[0,0],"ix":1},"s":{"a":0,"k":[100,100],"ix":3},"r":{"a":0,"k":0,"ix":6},"o":{"a":0,"k":100,"ix":7},"sk":{"a":0,"k":0,"ix":4},"sa":{"a":0,"k":0,"ix":5},"nm":"Transform"}],"nm":"Rectangle 1","np":3,"cix":2,"bm":0,"ix":1,"mn":"ADBE Vector Group","hd":false}],"ip":0,"op":300,"st":0,"ct":1,"bm":0},{"ddd":0,"ind":12,"ty":4,"nm":".rectblanc","cl":"rectblanc","tt":1,"tp":11,"sr":1,"ks":{"o":{"a":0,"k":100,"ix":11},"r":{"a":0,"k":0,"ix":10},"p":{"s":true,"x":{"a":0,"k":530.558,"ix":3},"y":{"a":1,"k":[{"i":{"x":[0.614],"y":[0.982]},"o":{"x":[0.314],"y":[0]},"t":0,"s":[596.741]},{"i":{"x":[0.427],"y":[1]},"o":{"x":[0.17],"y":[-0.049]},"t":9,"s":[610.158]},{"i":{"x":[0],"y":[1.001]},"o":{"x":[0.333],"y":[0]},"t":56,"s":[598.641]},{"i":{"x":[0.667],"y":[0.549]},"o":{"x":[0.333],"y":[0]},"t":71,"s":[694.641]},{"t":83,"s":[597.701]}],"ix":4}},"a":{"a":0,"k":[78.215,-28.402,0],"ix":1,"l":2},"s":{"a":0,"k":[167.537,167.537,100],"ix":6,"l":2}},"ao":0,"shapes":[{"ty":"gr","it":[{"ty":"rc","d":1,"s":{"a":0,"k":[334.992,102.414],"ix":2},"p":{"a":0,"k":[0,0],"ix":3},"r":{"a":0,"k":20,"ix":4},"nm":"Rectangle Path 1","mn":"ADBE Vector Shape - Rect","hd":false},{"ty":"st","c":{"a":0,"k":[0,0,0,1],"ix":3},"o":{"a":0,"k":100,"ix":4},"w":{"a":0,"k":4,"ix":5},"lc":1,"lj":1,"ml":4,"bm":0,"nm":"Stroke 1","mn":"ADBE Vector Graphic - Stroke","hd":false},{"ty":"fl","c":{"a":0,"k":[1,1,1,1],"ix":4},"o":{"a":0,"k":100,"ix":5},"r":1,"bm":0,"nm":"Fill 1","mn":"ADBE Vector Graphic - Fill","hd":false},{"ty":"tr","p":{"a":0,"k":[78.215,-28.402],"ix":2},"a":{"a":0,"k":[0,0],"ix":1},"s":{"a":0,"k":[100,100],"ix":3},"r":{"a":0,"k":0,"ix":6},"o":{"a":0,"k":100,"ix":7},"sk":{"a":0,"k":0,"ix":4},"sa":{"a":0,"k":0,"ix":5},"nm":"Transform"}],"nm":"Rectangle 1","np":3,"cix":2,"bm":0,"ix":1,"mn":"ADBE Vector Group","hd":false}],"ip":0,"op":83,"st":0,"ct":1,"bm":0},{"ddd":0,"ind":13,"ty":4,"nm":".rectnoir","cl":"rectnoir","sr":1,"ks":{"o":{"a":0,"k":100,"ix":11},"r":{"a":0,"k":0,"ix":10},"p":{"a":0,"k":[530.466,597.32,0],"ix":2,"l":2},"a":{"a":0,"k":[77.551,-54.463,0],"ix":1,"l":2},"s":{"a":0,"k":[167.537,167.537,100],"ix":6,"l":2}},"ao":0,"ef":[{"ty":34,"nm":"Puppet","np":6,"mn":"ADBE FreePin3","ix":1,"en":1,"ef":[{"ty":7,"nm":"Puppet Engine","mn":"ADBE FreePin3 Puppet Engine","ix":1,"v":{"a":0,"k":2,"ix":1}},{"ty":0,"nm":"Mesh Rotation Refinement","mn":"ADBE FreePin3 Auto Rotate Pins","ix":2,"v":{"a":0,"k":20,"ix":2}},{"ty":7,"nm":"On Transparent","mn":"ADBE FreePin3 On Transparent","ix":3,"v":{"a":0,"k":0,"ix":3}},{"ty":"","nm":"arap","np":3,"mn":"ADBE FreePin3 ARAP Group","ix":4,"en":1,"ef":[{"ty":6,"nm":"Auto-traced Shapes","mn":"ADBE FreePin3 Outlines","ix":1,"v":0},{"ty":"","nm":"Mesh","np":1,"mn":"ADBE FreePin3 Mesh Group","ix":2,"en":1,"ef":[]}]}]}],"shapes":[{"ty":"gr","it":[{"ty":"rc","d":1,"s":{"a":0,"k":[334.992,102.414],"ix":2},"p":{"a":0,"k":[0,0],"ix":3},"r":{"a":0,"k":20,"ix":4},"nm":"Rectangle Path 1","mn":"ADBE Vector Shape - Rect","hd":false},{"ty":"st","c":{"a":0,"k":[0,0,0,1],"ix":3},"o":{"a":0,"k":100,"ix":4},"w":{"a":0,"k":5,"ix":5},"lc":1,"lj":1,"ml":4,"bm":0,"nm":"Stroke 1","mn":"ADBE Vector Graphic - Stroke","hd":false},{"ty":"fl","c":{"a":0,"k":[0,0,0,1],"ix":4},"o":{"a":0,"k":100,"ix":5},"r":1,"bm":0,"nm":"Fill 1","mn":"ADBE Vector Graphic - Fill","hd":false},{"ty":"tr","p":{"a":0,"k":[77.551,-54.463],"ix":2},"a":{"a":0,"k":[0,0],"ix":1},"s":{"a":0,"k":[100,100],"ix":3},"r":{"a":0,"k":0,"ix":6},"o":{"a":0,"k":100,"ix":7},"sk":{"a":0,"k":0,"ix":4},"sa":{"a":0,"k":0,"ix":5},"nm":"Transform"}],"nm":"Rectangle 1","np":3,"cix":2,"bm":0,"ix":1,"mn":"ADBE Vector Group","hd":false}],"ip":0,"op":300,"st":0,"ct":1,"bm":0}]},{"id":"comp_1","nm":"checkbox_puls","fr":60,"layers":[{"ddd":0,"ind":2,"ty":4,"nm":".check_haut","cl":"check_haut","parent":5,"sr":1,"ks":{"o":{"a":0,"k":100,"ix":11},"r":{"a":0,"k":0,"ix":10},"p":{"a":0,"k":[84.676,-28.25,0],"ix":2,"l":2},"a":{"a":0,"k":[-163.638,2.562,0],"ix":1,"l":2},"s":{"a":0,"k":[106.282,100.566,100],"ix":6,"l":2}},"ao":0,"shapes":[{"ty":"gr","it":[{"ind":0,"ty":"sh","ix":1,"ks":{"a":0,"k":{"i":[[0,0],[0,0],[0,0]],"o":[[0,0],[0,0],[0,0]],"v":[[-194.375,2.375],[-179.929,27.891],[-143.071,-22.766]],"c":false},"ix":2},"nm":"Path 1","mn":"ADBE Vector Shape - Group","hd":false},{"ty":"st","c":{"a":0,"k":[0.115420233035,0.741743259804,0,1],"ix":3},"o":{"a":0,"k":100,"ix":4},"w":{"a":0,"k":14,"ix":5},"lc":2,"lj":2,"bm":0,"nm":"Stroke 1","mn":"ADBE Vector Graphic - Stroke","hd":false},{"ty":"tr","p":{"a":0,"k":[0,0],"ix":2},"a":{"a":0,"k":[0,0],"ix":1},"s":{"a":0,"k":[100,100],"ix":3},"r":{"a":0,"k":0,"ix":6},"o":{"a":0,"k":100,"ix":7},"sk":{"a":0,"k":0,"ix":4},"sa":{"a":0,"k":0,"ix":5},"nm":"Transform"}],"nm":"Shape 1","np":3,"cix":2,"bm":0,"ix":1,"mn":"ADBE Vector Group","hd":false},{"ty":"tm","s":{"a":0,"k":0,"ix":1},"e":{"a":1,"k":[{"i":{"x":[0.833],"y":[1]},"o":{"x":[0.277],"y":[-0.124]},"t":220,"s":[100]},{"t":250,"s":[0]}],"ix":2},"o":{"a":0,"k":0,"ix":3},"m":1,"ix":2,"nm":"Trim Paths 1","mn":"ADBE Vector Filter - Trim","hd":false}],"ip":218,"op":343,"st":122,"ct":1,"bm":0},{"ddd":0,"ind":4,"ty":4,"nm":".check_bas","cl":"check_bas","parent":9,"sr":1,"ks":{"o":{"a":0,"k":100,"ix":11},"r":{"a":0,"k":0,"ix":10},"p":{"a":0,"k":[84.676,-28.748,0],"ix":2,"l":2},"a":{"a":0,"k":[-163.638,2.562,0],"ix":1,"l":2},"s":{"a":0,"k":[106.282,100.566,100],"ix":6,"l":2}},"ao":0,"shapes":[{"ty":"gr","it":[{"ind":0,"ty":"sh","ix":1,"ks":{"a":0,"k":{"i":[[0,0],[0,0],[0,0]],"o":[[0,0],[0,0],[0,0]],"v":[[-194.375,2.375],[-179.929,27.891],[-143.071,-22.766]],"c":false},"ix":2},"nm":"Path 1","mn":"ADBE Vector Shape - Group","hd":false},{"ty":"st","c":{"a":0,"k":[0.115420233035,0.741743259804,0,1],"ix":3},"o":{"a":0,"k":100,"ix":4},"w":{"a":0,"k":14,"ix":5},"lc":2,"lj":2,"bm":0,"nm":"Stroke 1","mn":"ADBE Vector Graphic - Stroke","hd":false},{"ty":"tr","p":{"a":0,"k":[0,0],"ix":2},"a":{"a":0,"k":[0,0],"ix":1},"s":{"a":0,"k":[100,100],"ix":3},"r":{"a":0,"k":0,"ix":6},"o":{"a":0,"k":100,"ix":7},"sk":{"a":0,"k":0,"ix":4},"sa":{"a":0,"k":0,"ix":5},"nm":"Transform"}],"nm":"Shape 1","np":3,"cix":2,"bm":0,"ix":1,"mn":"ADBE Vector Group","hd":false},{"ty":"tm","s":{"a":1,"k":[{"i":{"x":[0.36],"y":[1]},"o":{"x":[0.68],"y":[0]},"t":216,"s":[0]},{"t":246,"s":[100]}],"ix":1},"e":{"a":1,"k":[{"i":{"x":[0.42],"y":[1]},"o":{"x":[0.35],"y":[0]},"t":156,"s":[0]},{"t":175,"s":[100]}],"ix":2},"o":{"a":0,"k":0,"ix":3},"m":1,"ix":2,"nm":"Trim Paths 1","mn":"ADBE Vector Filter - Trim","hd":false}],"ip":133,"op":218,"st":37,"ct":1,"bm":0},{"ddd":0,"ind":5,"ty":4,"nm":".rectblanc 2","cl":"rectblanc","sr":1,"ks":{"o":{"a":0,"k":100,"ix":11},"r":{"a":0,"k":0,"ix":10},"p":{"s":true,"x":{"a":0,"k":127.558,"ix":3},"y":{"a":1,"k":[{"i":{"x":[0.667],"y":[1]},"o":{"x":[0.333],"y":[0.912]},"t":69,"s":[367.806]},{"i":{"x":[0.833],"y":[1]},"o":{"x":[0.333],"y":[0]},"t":91,"s":[280.569]},{"i":{"x":[0.685],"y":[0.999]},"o":{"x":[0.167],"y":[0]},"t":99,"s":[365.641]},{"i":{"x":[0.636],"y":[1.001]},"o":{"x":[0.342],"y":[0.006]},"t":111,"s":[321.641]},{"i":{"x":[0.833],"y":[1]},"o":{"x":[0.167],"y":[0]},"t":120,"s":[365.641]},{"i":{"x":[0.833],"y":[1]},"o":{"x":[0.167],"y":[0]},"t":127,"s":[343.641]},{"t":133,"s":[365.641]}],"ix":4}},"a":{"a":0,"k":[78.215,-28.402,0],"ix":1,"l":2},"s":{"a":0,"k":[167.537,167.537,100],"ix":6,"l":2}},"ao":0,"shapes":[{"ty":"gr","it":[{"ty":"rc","d":1,"s":{"a":0,"k":[90,90],"ix":2},"p":{"a":0,"k":[0,0],"ix":3},"r":{"a":0,"k":20,"ix":4},"nm":"Rectangle Path 1","mn":"ADBE Vector Shape - Rect","hd":false},{"ty":"st","c":{"a":0,"k":[0,0,0,1],"ix":3},"o":{"a":0,"k":100,"ix":4},"w":{"a":0,"k":4,"ix":5},"lc":1,"lj":1,"ml":4,"bm":0,"nm":"Stroke 1","mn":"ADBE Vector Graphic - Stroke","hd":false},{"ty":"fl","c":{"a":0,"k":[1,1,1,1],"ix":4},"o":{"a":0,"k":100,"ix":5},"r":1,"bm":0,"nm":"Fill 1","mn":"ADBE Vector Graphic - Fill","hd":false},{"ty":"tr","p":{"a":0,"k":[78.215,-28.402],"ix":2},"a":{"a":0,"k":[0,0],"ix":1},"s":{"a":0,"k":[100,100],"ix":3},"r":{"a":0,"k":0,"ix":6},"o":{"a":0,"k":100,"ix":7},"sk":{"a":0,"k":0,"ix":4},"sa":{"a":0,"k":0,"ix":5},"nm":"Transform"}],"nm":"Rectangle 1","np":3,"cix":2,"bm":0,"ix":1,"mn":"ADBE Vector Group","hd":false}],"ip":69,"op":286,"st":-14,"ct":1,"bm":0},{"ddd":0,"ind":8,"ty":4,"nm":".rectnoir 4","cl":"rectnoir","td":1,"sr":1,"ks":{"o":{"a":0,"k":100,"ix":11},"r":{"a":0,"k":0,"ix":10},"p":{"a":0,"k":[127.466,367.32,0],"ix":2,"l":2},"a":{"a":0,"k":[77.551,-54.463,0],"ix":1,"l":2},"s":{"a":0,"k":[167.537,167.537,100],"ix":6,"l":2}},"ao":0,"ef":[{"ty":34,"nm":"Puppet","np":6,"mn":"ADBE FreePin3","ix":1,"en":1,"ef":[{"ty":7,"nm":"Puppet Engine","mn":"ADBE FreePin3 Puppet Engine","ix":1,"v":{"a":0,"k":2,"ix":1}},{"ty":0,"nm":"Mesh Rotation Refinement","mn":"ADBE FreePin3 Auto Rotate Pins","ix":2,"v":{"a":0,"k":20,"ix":2}},{"ty":7,"nm":"On Transparent","mn":"ADBE FreePin3 On Transparent","ix":3,"v":{"a":0,"k":0,"ix":3}},{"ty":"","nm":"arap","np":3,"mn":"ADBE FreePin3 ARAP Group","ix":4,"en":1,"ef":[{"ty":6,"nm":"Auto-traced Shapes","mn":"ADBE FreePin3 Outlines","ix":1,"v":0},{"ty":"","nm":"Mesh","np":1,"mn":"ADBE FreePin3 Mesh Group","ix":2,"en":1,"ef":[]}]}]}],"shapes":[{"ty":"gr","it":[{"ty":"rc","d":1,"s":{"a":0,"k":[90,90],"ix":2},"p":{"a":0,"k":[0,0],"ix":3},"r":{"a":0,"k":20,"ix":4},"nm":"Rectangle Path 1","mn":"ADBE Vector Shape - Rect","hd":false},{"ty":"st","c":{"a":0,"k":[0,0,0,1],"ix":3},"o":{"a":0,"k":100,"ix":4},"w":{"a":0,"k":5,"ix":5},"lc":1,"lj":1,"ml":4,"bm":0,"nm":"Stroke 1","mn":"ADBE Vector Graphic - Stroke","hd":false},{"ty":"fl","c":{"a":0,"k":[0,0,0,1],"ix":4},"o":{"a":0,"k":100,"ix":5},"r":1,"bm":0,"nm":"Fill 1","mn":"ADBE Vector Graphic - Fill","hd":false},{"ty":"tr","p":{"a":0,"k":[77.551,-54.463],"ix":2},"a":{"a":0,"k":[0,0],"ix":1},"s":{"a":0,"k":[100,100],"ix":3},"r":{"a":0,"k":0,"ix":6},"o":{"a":0,"k":100,"ix":7},"sk":{"a":0,"k":0,"ix":4},"sa":{"a":0,"k":0,"ix":5},"nm":"Transform"}],"nm":"Rectangle 1","np":3,"cix":2,"bm":0,"ix":1,"mn":"ADBE Vector Group","hd":false}],"ip":0,"op":300,"st":0,"ct":1,"bm":0},{"ddd":0,"ind":9,"ty":4,"nm":".rectblanc","cl":"rectblanc","tt":1,"tp":8,"sr":1,"ks":{"o":{"a":0,"k":100,"ix":11},"r":{"a":0,"k":0,"ix":10},"p":{"s":true,"x":{"a":0,"k":127.558,"ix":3},"y":{"a":1,"k":[{"i":{"x":[0.667],"y":[1]},"o":{"x":[0.333],"y":[0]},"t":42,"s":[368.641]},{"i":{"x":[0.667],"y":[1]},"o":{"x":[0.333],"y":[0]},"t":57,"s":[445.641]},{"i":{"x":[0.833],"y":[1]},"o":{"x":[0.333],"y":[0]},"t":76.678,"s":[316.569]},{"t":85,"s":[365.641]}],"ix":4}},"a":{"a":0,"k":[78.215,-28.402,0],"ix":1,"l":2},"s":{"a":0,"k":[167.537,167.537,100],"ix":6,"l":2}},"ao":0,"shapes":[{"ty":"gr","it":[{"ty":"rc","d":1,"s":{"a":0,"k":[90,90],"ix":2},"p":{"a":0,"k":[0,0],"ix":3},"r":{"a":0,"k":20,"ix":4},"nm":"Rectangle Path 1","mn":"ADBE Vector Shape - Rect","hd":false},{"ty":"st","c":{"a":0,"k":[0,0,0,1],"ix":3},"o":{"a":0,"k":100,"ix":4},"w":{"a":0,"k":4,"ix":5},"lc":1,"lj":1,"ml":4,"bm":0,"nm":"Stroke 1","mn":"ADBE Vector Graphic - Stroke","hd":false},{"ty":"fl","c":{"a":0,"k":[1,1,1,1],"ix":4},"o":{"a":0,"k":100,"ix":5},"r":1,"bm":0,"nm":"Fill 1","mn":"ADBE Vector Graphic - Fill","hd":false},{"ty":"tr","p":{"a":0,"k":[78.215,-28.402],"ix":2},"a":{"a":0,"k":[0,0],"ix":1},"s":{"a":0,"k":[100,100],"ix":3},"r":{"a":0,"k":0,"ix":6},"o":{"a":0,"k":100,"ix":7},"sk":{"a":0,"k":0,"ix":4},"sa":{"a":0,"k":0,"ix":5},"nm":"Transform"}],"nm":"Rectangle 1","np":3,"cix":2,"bm":0,"ix":1,"mn":"ADBE Vector Group","hd":false}],"ip":-14,"op":69,"st":-14,"ct":1,"bm":0},{"ddd":0,"ind":10,"ty":4,"nm":".rectnoir","cl":"rectnoir","sr":1,"ks":{"o":{"a":0,"k":100,"ix":11},"r":{"a":0,"k":0,"ix":10},"p":{"a":0,"k":[127.466,367.32,0],"ix":2,"l":2},"a":{"a":0,"k":[77.551,-54.463,0],"ix":1,"l":2},"s":{"a":0,"k":[167.537,167.537,100],"ix":6,"l":2}},"ao":0,"ef":[{"ty":34,"nm":"Puppet","np":6,"mn":"ADBE FreePin3","ix":1,"en":1,"ef":[{"ty":7,"nm":"Puppet Engine","mn":"ADBE FreePin3 Puppet Engine","ix":1,"v":{"a":0,"k":2,"ix":1}},{"ty":0,"nm":"Mesh Rotation Refinement","mn":"ADBE FreePin3 Auto Rotate Pins","ix":2,"v":{"a":0,"k":20,"ix":2}},{"ty":7,"nm":"On Transparent","mn":"ADBE FreePin3 On Transparent","ix":3,"v":{"a":0,"k":0,"ix":3}},{"ty":"","nm":"arap","np":3,"mn":"ADBE FreePin3 ARAP Group","ix":4,"en":1,"ef":[{"ty":6,"nm":"Auto-traced Shapes","mn":"ADBE FreePin3 Outlines","ix":1,"v":0},{"ty":"","nm":"Mesh","np":1,"mn":"ADBE FreePin3 Mesh Group","ix":2,"en":1,"ef":[]}]}]}],"shapes":[{"ty":"gr","it":[{"ty":"rc","d":1,"s":{"a":0,"k":[90,90],"ix":2},"p":{"a":0,"k":[0,0],"ix":3},"r":{"a":0,"k":20,"ix":4},"nm":"Rectangle Path 1","mn":"ADBE Vector Shape - Rect","hd":false},{"ty":"st","c":{"a":0,"k":[0,0,0,1],"ix":3},"o":{"a":0,"k":100,"ix":4},"w":{"a":0,"k":5,"ix":5},"lc":1,"lj":1,"ml":4,"bm":0,"nm":"Stroke 1","mn":"ADBE Vector Graphic - Stroke","hd":false},{"ty":"fl","c":{"a":0,"k":[0,0,0,1],"ix":4},"o":{"a":0,"k":100,"ix":5},"r":1,"bm":0,"nm":"Fill 1","mn":"ADBE Vector Graphic - Fill","hd":false},{"ty":"tr","p":{"a":0,"k":[77.551,-54.463],"ix":2},"a":{"a":0,"k":[0,0],"ix":1},"s":{"a":0,"k":[100,100],"ix":3},"r":{"a":0,"k":0,"ix":6},"o":{"a":0,"k":100,"ix":7},"sk":{"a":0,"k":0,"ix":4},"sa":{"a":0,"k":0,"ix":5},"nm":"Transform"}],"nm":"Rectangle 1","np":3,"cix":2,"bm":0,"ix":1,"mn":"ADBE Vector Group","hd":false}],"ip":0,"op":300,"st":0,"ct":1,"bm":0}]}],"fonts":{"list":[{"fName":"Arial-Black","fFamily":"Arial Black","fStyle":"Regular","ascent":71.5988159179688}]},"layers":[{"ddd":0,"ind":1,"ty":0,"nm":"checkbox_overthetop","refId":"comp_0","sr":1,"ks":{"o":{"a":0,"k":100,"ix":11},"r":{"a":0,"k":0,"ix":10},"p":{"a":0,"k":[320,185,0],"ix":2,"l":2},"a":{"a":0,"k":[540,540,0],"ix":1,"l":2},"s":{"a":0,"k":[100,100,100],"ix":6,"l":2}},"ao":0,"w":1080,"h":1080,"ip":0,"op":300,"st":0,"bm":0}],"markers":[{"tm":0,"cm":"hover-start","dr":0},{"tm":9,"cm":"hover-end","dr":0},{"tm":42,"cm":"press-start","dr":0},{"tm":68,"cm":"press-end","dr":0},{"tm":256,"cm":"release-end","dr":0}],"props":{},"chars":[{"ch":"I","size":38,"style":"Regular","w":38.92,"data":{"shapes":[{"ty":"gr","it":[{"ind":0,"ty":"sh","ix":1,"ks":{"a":0,"k":{"i":[[0,0],[0,0],[0,0],[0,0]],"o":[[0,0],[0,0],[0,0],[0,0]],"v":[[8.203,0],[30.371,0],[30.371,-71.582],[8.203,-71.582]],"c":true},"ix":2},"nm":"I","mn":"ADBE Vector Shape - Group","hd":false}],"nm":"I","np":3,"cix":2,"bm":0,"ix":1,"mn":"ADBE Vector Group","hd":false}]},"fFamily":"Arial Black"},{"ch":" ","size":38,"style":"Regular","w":33.35,"data":{},"fFamily":"Arial Black"},{"ch":"a","size":38,"style":"Regular","w":66.7,"data":{"shapes":[{"ty":"gr","it":[{"ind":0,"ty":"sh","ix":1,"ks":{"a":0,"k":{"i":[[-1.27,0.814],[-3.255,0],[-1.009,-0.977],[0,-2.441],[2.213,-0.602],[7.454,-1.497],[2.311,-2.539],[0,-3.938],[-3.207,-2.864],[-6.185,0],[-3.516,1.432],[-2.605,2.507],[-0.228,-0.7],[-0.749,-1.334],[0,0],[0.309,1.384],[0,2.441],[0,0],[0.977,2.686],[1.692,1.465],[3.613,0.668],[5.957,0],[3.19,-0.553],[1.823,-1.009],[1.35,-1.904],[0.716,-3.32],[0,0]],"o":[[1.627,-1.041],[2.539,0],[1.009,0.977],[-2.474,0.977],[-2.214,0.603],[-6.218,1.237],[-2.312,2.539],[0,4.199],[3.206,2.865],[4.655,0],[2.571,-1.074],[0.227,1.498],[0.227,0.7],[0,0],[-1.042,-2.148],[-0.31,-1.383],[0,0],[0,-2.441],[-0.977,-2.686],[-2.409,-2.116],[-3.613,-0.667],[-3.711,0],[-3.191,0.554],[-2.539,1.4],[-1.351,1.904],[0,0],[0.781,-2.246]],"v":[[27.197,-39.648],[34.521,-41.211],[39.844,-39.746],[41.357,-34.619],[34.326,-32.251],[19.824,-29.102],[7.031,-23.438],[3.564,-13.721],[8.374,-3.125],[22.461,1.172],[34.717,-0.977],[42.48,-6.348],[43.164,-3.052],[44.629,0],[63.281,0],[61.255,-5.298],[60.791,-11.035],[60.791,-33.936],[59.326,-41.626],[55.322,-47.852],[46.289,-52.026],[31.934,-53.027],[21.582,-52.197],[14.062,-49.854],[8.228,-44.897],[5.127,-37.061],[24.121,-35.059]],"c":true},"ix":2},"nm":"a","mn":"ADBE Vector Shape - Group","hd":false},{"ind":1,"ty":"sh","ix":2,"ks":{"a":0,"k":{"i":[[0,0],[0.797,-1.546],[1.904,-1.074],[2.213,0],[1.09,0.993],[0,1.562],[-1.107,1.074],[-4.037,1.074],[-2.734,0.977]],"o":[[0,2.474],[-0.798,1.546],[-1.904,1.074],[-2.116,0],[-1.091,-0.993],[0,-1.367],[1.074,-1.041],[2.962,-0.748],[0,0]],"v":[[41.357,-21.436],[40.161,-15.405],[36.108,-11.475],[29.932,-9.863],[25.122,-11.353],[23.486,-15.186],[25.146,-18.848],[32.812,-22.021],[41.357,-24.609]],"c":true},"ix":2},"nm":"a","mn":"ADBE Vector Shape - Group","hd":false}],"nm":"a","np":5,"cix":2,"bm":0,"ix":1,"mn":"ADBE Vector Group","hd":false}]},"fFamily":"Arial Black"},{"ch":"m","size":38,"style":"Regular","w":100,"data":{"shapes":[{"ty":"gr","it":[{"ind":0,"ty":"sh","ix":1,"ks":{"a":0,"k":{"i":[[0,0],[0,0],[0,0],[-1.47,1.726],[-2.287,0],[-1.045,-0.797],[-0.425,-1.302],[0,-2.278],[0,0],[0,0],[0,0],[-1.427,1.693],[-2.336,0],[-1.331,-1.79],[0,-2.344],[0,0],[0,0],[0,0],[3.12,3.304],[5.559,0],[2.568,-1.221],[3.12,-3.385],[2.412,1.465],[4.14,0],[2.722,-1.334],[2.673,-3.157],[0,0],[0,0]],"o":[[0,0],[0,0],[0,-3.938],[1.469,-1.725],[1.404,0],[1.045,0.798],[0.261,0.814],[0,0],[0,0],[0,0],[0,-3.743],[1.427,-1.692],[1.978,0],[0.908,1.14],[0,0],[0,0],[0,0],[0,-7.031],[-3.12,-3.304],[-3.771,0],[-2.568,1.221],[-1.532,-2.897],[-2.412,-1.465],[-3.847,0],[-2.722,1.335],[0,0],[0,0],[0,0]],"v":[[6.152,0],[26.074,0],[26.074,-26.465],[28.279,-34.961],[33.914,-37.549],[37.589,-36.353],[39.793,-33.203],[40.186,-28.564],[40.186,0],[60.107,0],[60.107,-26.758],[62.248,-34.912],[67.893,-37.451],[72.856,-34.766],[74.219,-29.541],[74.219,0],[94.141,0],[94.141,-32.568],[89.459,-48.071],[76.44,-53.027],[66.932,-51.196],[58.398,-44.287],[52.482,-50.83],[42.653,-53.027],[32.8,-51.025],[24.707,-44.287],[24.707,-51.855],[6.152,-51.855]],"c":true},"ix":2},"nm":"m","mn":"ADBE Vector Shape - Group","hd":false}],"nm":"m","np":3,"cix":2,"bm":0,"ix":1,"mn":"ADBE Vector Group","hd":false}]},"fFamily":"Arial Black"},{"ch":"n","size":38,"style":"Regular","w":66.7,"data":{"shapes":[{"ty":"gr","it":[{"ind":0,"ty":"sh","ix":1,"ks":{"a":0,"k":{"i":[[0,0],[0,0],[0,0],[-1.498,1.823],[-2.409,0],[-1.205,-1.35],[0,-3.255],[0,0],[0,0],[0,0],[3.108,3.271],[5.501,0],[2.832,-1.481],[2.766,-3.45],[0,0],[0,0]],"o":[[0,0],[0,0],[0,-4.72],[1.497,-1.823],[2.18,0],[1.204,1.351],[0,0],[0,0],[0,0],[0,-6.836],[-3.109,-3.271],[-4.07,0],[-2.832,1.482],[0,0],[0,0],[0,0]],"v":[[6.006,0],[25.879,0],[25.879,-24.902],[28.125,-34.717],[33.984,-37.451],[39.062,-35.425],[40.869,-28.516],[40.869,0],[60.84,0],[60.84,-32.959],[56.177,-48.12],[43.262,-53.027],[32.91,-50.806],[24.512,-43.408],[24.512,-51.855],[6.006,-51.855]],"c":true},"ix":2},"nm":"n","mn":"ADBE Vector Shape - Group","hd":false}],"nm":"n","np":3,"cix":2,"bm":0,"ix":1,"mn":"ADBE Vector Group","hd":false}]},"fFamily":"Arial Black"},{"ch":"o","size":38,"style":"Regular","w":66.7,"data":{"shapes":[{"ty":"gr","it":[{"ind":0,"ty":"sh","ix":1,"ks":{"a":0,"k":{"i":[[-6.316,-5.241],[-8.334,0],[-5.29,5.095],[0,7.976],[4.264,4.851],[10.384,0],[5.338,-5.127],[0,-7.91]],"o":[[5.143,4.232],[9.342,0],[5.289,-5.094],[0,-7.096],[-5.306,-6.022],[-9.082,0],[-5.339,5.127],[0,8.496]],"v":[[13.037,-5.176],[33.252,1.172],[55.2,-6.47],[63.135,-26.074],[56.738,-43.994],[33.203,-53.027],[11.572,-45.337],[3.564,-25.781]],"c":true},"ix":2},"nm":"o","mn":"ADBE Vector Shape - Group","hd":false},{"ind":1,"ty":"sh","ix":2,"ks":{"a":0,"k":{"i":[[-1.888,2.23],[-2.898,0],[-1.855,-2.197],[0,-4.492],[1.839,-2.18],[2.864,0],[1.871,2.214],[0,4.623]],"o":[[1.888,-2.229],[2.734,0],[1.855,2.197],[0,4.818],[-1.839,2.181],[-2.832,0],[-1.872,-2.213],[0,-4.557]],"v":[[26.318,-36.011],[33.496,-39.355],[40.381,-36.06],[43.164,-26.025],[40.405,-15.527],[33.35,-12.256],[26.294,-15.576],[23.486,-25.83]],"c":true},"ix":2},"nm":"o","mn":"ADBE Vector Shape - Group","hd":false}],"nm":"o","np":5,"cix":2,"bm":0,"ix":1,"mn":"ADBE Vector Group","hd":false}]},"fFamily":"Arial Black"},{"ch":"t","size":38,"style":"Regular","w":44.38,"data":{"shapes":[{"ty":"gr","it":[{"ind":0,"ty":"sh","ix":1,"ks":{"a":0,"k":{"i":[[0,0],[0,0],[0,0],[0,0],[0,0],[0,0],[-1.123,-2.585],[-2.344,-1.268],[-4.948,0],[-4.916,1.074],[0,0],[1.465,0],[0.651,1.105],[0,2.209],[0,0],[0,0],[0,0],[0,0],[0,0]],"o":[[0,0],[0,0],[0,0],[0,0],[0,0],[0,5.787],[1.123,2.585],[2.344,1.268],[4.264,0],[0,0],[-2.637,0.845],[-1.628,0],[-0.423,-0.714],[0,0],[0,0],[0,0],[0,0],[0,0],[0,0]],"v":[[10.059,-61.377],[10.059,-51.855],[2.734,-51.855],[2.734,-37.305],[10.059,-37.305],[10.059,-19.066],[11.743,-6.509],[16.943,-0.73],[27.881,1.172],[41.65,-0.439],[40.186,-14.158],[34.033,-12.891],[30.615,-14.548],[29.98,-18.933],[29.98,-37.305],[40.918,-37.305],[40.918,-51.855],[29.98,-51.855],[29.98,-71.582]],"c":true},"ix":2},"nm":"t","mn":"ADBE Vector Shape - Group","hd":false}],"nm":"t","np":3,"cix":2,"bm":0,"ix":1,"mn":"ADBE Vector Group","hd":false}]},"fFamily":"Arial Black"},{"ch":"r","size":38,"style":"Regular","w":48.58,"data":{"shapes":[{"ty":"gr","it":[{"ind":0,"ty":"sh","ix":1,"ks":{"a":0,"k":{"i":[[0,0],[0,0],[0,0],[-2.051,3.027],[-2.605,0],[-2.344,-0.977],[0,0],[2.93,0],[1.904,-1.383],[1.79,-3.678],[0,0],[0,0]],"o":[[0,0],[0,0],[0,-8.301],[1.432,-2.148],[1.367,0],[0,0],[-3.484,-1.823],[-2.8,0],[-1.904,1.384],[0,0],[0,0],[0,0]],"v":[[6.201,0],[26.172,0],[26.172,-17.383],[29.248,-34.375],[35.303,-37.598],[40.869,-36.133],[47.021,-50.293],[37.402,-53.027],[30.347,-50.952],[24.805,-43.359],[24.805,-51.855],[6.201,-51.855]],"c":true},"ix":2},"nm":"r","mn":"ADBE Vector Shape - Group","hd":false}],"nm":"r","np":3,"cix":2,"bm":0,"ix":1,"mn":"ADBE Vector Group","hd":false}]},"fFamily":"Arial Black"},{"ch":"b","size":38,"style":"Regular","w":67.68,"data":{"shapes":[{"ty":"gr","it":[{"ind":0,"ty":"sh","ix":1,"ks":{"a":0,"k":{"i":[[0,0],[0,0],[0,0],[-2.181,-1.172],[-3.484,0],[-3.337,2.132],[-1.888,4.314],[0,5.664],[4.134,4.541],[6.315,0],[2.522,-1.041],[1.985,-2.083],[0,0],[0,0]],"o":[[0,0],[0,0],[2.571,3.223],[2.897,1.497],[4.069,0],[3.336,-2.132],[1.888,-4.313],[0,-8.496],[-4.134,-4.541],[-3.06,0],[-2.523,1.042],[0,0],[0,0],[0,0]],"v":[[6.104,0],[24.707,0],[24.707,-7.666],[31.836,-1.074],[41.406,1.172],[52.515,-2.026],[60.352,-11.694],[63.184,-26.66],[56.982,-46.216],[41.309,-53.027],[32.935,-51.465],[26.172,-46.777],[26.172,-71.582],[6.104,-71.582]],"c":true},"ix":2},"nm":"b","mn":"ADBE Vector Shape - Group","hd":false},{"ind":1,"ty":"sh","ix":2,"ks":{"a":0,"k":{"i":[[-1.709,2.002],[-2.702,0],[-1.579,-1.92],[0,-4.102],[1.611,-1.969],[2.376,0],[1.676,2.002],[0,4.46]],"o":[[1.709,-2.002],[2.246,0],[1.579,1.921],[0,4.655],[-1.611,1.97],[-2.572,0],[-1.677,-2.002],[0,-4.069]],"v":[[28.589,-35.181],[35.205,-38.184],[40.942,-35.303],[43.311,-26.27],[40.894,-16.333],[34.912,-13.379],[28.54,-16.382],[26.025,-26.074]],"c":true},"ix":2},"nm":"b","mn":"ADBE Vector Shape - Group","hd":false}],"nm":"b","np":5,"cix":2,"bm":0,"ix":1,"mn":"ADBE Vector Group","hd":false}]},"fFamily":"Arial Black"}]}