{"v":"5.12.1","fr":60,"ip":0,"op":452,"w":1080,"h":1080,"nm":"ATF_Standard_Master","ddd":0,"assets":[{"id":"comp_0","nm":"ATF_Hover","fr":60,"layers":[{"ddd":0,"ind":1,"ty":3,"nm":"Null 1","sr":1,"ks":{"o":{"a":0,"k":0,"ix":11},"r":{"a":0,"k":0,"ix":10},"p":{"a":0,"k":[540,540,0],"ix":2,"l":2},"a":{"a":0,"k":[0,0,0],"ix":1,"l":2},"s":{"a":1,"k":[{"i":{"x":[0.667,0.667,0.667],"y":[1,1,1]},"o":{"x":[0.333,0.333,0.333],"y":[0,0,0]},"t":0,"s":[111,111,100]},{"i":{"x":[0.639,0.639,0.667],"y":[1,1,1]},"o":{"x":[0.333,0.333,0.333],"y":[0,0,0]},"t":13,"s":[115,115,100]},{"i":{"x":[0.215,0.215,0.667],"y":[1,1,1]},"o":{"x":[0.333,0.333,0.333],"y":[0,0,0]},"t":110,"s":[115,115,100]},{"i":{"x":[0.125,0.125,0.667],"y":[1,1,1]},"o":{"x":[0.333,0.333,0.333],"y":[0,0,0]},"t":116,"s":[109,109,100]},{"i":{"x":[0.125,0.125,0.667],"y":[1,1,1]},"o":{"x":[0.333,0.333,0.333],"y":[0,0,0]},"t":121,"s":[113,113,100]},{"t":126,"s":[111,111,100]}],"ix":6,"l":2}},"ao":0,"ip":0,"op":1800,"st":0,"bm":0},{"ddd":0,"ind":2,"ty":4,"nm":"Calque 4 Outlines","parent":1,"sr":1,"ks":{"o":{"a":0,"k":100,"ix":11},"r":{"a":0,"k":0,"ix":10},"p":{"a":0,"k":[0,1.802,0],"ix":2,"l":2},"a":{"a":0,"k":[271,251,0],"ix":1,"l":2},"s":{"a":0,"k":[100,100,100],"ix":6,"l":2}},"ao":0,"shapes":[{"ty":"gr","it":[{"ind":0,"ty":"sh","ix":1,"ks":{"a":0,"k":{"i":[[-0.939,-2.772],[0,0],[0,0],[2.458,-1.712],[0,0],[0,0],[2.424,1.689],[0,0],[0,0],[-0.948,2.798],[0,0],[0,0],[-2.996,0],[0,0],[0,0]],"o":[[0,0],[0,0],[2.996,0],[0,0],[0,0],[0.948,2.798],[0,0],[0,0],[-2.424,1.689],[0,0],[0,0],[-2.458,-1.712],[0,0],[0,0],[0.939,-2.772]],"v":[[2.899,-210.467],[89.805,-85.927],[229.192,-52.528],[230.942,-46.956],[124.666,50.373],[144.686,208.057],[140.037,211.549],[0,147.37],[-140.037,211.549],[-144.686,208.057],[-124.666,50.373],[-230.942,-46.956],[-229.192,-52.528],[-89.805,-85.927],[-2.899,-210.467]],"c":true},"ix":2},"nm":"Path 1","mn":"ADBE Vector Shape - Group","hd":false},{"ty":"st","c":{"a":0,"k":[1,0.999998863071,1,1],"ix":3},"o":{"a":0,"k":100,"ix":4},"w":{"a":0,"k":15,"ix":5},"lc":1,"lj":1,"ml":10,"bm":0,"nm":"Stroke 1","mn":"ADBE Vector Graphic - Stroke","hd":false},{"ty":"fl","c":{"a":0,"k":[1,1,1,1],"ix":4},"o":{"a":0,"k":100,"ix":5},"r":1,"bm":0,"nm":"Fill 1","mn":"ADBE Vector Graphic - Fill","hd":false},{"ty":"tr","p":{"a":0,"k":[271,251.216],"ix":2},"a":{"a":0,"k":[0,0],"ix":1},"s":{"a":0,"k":[100,100],"ix":3},"r":{"a":0,"k":0,"ix":6},"o":{"a":0,"k":100,"ix":7},"sk":{"a":0,"k":0,"ix":4},"sa":{"a":0,"k":0,"ix":5},"nm":"Transform"}],"nm":"Group 1","np":3,"cix":2,"bm":0,"ix":1,"mn":"ADBE Vector Group","hd":false}],"ip":0,"op":1800,"st":0,"ct":1,"bm":0},{"ddd":0,"ind":3,"ty":4,"nm":"Calque 3 Outlines 2","parent":1,"sr":1,"ks":{"o":{"a":1,"k":[{"i":{"x":[0.833],"y":[0.833]},"o":{"x":[0.167],"y":[0.167]},"t":110,"s":[100]},{"t":132,"s":[0]}],"ix":11},"r":{"a":0,"k":0,"ix":10},"p":{"a":0,"k":[0,0,0],"ix":2,"l":2},"a":{"a":0,"k":[384,364,0],"ix":1,"l":2},"s":{"a":0,"k":[100,100,100],"ix":6,"l":2}},"ao":0,"shapes":[{"ty":"gr","it":[{"ind":0,"ty":"sh","ix":1,"ks":{"a":0,"k":{"i":[[-0.939,-2.772],[0,0],[0,0],[2.458,-1.712],[0,0],[0,0],[2.424,1.689],[0,0],[0,0],[-0.948,2.798],[0,0],[0,0],[-2.996,0],[0,0],[0,0]],"o":[[0,0],[0,0],[2.996,0],[0,0],[0,0],[0.948,2.798],[0,0],[0,0],[-2.424,1.689],[0,0],[0,0],[-2.458,-1.712],[0,0],[0,0],[0.939,-2.772]],"v":[[2.899,-210.466],[89.805,-85.927],[229.192,-52.528],[230.942,-46.956],[124.666,50.374],[144.686,208.057],[140.037,211.55],[0,147.37],[-140.037,211.55],[-144.686,208.057],[-124.666,50.374],[-230.942,-46.956],[-229.192,-52.528],[-89.805,-85.927],[-2.899,-210.466]],"c":true},"ix":2},"nm":"Path 1","mn":"ADBE Vector Shape - Group","hd":false},{"ty":"st","c":{"a":0,"k":[0.512362132353,0.512362132353,0.512362132353,1],"ix":3},"o":{"a":0,"k":100,"ix":4},"w":{"a":0,"k":60,"ix":5},"lc":1,"lj":1,"ml":10,"bm":0,"nm":"Stroke 1","mn":"ADBE Vector Graphic - Stroke","hd":false},{"ty":"tr","p":{"a":0,"k":[384,364.216],"ix":2},"a":{"a":0,"k":[0,0],"ix":1},"s":{"a":0,"k":[100,100],"ix":3},"r":{"a":0,"k":0,"ix":6},"o":{"a":0,"k":100,"ix":7},"sk":{"a":0,"k":0,"ix":4},"sa":{"a":0,"k":0,"ix":5},"nm":"Transform"}],"nm":"Group 1","np":3,"cix":2,"bm":0,"ix":1,"mn":"ADBE Vector Group","hd":false},{"ty":"tm","s":{"a":1,"k":[{"i":{"x":[0.373],"y":[1]},"o":{"x":[0.596],"y":[0]},"t":0,"s":[100]},{"t":61,"s":[0]}],"ix":1},"e":{"a":1,"k":[{"i":{"x":[0.221],"y":[1]},"o":{"x":[0.386],"y":[0]},"t":0,"s":[100]},{"t":61,"s":[100]}],"ix":2},"o":{"a":0,"k":0,"ix":3},"m":1,"ix":2,"nm":"Trim Paths 1","mn":"ADBE Vector Filter - Trim","hd":false},{"ty":"st","c":{"a":0,"k":[0.512362132353,0.512362132353,0.512362132353,1],"ix":3},"o":{"a":0,"k":100,"ix":4},"w":{"a":0,"k":2,"ix":5},"lc":1,"lj":1,"ml":4,"bm":0,"nm":"Stroke 2","mn":"ADBE Vector Graphic - Stroke","hd":false},{"ty":"st","c":{"a":0,"k":[0.512362132353,0.512362132353,0.512362132353,1],"ix":3},"o":{"a":0,"k":100,"ix":4},"w":{"a":0,"k":2,"ix":5},"lc":1,"lj":1,"ml":4,"bm":0,"nm":"Stroke 1","mn":"ADBE Vector Graphic - Stroke","hd":false}],"ip":0,"op":1800,"st":0,"ct":1,"bm":0},{"ddd":0,"ind":4,"ty":4,"nm":"Calque 3 Outlines","parent":1,"sr":1,"ks":{"o":{"a":0,"k":100,"ix":11},"r":{"a":0,"k":0,"ix":10},"p":{"a":0,"k":[0,0,0],"ix":2,"l":2},"a":{"a":0,"k":[384,364,0],"ix":1,"l":2},"s":{"a":0,"k":[100,100,100],"ix":6,"l":2}},"ao":0,"shapes":[{"ty":"gr","it":[{"ind":0,"ty":"sh","ix":1,"ks":{"a":0,"k":{"i":[[-0.939,-2.772],[0,0],[0,0],[2.458,-1.712],[0,0],[0,0],[2.424,1.689],[0,0],[0,0],[-0.948,2.798],[0,0],[0,0],[-2.996,0],[0,0],[0,0]],"o":[[0,0],[0,0],[2.996,0],[0,0],[0,0],[0.948,2.798],[0,0],[0,0],[-2.424,1.689],[0,0],[0,0],[-2.458,-1.712],[0,0],[0,0],[0.939,-2.772]],"v":[[2.899,-210.466],[89.805,-85.927],[229.192,-52.528],[230.942,-46.956],[124.666,50.374],[144.686,208.057],[140.037,211.55],[0,147.37],[-140.037,211.55],[-144.686,208.057],[-124.666,50.374],[-230.942,-46.956],[-229.192,-52.528],[-89.805,-85.927],[-2.899,-210.466]],"c":true},"ix":2},"nm":"Path 1","mn":"ADBE Vector Shape - Group","hd":false},{"ty":"st","c":{"a":0,"k":[0.065493205949,0.056915324342,0.059409930659,1],"ix":3},"o":{"a":0,"k":100,"ix":4},"w":{"a":0,"k":60,"ix":5},"lc":1,"lj":1,"ml":10,"bm":0,"nm":"Stroke 1","mn":"ADBE Vector Graphic - Stroke","hd":false},{"ty":"fl","c":{"a":0,"k":[0.97277879902,0.848321413526,0.181571526621,1],"ix":4},"o":{"a":0,"k":100,"ix":5},"r":1,"bm":0,"nm":"Fill 1","mn":"ADBE Vector Graphic - Fill","hd":false},{"ty":"tr","p":{"a":0,"k":[384,364.216],"ix":2},"a":{"a":0,"k":[0,0],"ix":1},"s":{"a":0,"k":[100,100],"ix":3},"r":{"a":0,"k":0,"ix":6},"o":{"a":0,"k":100,"ix":7},"sk":{"a":0,"k":0,"ix":4},"sa":{"a":0,"k":0,"ix":5},"nm":"Transform"}],"nm":"Group 1","np":3,"cix":2,"bm":0,"ix":1,"mn":"ADBE Vector Group","hd":false}],"ip":0,"op":1800,"st":0,"ct":1,"bm":0},{"ddd":0,"ind":5,"ty":1,"nm":".hitbox","cl":"hitbox","sr":1,"ks":{"o":{"a":0,"k":100,"ix":11},"r":{"a":0,"k":0,"ix":10},"p":{"a":0,"k":[540,540,0],"ix":2,"l":2},"a":{"a":0,"k":[540,540,0],"ix":1,"l":2},"s":{"a":0,"k":[53.704,53.704,100],"ix":6,"l":2}},"ao":0,"sw":1080,"sh":1080,"sc":"#ffffff","ip":0,"op":1800,"st":0,"bm":0}]},{"id":"comp_1","nm":"ATF_Standard","fr":60,"layers":[{"ddd":0,"ind":1,"ty":4,"nm":"Calque 2/Add_to_favorite_2 Outlines 2","sr":1,"ks":{"o":{"a":0,"k":100,"ix":11},"r":{"a":0,"k":0,"ix":10},"p":{"a":0,"k":[540,540,0],"ix":2,"l":2},"a":{"a":0,"k":[271,251,0],"ix":1,"l":2},"s":{"a":1,"k":[{"i":{"x":[0.285,0.285,0.667],"y":[1,1,1]},"o":{"x":[1,1,0.333],"y":[0,0,0]},"t":112,"s":[111,111,100]},{"i":{"x":[0.169,0.169,0.667],"y":[1,1,1]},"o":{"x":[0.573,0.573,0.333],"y":[0,0,0]},"t":118,"s":[116,116,100]},{"t":135,"s":[0,0,100]}],"ix":6,"l":2}},"ao":0,"shapes":[{"ty":"gr","it":[{"ind":0,"ty":"sh","ix":1,"ks":{"a":0,"k":{"i":[[-0.939,-2.772],[0,0],[0,0],[2.458,-1.712],[0,0],[0,0],[2.424,1.689],[0,0],[0,0],[-0.948,2.798],[0,0],[0,0],[-2.996,0],[0,0],[0,0]],"o":[[0,0],[0,0],[2.996,0],[0,0],[0,0],[0.948,2.798],[0,0],[0,0],[-2.424,1.689],[0,0],[0,0],[-2.458,-1.712],[0,0],[0,0],[0.939,-2.772]],"v":[[2.899,-210.467],[89.805,-85.927],[229.192,-52.528],[230.942,-46.956],[124.666,50.373],[144.686,208.057],[140.037,211.549],[0,147.37],[-140.037,211.549],[-144.686,208.057],[-124.666,50.373],[-230.942,-46.956],[-229.192,-52.528],[-89.805,-85.927],[-2.899,-210.467]],"c":true},"ix":2},"nm":"Path 1","mn":"ADBE Vector Shape - Group","hd":false},{"ty":"st","c":{"a":0,"k":[1,1,1,1],"ix":3},"o":{"a":0,"k":100,"ix":4},"w":{"a":1,"k":[{"i":{"x":[0.505],"y":[1]},"o":{"x":[0.886],"y":[0]},"t":71,"s":[0]},{"t":87,"s":[15]}],"ix":5},"lc":1,"lj":1,"ml":10,"bm":0,"nm":"Stroke 1","mn":"ADBE Vector Graphic - Stroke","hd":false},{"ty":"fl","c":{"a":0,"k":[1,0.827297794118,0,1],"ix":4},"o":{"a":0,"k":100,"ix":5},"r":1,"bm":0,"nm":"Fill 1","mn":"ADBE Vector Graphic - Fill","hd":false},{"ty":"tr","p":{"a":0,"k":[270.9,250.739],"ix":2},"a":{"a":0,"k":[0,0],"ix":1},"s":{"a":0,"k":[100,100],"ix":3},"r":{"a":0,"k":0,"ix":6},"o":{"a":0,"k":100,"ix":7},"sk":{"a":0,"k":0,"ix":4},"sa":{"a":0,"k":0,"ix":5},"nm":"Transform"}],"nm":"Group 1","np":3,"cix":2,"bm":0,"ix":1,"mn":"ADBE Vector Group","hd":false}],"ip":52,"op":1838,"st":38,"ct":1,"bm":0},{"ddd":0,"ind":2,"ty":4,"nm":"Calque 1/Add_to_favorite_2 Outlines","sr":1,"ks":{"o":{"a":0,"k":100,"ix":11},"r":{"a":0,"k":0,"ix":10},"p":{"a":0,"k":[540,540,0],"ix":2,"l":2},"a":{"a":0,"k":[383.5,363.5,0],"ix":1,"l":2},"s":{"a":0,"k":[111,111,100],"ix":6,"l":2}},"ao":0,"shapes":[{"ty":"gr","it":[{"ind":0,"ty":"sh","ix":1,"ks":{"a":0,"k":{"i":[[-0.939,-2.772],[0,0],[0,0],[2.458,-1.712],[0,0],[0,0],[2.424,1.689],[0,0],[0,0],[-0.948,2.798],[0,0],[0,0],[-2.996,0],[0,0],[0,0]],"o":[[0,0],[0,0],[2.996,0],[0,0],[0,0],[0.948,2.798],[0,0],[0,0],[-2.424,1.689],[0,0],[0,0],[-2.458,-1.712],[0,0],[0,0],[0.939,-2.772]],"v":[[2.899,-210.467],[89.805,-85.927],[229.192,-52.528],[230.942,-46.956],[124.666,50.373],[144.686,208.057],[140.037,211.549],[0,147.37],[-140.037,211.549],[-144.686,208.057],[-124.666,50.373],[-230.942,-46.956],[-229.192,-52.528],[-89.805,-85.927],[-2.899,-210.467]],"c":true},"ix":2},"nm":"Path 1","mn":"ADBE Vector Shape - Group","hd":false},{"ty":"st","c":{"a":0,"k":[1,0.827450980392,0,1],"ix":3},"o":{"a":0,"k":100,"ix":4},"w":{"a":1,"k":[{"i":{"x":[0.214],"y":[1]},"o":{"x":[0.333],"y":[0.216]},"t":52,"s":[0]},{"i":{"x":[0.771],"y":[1]},"o":{"x":[0.694],"y":[0]},"t":66,"s":[84]},{"i":{"x":[0],"y":[0.587]},"o":{"x":[0.212],"y":[0]},"t":76,"s":[16]},{"t":87,"s":[61]}],"ix":5},"lc":1,"lj":1,"ml":10,"bm":0,"nm":"Stroke 1","mn":"ADBE Vector Graphic - Stroke","hd":false},{"ty":"fl","c":{"a":0,"k":[1,1,1,1],"ix":4},"o":{"a":0,"k":100,"ix":5},"r":1,"bm":0,"nm":"Fill 1","mn":"ADBE Vector Graphic - Fill","hd":false},{"ty":"tr","p":{"a":0,"k":[383.4,363.239],"ix":2},"a":{"a":0,"k":[0,0],"ix":1},"s":{"a":0,"k":[100,100],"ix":3},"r":{"a":0,"k":0,"ix":6},"o":{"a":0,"k":100,"ix":7},"sk":{"a":0,"k":0,"ix":4},"sa":{"a":0,"k":0,"ix":5},"nm":"Transform"}],"nm":"Group 1","np":3,"cix":2,"bm":0,"ix":1,"mn":"ADBE Vector Group","hd":false}],"ip":52,"op":87,"st":52,"ct":1,"bm":0},{"ddd":0,"ind":3,"ty":4,"nm":"Calque 4 Outlines","sr":1,"ks":{"o":{"a":0,"k":100,"ix":11},"r":{"a":0,"k":0,"ix":10},"p":{"a":0,"k":[540,540,0],"ix":2,"l":2},"a":{"a":0,"k":[271,251,0],"ix":1,"l":2},"s":{"a":0,"k":[111,111,100],"ix":6,"l":2}},"ao":0,"shapes":[{"ty":"gr","it":[{"ind":0,"ty":"sh","ix":1,"ks":{"a":0,"k":{"i":[[-0.939,-2.772],[0,0],[0,0],[2.458,-1.712],[0,0],[0,0],[2.424,1.689],[0,0],[0,0],[-0.948,2.798],[0,0],[0,0],[-2.996,0],[0,0],[0,0]],"o":[[0,0],[0,0],[2.996,0],[0,0],[0,0],[0.948,2.798],[0,0],[0,0],[-2.424,1.689],[0,0],[0,0],[-2.458,-1.712],[0,0],[0,0],[0.939,-2.772]],"v":[[2.899,-210.467],[89.805,-85.927],[229.192,-52.528],[230.942,-46.956],[124.666,50.373],[144.686,208.057],[140.037,211.549],[0,147.37],[-140.037,211.549],[-144.686,208.057],[-124.666,50.373],[-230.942,-46.956],[-229.192,-52.528],[-89.805,-85.927],[-2.899,-210.467]],"c":true},"ix":2},"nm":"Path 1","mn":"ADBE Vector Shape - Group","hd":false},{"ty":"st","c":{"a":0,"k":[1,0.999998863071,1,1],"ix":3},"o":{"a":0,"k":100,"ix":4},"w":{"a":0,"k":15,"ix":5},"lc":1,"lj":1,"ml":10,"bm":0,"nm":"Stroke 1","mn":"ADBE Vector Graphic - Stroke","hd":false},{"ty":"fl","c":{"a":0,"k":[1,1,1,1],"ix":4},"o":{"a":0,"k":100,"ix":5},"r":1,"bm":0,"nm":"Fill 1","mn":"ADBE Vector Graphic - Fill","hd":false},{"ty":"tr","p":{"a":0,"k":[271,251.216],"ix":2},"a":{"a":0,"k":[0,0],"ix":1},"s":{"a":0,"k":[100,100],"ix":3},"r":{"a":0,"k":0,"ix":6},"o":{"a":0,"k":100,"ix":7},"sk":{"a":0,"k":0,"ix":4},"sa":{"a":0,"k":0,"ix":5},"nm":"Transform"}],"nm":"Group 1","np":3,"cix":2,"bm":0,"ix":1,"mn":"ADBE Vector Group","hd":false}],"ip":0,"op":1800,"st":0,"ct":1,"bm":0},{"ddd":0,"ind":4,"ty":4,"nm":"Calque 3 Outlines 3","sr":1,"ks":{"o":{"a":0,"k":100,"ix":11},"r":{"a":0,"k":0,"ix":10},"p":{"a":0,"k":[540,540,0],"ix":2,"l":2},"a":{"a":0,"k":[384,364,0],"ix":1,"l":2},"s":{"a":0,"k":[111,111,100],"ix":6,"l":2}},"ao":0,"shapes":[{"ty":"gr","it":[{"ind":0,"ty":"sh","ix":1,"ks":{"a":0,"k":{"i":[[-0.939,-2.772],[0,0],[0,0],[2.458,-1.712],[0,0],[0,0],[2.424,1.689],[0,0],[0,0],[-0.948,2.798],[0,0],[0,0],[-2.996,0],[0,0],[0,0]],"o":[[0,0],[0,0],[2.996,0],[0,0],[0,0],[0.948,2.798],[0,0],[0,0],[-2.424,1.689],[0,0],[0,0],[-2.458,-1.712],[0,0],[0,0],[0.939,-2.772]],"v":[[2.899,-210.466],[89.805,-85.927],[229.192,-52.528],[230.942,-46.956],[124.666,50.374],[144.686,208.057],[140.037,211.55],[0,147.37],[-140.037,211.55],[-144.686,208.057],[-124.666,50.374],[-230.942,-46.956],[-229.192,-52.528],[-89.805,-85.927],[-2.899,-210.466]],"c":true},"ix":2},"nm":"Path 1","mn":"ADBE Vector Shape - Group","hd":false},{"ty":"st","c":{"a":0,"k":[0,0,0,1],"ix":3},"o":{"a":0,"k":100,"ix":4},"w":{"a":0,"k":60,"ix":5},"lc":1,"lj":1,"ml":10,"bm":0,"nm":"Stroke 1","mn":"ADBE Vector Graphic - Stroke","hd":false},{"ty":"fl","c":{"a":0,"k":[0.97277879902,0.848321413526,0.181571526621,1],"ix":4},"o":{"a":0,"k":100,"ix":5},"r":1,"bm":0,"nm":"Fill 1","mn":"ADBE Vector Graphic - Fill","hd":false},{"ty":"tr","p":{"a":0,"k":[384,364.216],"ix":2},"a":{"a":0,"k":[0,0],"ix":1},"s":{"a":0,"k":[100,100],"ix":3},"r":{"a":0,"k":0,"ix":6},"o":{"a":0,"k":100,"ix":7},"sk":{"a":0,"k":0,"ix":4},"sa":{"a":0,"k":0,"ix":5},"nm":"Transform"}],"nm":"Group 1","np":3,"cix":2,"bm":0,"ix":1,"mn":"ADBE Vector Group","hd":false}],"ip":135,"op":1800,"st":0,"ct":1,"bm":0},{"ddd":0,"ind":5,"ty":4,"nm":"Calque 3 Outlines 2","sr":1,"ks":{"o":{"a":0,"k":100,"ix":11},"r":{"a":0,"k":0,"ix":10},"p":{"a":0,"k":[540,540,0],"ix":2,"l":2},"a":{"a":0,"k":[384,364,0],"ix":1,"l":2},"s":{"a":0,"k":[111,111,100],"ix":6,"l":2}},"ao":0,"shapes":[{"ty":"gr","it":[{"ind":0,"ty":"sh","ix":1,"ks":{"a":0,"k":{"i":[[-0.939,-2.772],[0,0],[0,0],[2.458,-1.712],[0,0],[0,0],[2.424,1.689],[0,0],[0,0],[-0.948,2.798],[0,0],[0,0],[-2.996,0],[0,0],[0,0]],"o":[[0,0],[0,0],[2.996,0],[0,0],[0,0],[0.948,2.798],[0,0],[0,0],[-2.424,1.689],[0,0],[0,0],[-2.458,-1.712],[0,0],[0,0],[0.939,-2.772]],"v":[[2.899,-210.466],[89.805,-85.927],[229.192,-52.528],[230.942,-46.956],[124.666,50.374],[144.686,208.057],[140.037,211.55],[0,147.37],[-140.037,211.55],[-144.686,208.057],[-124.666,50.374],[-230.942,-46.956],[-229.192,-52.528],[-89.805,-85.927],[-2.899,-210.466]],"c":true},"ix":2},"nm":"Path 1","mn":"ADBE Vector Shape - Group","hd":false},{"ty":"st","c":{"a":0,"k":[1,0.827450980392,0,1],"ix":3},"o":{"a":0,"k":100,"ix":4},"w":{"a":0,"k":60,"ix":5},"lc":1,"lj":1,"ml":10,"bm":0,"nm":"Stroke 1","mn":"ADBE Vector Graphic - Stroke","hd":false},{"ty":"fl","c":{"a":0,"k":[0.97277879902,0.848321413526,0.181571526621,1],"ix":4},"o":{"a":0,"k":100,"ix":5},"r":1,"bm":0,"nm":"Fill 1","mn":"ADBE Vector Graphic - Fill","hd":false},{"ty":"tr","p":{"a":0,"k":[384,364.216],"ix":2},"a":{"a":0,"k":[0,0],"ix":1},"s":{"a":0,"k":[100,100],"ix":3},"r":{"a":0,"k":0,"ix":6},"o":{"a":0,"k":100,"ix":7},"sk":{"a":0,"k":0,"ix":4},"sa":{"a":0,"k":0,"ix":5},"nm":"Transform"}],"nm":"Group 1","np":3,"cix":2,"bm":0,"ix":1,"mn":"ADBE Vector Group","hd":false}],"ip":72,"op":135,"st":0,"ct":1,"bm":0},{"ddd":0,"ind":6,"ty":4,"nm":"Calque 3 Outlines","sr":1,"ks":{"o":{"a":0,"k":100,"ix":11},"r":{"a":0,"k":0,"ix":10},"p":{"a":0,"k":[540,540,0],"ix":2,"l":2},"a":{"a":0,"k":[384,364,0],"ix":1,"l":2},"s":{"a":0,"k":[111,111,100],"ix":6,"l":2}},"ao":0,"shapes":[{"ty":"gr","it":[{"ind":0,"ty":"sh","ix":1,"ks":{"a":0,"k":{"i":[[-0.939,-2.772],[0,0],[0,0],[2.458,-1.712],[0,0],[0,0],[2.424,1.689],[0,0],[0,0],[-0.948,2.798],[0,0],[0,0],[-2.996,0],[0,0],[0,0]],"o":[[0,0],[0,0],[2.996,0],[0,0],[0,0],[0.948,2.798],[0,0],[0,0],[-2.424,1.689],[0,0],[0,0],[-2.458,-1.712],[0,0],[0,0],[0.939,-2.772]],"v":[[2.899,-210.466],[89.805,-85.927],[229.192,-52.528],[230.942,-46.956],[124.666,50.374],[144.686,208.057],[140.037,211.55],[0,147.37],[-140.037,211.55],[-144.686,208.057],[-124.666,50.374],[-230.942,-46.956],[-229.192,-52.528],[-89.805,-85.927],[-2.899,-210.466]],"c":true},"ix":2},"nm":"Path 1","mn":"ADBE Vector Shape - Group","hd":false},{"ty":"st","c":{"a":0,"k":[0.065493205949,0.056915324342,0.059409930659,1],"ix":3},"o":{"a":0,"k":100,"ix":4},"w":{"a":0,"k":60,"ix":5},"lc":1,"lj":1,"ml":10,"bm":0,"nm":"Stroke 1","mn":"ADBE Vector Graphic - Stroke","hd":false},{"ty":"fl","c":{"a":0,"k":[0.97277879902,0.848321413526,0.181571526621,1],"ix":4},"o":{"a":0,"k":100,"ix":5},"r":1,"bm":0,"nm":"Fill 1","mn":"ADBE Vector Graphic - Fill","hd":false},{"ty":"tr","p":{"a":0,"k":[384,364.216],"ix":2},"a":{"a":0,"k":[0,0],"ix":1},"s":{"a":0,"k":[100,100],"ix":3},"r":{"a":0,"k":0,"ix":6},"o":{"a":0,"k":100,"ix":7},"sk":{"a":0,"k":0,"ix":4},"sa":{"a":0,"k":0,"ix":5},"nm":"Transform"}],"nm":"Group 1","np":3,"cix":2,"bm":0,"ix":1,"mn":"ADBE Vector Group","hd":false}],"ip":0,"op":72,"st":0,"ct":1,"bm":0}]}],"layers":[{"ddd":0,"ind":1,"ty":0,"nm":"ATF_Hover","refId":"comp_0","sr":1,"ks":{"o":{"a":0,"k":100,"ix":11},"r":{"a":0,"k":0,"ix":10},"p":{"a":0,"k":[540,540,0],"ix":2,"l":2},"a":{"a":0,"k":[540,540,0],"ix":1,"l":2},"s":{"a":0,"k":[100,100,100],"ix":6,"l":2}},"ao":0,"w":1080,"h":1080,"ip":0,"op":203,"st":0,"bm":0},{"ddd":0,"ind":2,"ty":0,"nm":"ATF_Standard","refId":"comp_1","sr":1,"ks":{"o":{"a":0,"k":100,"ix":11},"r":{"a":0,"k":0,"ix":10},"p":{"a":0,"k":[540,540,0],"ix":2,"l":2},"a":{"a":0,"k":[540,540,0],"ix":1,"l":2},"s":{"a":0,"k":[100,100,100],"ix":6,"l":2}},"ao":0,"w":1080,"h":1080,"ip":289,"op":2089,"st":289,"bm":0}],"markers":[{"tm":0,"cm":"hover-start","dr":0},{"tm":62,"cm":"hover-end","dr":0},{"tm":69,"cm":"is-hovered-start","dr":0},{"tm":70,"cm":"is-hovered-end","dr":0},{"tm":108,"cm":"leave-start","dr":0},{"tm":131,"cm":"leave-end","dr":0},{"tm":340,"cm":"on-start","dr":0},{"tm":379,"cm":"on-end","dr":0},{"tm":397,"cm":"active-start\r","dr":0},{"tm":398,"cm":"active-on","dr":0},{"tm":406,"cm":"off-start","dr":0},{"tm":424,"cm":"off-end","dr":0}],"props":{}}