{"v":"5.12.1","fr":60,"ip":0,"op":570,"w":1080,"h":1080,"nm":"unexpected","ddd":0,"assets":[{"id":"comp_0","nm":"checkbox-laser","fr":60,"layers":[{"ddd":0,"ind":1,"ty":4,"nm":".checkbox-outline","cl":"checkbox-outline","sr":1,"ks":{"o":{"a":0,"k":100,"ix":11},"r":{"a":0,"k":0,"ix":10},"p":{"a":0,"k":[128,128,0],"ix":2,"l":2},"a":{"a":0,"k":[-30.592,-28.502,0],"ix":1,"l":2},"s":{"a":0,"k":[159.841,167.537,100],"ix":6,"l":2}},"ao":0,"shapes":[{"ty":"gr","it":[{"ty":"rc","d":1,"s":{"a":0,"k":[59.188,59.187],"ix":2},"p":{"a":0,"k":[0,0],"ix":3},"r":{"a":0,"k":13,"ix":4},"nm":"Rectangle Path 1","mn":"ADBE Vector Shape - Rect","hd":false},{"ty":"st","c":{"a":0,"k":[0,0,0,1],"ix":3},"o":{"a":0,"k":100,"ix":4},"w":{"a":0,"k":5,"ix":5},"lc":1,"lj":1,"ml":4,"bm":0,"nm":"Stroke 1","mn":"ADBE Vector Graphic - Stroke","hd":false},{"ty":"tr","p":{"a":0,"k":[-30.592,-28.502],"ix":2},"a":{"a":0,"k":[0,0],"ix":1},"s":{"a":0,"k":[100,100],"ix":3},"r":{"a":0,"k":0,"ix":6},"o":{"a":0,"k":100,"ix":7},"sk":{"a":0,"k":0,"ix":4},"sa":{"a":0,"k":0,"ix":5},"nm":"Transform"}],"nm":"Rectangle 1","np":3,"cix":2,"bm":0,"ix":1,"mn":"ADBE Vector Group","hd":false}],"ip":0,"op":600,"st":-156,"ct":1,"bm":0},{"ddd":0,"ind":2,"ty":4,"nm":".check","cl":"check","sr":1,"ks":{"o":{"a":1,"k":[{"i":{"x":[0.833],"y":[0.833]},"o":{"x":[0.167],"y":[0.167]},"t":342,"s":[100]},{"t":380,"s":[0]}],"ix":11},"r":{"a":0,"k":0,"ix":10},"p":{"a":0,"k":[298.759,125.612,0],"ix":2,"l":2},"a":{"a":0,"k":[0,0,0],"ix":1,"l":2},"s":{"a":0,"k":[101.062,95.627,100],"ix":6,"l":2}},"ao":0,"shapes":[{"ty":"gr","it":[{"ind":0,"ty":"sh","ix":1,"ks":{"a":0,"k":{"i":[[0,0],[0,0],[0,0]],"o":[[0,0],[0,0],[0,0]],"v":[[-194.375,2.375],[-179.929,27.891],[-143.071,-22.766]],"c":false},"ix":2},"nm":"Path 1","mn":"ADBE Vector Shape - Group","hd":false},{"ty":"st","c":{"a":1,"k":[{"i":{"x":[0.833],"y":[0.833]},"o":{"x":[0.167],"y":[0.167]},"t":298,"s":[0.155606716871,1,0,1]},{"i":{"x":[0.833],"y":[0.833]},"o":{"x":[0.167],"y":[0.167]},"t":315,"s":[0.115420233035,0.741743259804,0,1]},{"t":342,"s":[0,0,0,1]}],"ix":3},"o":{"a":0,"k":100,"ix":4},"w":{"a":0,"k":14,"ix":5},"lc":2,"lj":2,"bm":0,"nm":"Stroke 1","mn":"ADBE Vector Graphic - Stroke","hd":false},{"ty":"tr","p":{"a":0,"k":[0,0],"ix":2},"a":{"a":0,"k":[0,0],"ix":1},"s":{"a":0,"k":[100,100],"ix":3},"r":{"a":0,"k":0,"ix":6},"o":{"a":0,"k":100,"ix":7},"sk":{"a":0,"k":0,"ix":4},"sa":{"a":0,"k":0,"ix":5},"nm":"Transform"}],"nm":"Shape 1","np":3,"cix":2,"bm":0,"ix":1,"mn":"ADBE Vector Group","hd":false},{"ty":"tm","s":{"a":0,"k":0,"ix":1},"e":{"a":1,"k":[{"i":{"x":[0.42],"y":[1]},"o":{"x":[0.35],"y":[0]},"t":289,"s":[0]},{"t":308,"s":[100]}],"ix":2},"o":{"a":0,"k":0,"ix":3},"m":1,"ix":2,"nm":"Trim Paths 1","mn":"ADBE Vector Filter - Trim","hd":false}],"ip":0,"op":600,"st":-96,"ct":1,"bm":0},{"ddd":0,"ind":3,"ty":4,"nm":".checkbox 3","cl":"checkbox","parent":1,"sr":1,"ks":{"o":{"a":0,"k":100,"ix":11},"r":{"a":0,"k":0,"ix":10},"p":{"a":0,"k":[-27.906,-28.502,0],"ix":2,"l":2},"a":{"a":0,"k":[-27.906,-28.502,0],"ix":1,"l":2},"s":{"a":0,"k":[100,100,100],"ix":6,"l":2}},"ao":0,"shapes":[{"ty":"gr","it":[{"ty":"rc","d":1,"s":{"a":0,"k":[59.188,59.187],"ix":2},"p":{"a":0,"k":[0,0],"ix":3},"r":{"a":0,"k":13,"ix":4},"nm":"Rectangle Path 1","mn":"ADBE Vector Shape - Rect","hd":false},{"ty":"st","c":{"a":0,"k":[0,0,0,1],"ix":3},"o":{"a":0,"k":100,"ix":4},"w":{"a":0,"k":5,"ix":5},"lc":1,"lj":1,"ml":4,"bm":0,"nm":"Stroke 1","mn":"ADBE Vector Graphic - Stroke","hd":false},{"ty":"fl","c":{"a":0,"k":[1,1,1,1],"ix":4},"o":{"a":0,"k":100,"ix":5},"r":1,"bm":0,"nm":"Fill 1","mn":"ADBE Vector Graphic - Fill","hd":false},{"ty":"tr","p":{"a":0,"k":[-30.592,-28.502],"ix":2},"a":{"a":0,"k":[0,0],"ix":1},"s":{"a":0,"k":[100,100],"ix":3},"r":{"a":0,"k":0,"ix":6},"o":{"a":0,"k":100,"ix":7},"sk":{"a":0,"k":0,"ix":4},"sa":{"a":0,"k":0,"ix":5},"nm":"Transform"}],"nm":"Rectangle 1","np":3,"cix":2,"bm":0,"ix":1,"mn":"ADBE Vector Group","hd":false}],"ip":0,"op":600,"st":-156,"ct":1,"bm":0}]}],"fonts":{"list":[{"fName":"Arial-Black","fFamily":"Arial Black","fStyle":"Regular","ascent":71.5988159179688}]},"layers":[{"ddd":0,"ind":1,"ty":3,"nm":"Shape Layer 1: Path 1 [1.1.0]","cl":"1 0","sr":1,"ks":{"o":{"a":0,"k":0,"ix":11},"r":{"a":0,"k":0,"ix":10},"p":{"a":0,"k":[778.125,618,0],"ix":2,"l":2},"a":{"a":0,"k":[0,0,0],"ix":1,"l":2},"s":{"a":0,"k":[100,100,100],"ix":6,"l":2}},"ao":0,"ip":0,"op":348,"st":0,"bm":0},{"ddd":0,"ind":2,"ty":3,"nm":"mouv_laser","sr":1,"ks":{"o":{"a":0,"k":0,"ix":11},"r":{"a":0,"k":0,"ix":10},"p":{"a":1,"k":[{"i":{"x":0.667,"y":1},"o":{"x":0.333,"y":0},"t":288,"s":[320.463,481.45,0],"to":[0,0,0],"ti":[0,0,0]},{"i":{"x":0.667,"y":0.909},"o":{"x":0.333,"y":0},"t":294,"s":[336.463,506.95,0],"to":[0,0,0],"ti":[0,0,0]},{"i":{"x":0.667,"y":1},"o":{"x":0.333,"y":0.558},"t":297,"s":[355.982,482.097,0],"to":[0,0,0],"ti":[0,0,0]},{"i":{"x":0.667,"y":1},"o":{"x":0.333,"y":0},"t":312,"s":[369.963,460.45,0],"to":[0,0,0],"ti":[0,0,0]},{"t":325,"s":[373.588,455.575,0]}],"ix":2,"l":2},"a":{"a":0,"k":[0,0,0],"ix":1,"l":2},"s":{"a":0,"k":[54,60,100],"ix":6,"l":2}},"ao":0,"ip":0,"op":348,"st":0,"bm":0},{"ddd":0,"ind":3,"ty":5,"nm":"I am not a robot","parent":6,"sr":1,"ks":{"o":{"a":0,"k":100,"ix":11},"r":{"a":0,"k":0,"ix":10},"p":{"a":0,"k":[117.247,-28.667,0],"ix":2,"l":2},"a":{"a":0,"k":[5.918,-9.7,0],"ix":1,"l":2},"s":{"a":0,"k":[60.322,60.322,100],"ix":6,"l":2}},"ao":0,"t":{"d":{"k":[{"s":{"sz":[342.352935791016,47.0588188171387],"ps":[-161.176467895508,-23.5294094085693],"s":38,"f":"Arial-Black","t":"I am not a robot","ca":0,"j":0,"tr":0,"lh":45.6000022888184,"ls":0,"fc":[0,0,0]},"t":0}]},"p":{},"m":{"g":1,"a":{"a":0,"k":[0,0],"ix":2}},"a":[]},"ip":0,"op":599,"st":0,"ct":1,"bm":0},{"ddd":0,"ind":4,"ty":4,"nm":"laser","sr":1,"ks":{"o":{"a":0,"k":100,"ix":11},"r":{"a":0,"k":0,"ix":10},"p":{"a":0,"k":[540,540,0],"ix":2,"l":2},"a":{"a":0,"k":[0,0,0],"ix":1,"l":2},"s":{"a":0,"k":[97.542,98.423,100],"ix":6,"l":2}},"ao":0,"ef":[{"ty":5,"nm":"Shape Layer 1: Path 1 [1.1.0]","np":3,"mn":"ADBE Layer Control","ix":1,"en":1,"ef":[{"ty":10,"nm":"Layer","mn":"ADBE Layer Control-0001","ix":1,"v":{"a":0,"k":1,"ix":1}}]},{"ty":5,"nm":"Shape Layer 1: Path 1 [1.1.1]","np":3,"mn":"ADBE Layer Control","ix":2,"en":1,"ef":[{"ty":10,"nm":"Layer","mn":"ADBE Layer Control-0001","ix":1,"v":{"a":0,"k":2,"ix":1}}]}],"shapes":[{"ty":"gr","it":[{"ind":0,"ty":"sh","ix":1,"ks":{"a":0,"k":{"i":[[0,0],[0,0]],"o":[[0,0],[0,0]],"v":[[244.11,79.256],[-189.159,-60.235]],"c":false},"ix":2,"x":"var $bm_rt;\nvar nullLayerNames = [\n    'Shape Layer 1: Path 1 [1.1.0]',\n    'Shape Layer 1: Path 1 [1.1.1]'\n];\nvar origPath = thisProperty;\nvar origPoints = origPath.points();\nvar origInTang = origPath.inTangents();\nvar origOutTang = origPath.outTangents();\nvar getNullLayers = [];\nfor (var i = 0, il = nullLayerNames.length; i < il; i++) {\n    try {\n        getNullLayers.push(effect(nullLayerNames[i])('ADBE Layer Control-0001'));\n    } catch (err) {\n        getNullLayers.push(null);\n    }\n}\nfor (var i = 0, il = getNullLayers.length; i < il; i++) {\n    if (getNullLayers[i] != null && getNullLayers[i].index != thisLayer.index) {\n        origPoints[i] = fromCompToSurface(getNullLayers[i].toComp(getNullLayers[i].anchorPoint));\n    }\n}\n$bm_rt = createPath(origPoints, origInTang, origOutTang, origPath.isClosed());"},"nm":"Path 1","mn":"ADBE Vector Shape - Group","hd":false},{"ty":"st","c":{"a":0,"k":[0.142201532102,0.926761642157,0,1],"ix":3},"o":{"a":0,"k":100,"ix":4},"w":{"a":0,"k":10,"ix":5},"lc":2,"lj":1,"ml":4,"bm":0,"nm":"Stroke 1","mn":"ADBE Vector Graphic - Stroke","hd":false},{"ty":"fl","c":{"a":0,"k":[1,1,1,1],"ix":4},"o":{"a":0,"k":100,"ix":5},"r":1,"bm":0,"nm":"Fill 1","mn":"ADBE Vector Graphic - Fill","hd":false},{"ty":"tr","p":{"a":0,"k":[0,0],"ix":2},"a":{"a":0,"k":[0,0],"ix":1},"s":{"a":0,"k":[100,100],"ix":3},"r":{"a":0,"k":0,"ix":6},"o":{"a":0,"k":100,"ix":7},"sk":{"a":0,"k":0,"ix":4},"sa":{"a":0,"k":0,"ix":5},"nm":"Transform"}],"nm":"Shape 1","np":3,"cix":2,"bm":0,"ix":1,"mn":"ADBE Vector Group","hd":false},{"ty":"tm","s":{"a":0,"k":0,"ix":1},"e":{"a":1,"k":[{"i":{"x":[0.667],"y":[1]},"o":{"x":[0.333],"y":[0]},"t":267,"s":[0]},{"i":{"x":[0.681],"y":[27.794]},"o":{"x":[0.157],"y":[0]},"t":287,"s":[100]},{"i":{"x":[0.787],"y":[1]},"o":{"x":[0.433],"y":[0.076]},"t":335,"s":[100]},{"t":345,"s":[0]}],"ix":2},"o":{"a":0,"k":0,"ix":3},"m":1,"ix":2,"nm":"Trim Paths 1","mn":"ADBE Vector Filter - Trim","hd":false}],"ip":0,"op":348,"st":0,"ct":1,"bm":0},{"ddd":0,"ind":5,"ty":0,"nm":"checkbox-laser","parent":6,"refId":"comp_0","sr":1,"ks":{"o":{"a":0,"k":100,"ix":11},"r":{"a":0,"k":0,"ix":10},"p":{"a":0,"k":[-36.899,-29.795,0],"ix":2,"l":2},"a":{"a":0,"k":[128,128,0],"ix":1,"l":2},"s":{"a":0,"k":[59.688,59.688,100],"ix":6,"l":2}},"ao":0,"w":256,"h":256,"ip":0,"op":600,"st":0,"bm":0},{"ddd":0,"ind":6,"ty":4,"nm":".rectblanc","cl":"rectblanc","sr":1,"ks":{"o":{"a":0,"k":100,"ix":11},"r":{"a":0,"k":0,"ix":10},"p":{"s":true,"x":{"a":0,"k":539.858,"ix":3},"y":{"a":1,"k":[{"i":{"x":[0.578],"y":[1]},"o":{"x":[0.169],"y":[0]},"t":0,"s":[463.369]},{"i":{"x":[0.835],"y":[1]},"o":{"x":[0.411],"y":[0]},"t":30,"s":[469.369]},{"i":{"x":[1],"y":[1]},"o":{"x":[0.452],"y":[0]},"t":64,"s":[463.369]},{"i":{"x":[0.977],"y":[1]},"o":{"x":[0.452],"y":[0]},"t":76,"s":[450.033]},{"i":{"x":[0.833],"y":[1]},"o":{"x":[0.333],"y":[0]},"t":87,"s":[484.333]},{"i":{"x":[0.833],"y":[1]},"o":{"x":[0.167],"y":[0]},"t":539,"s":[484.333]},{"t":570,"s":[463.369]}],"ix":4}},"a":{"a":0,"k":[78.215,-28.402,0],"ix":1,"l":2},"s":{"a":0,"k":[167.537,167.537,100],"ix":6,"l":2}},"ao":0,"shapes":[{"ty":"gr","it":[{"ty":"rc","d":1,"s":{"a":0,"k":[334.992,102.414],"ix":2},"p":{"a":0,"k":[0,0],"ix":3},"r":{"a":0,"k":20,"ix":4},"nm":"Rectangle Path 1","mn":"ADBE Vector Shape - Rect","hd":false},{"ty":"st","c":{"a":0,"k":[0,0,0,1],"ix":3},"o":{"a":0,"k":100,"ix":4},"w":{"a":0,"k":5,"ix":5},"lc":1,"lj":1,"ml":4,"bm":0,"nm":"Stroke 1","mn":"ADBE Vector Graphic - Stroke","hd":false},{"ty":"fl","c":{"a":0,"k":[1,1,1,1],"ix":4},"o":{"a":0,"k":100,"ix":5},"r":1,"bm":0,"nm":"Fill 1","mn":"ADBE Vector Graphic - Fill","hd":false},{"ty":"tr","p":{"a":0,"k":[78.215,-28.402],"ix":2},"a":{"a":0,"k":[0,0],"ix":1},"s":{"a":0,"k":[100,100],"ix":3},"r":{"a":0,"k":0,"ix":6},"o":{"a":0,"k":100,"ix":7},"sk":{"a":0,"k":0,"ix":4},"sa":{"a":0,"k":0,"ix":5},"nm":"Transform"}],"nm":"Rectangle 1","np":3,"cix":2,"bm":0,"ix":1,"mn":"ADBE Vector Group","hd":false}],"ip":0,"op":600,"st":0,"ct":1,"bm":0},{"ddd":0,"ind":7,"ty":4,"nm":".rectnoir","cl":"rectnoir","sr":1,"ks":{"o":{"a":0,"k":100,"ix":11},"r":{"a":0,"k":0,"ix":10},"p":{"a":0,"k":[539.466,484.981,0],"ix":2,"l":2},"a":{"a":0,"k":[77.551,-54.463,0],"ix":1,"l":2},"s":{"a":0,"k":[167.537,167.537,100],"ix":6,"l":2}},"ao":0,"ef":[{"ty":34,"nm":"Puppet","np":6,"mn":"ADBE FreePin3","ix":1,"en":1,"ef":[{"ty":7,"nm":"Puppet Engine","mn":"ADBE FreePin3 Puppet Engine","ix":1,"v":{"a":0,"k":2,"ix":1}},{"ty":0,"nm":"Mesh Rotation Refinement","mn":"ADBE FreePin3 Auto Rotate Pins","ix":2,"v":{"a":0,"k":20,"ix":2}},{"ty":7,"nm":"On Transparent","mn":"ADBE FreePin3 On Transparent","ix":3,"v":{"a":0,"k":0,"ix":3}},{"ty":"","nm":"arap","np":3,"mn":"ADBE FreePin3 ARAP Group","ix":4,"en":1,"ef":[{"ty":6,"nm":"Auto-traced Shapes","mn":"ADBE FreePin3 Outlines","ix":1,"v":0},{"ty":"","nm":"Mesh","np":1,"mn":"ADBE FreePin3 Mesh Group","ix":2,"en":1,"ef":[]}]}]}],"shapes":[{"ty":"gr","it":[{"ty":"rc","d":1,"s":{"a":0,"k":[334.992,102.414],"ix":2},"p":{"a":0,"k":[0,0],"ix":3},"r":{"a":0,"k":20,"ix":4},"nm":"Rectangle Path 1","mn":"ADBE Vector Shape - Rect","hd":false},{"ty":"st","c":{"a":0,"k":[0,0,0,1],"ix":3},"o":{"a":0,"k":100,"ix":4},"w":{"a":0,"k":5,"ix":5},"lc":1,"lj":1,"ml":4,"bm":0,"nm":"Stroke 1","mn":"ADBE Vector Graphic - Stroke","hd":false},{"ty":"fl","c":{"a":0,"k":[0,0,0,1],"ix":4},"o":{"a":0,"k":100,"ix":5},"r":1,"bm":0,"nm":"Fill 1","mn":"ADBE Vector Graphic - Fill","hd":false},{"ty":"tr","p":{"a":0,"k":[77.551,-54.463],"ix":2},"a":{"a":0,"k":[0,0],"ix":1},"s":{"a":0,"k":[100,100],"ix":3},"r":{"a":0,"k":0,"ix":6},"o":{"a":0,"k":100,"ix":7},"sk":{"a":0,"k":0,"ix":4},"sa":{"a":0,"k":0,"ix":5},"nm":"Transform"}],"nm":"Rectangle 1","np":3,"cix":2,"bm":0,"ix":1,"mn":"ADBE Vector Group","hd":false}],"ip":0,"op":600,"st":0,"ct":1,"bm":0},{"ddd":0,"ind":8,"ty":4,"nm":"robot","sr":1,"ks":{"o":{"a":0,"k":100,"ix":11},"r":{"a":0,"k":0,"ix":10},"p":{"a":1,"k":[{"i":{"x":0.667,"y":1},"o":{"x":0.333,"y":0},"t":102,"s":[480,547,0],"to":[0,0,0],"ti":[0,0,0]},{"i":{"x":0.667,"y":0.667},"o":{"x":0.167,"y":0.167},"t":115,"s":[530,547,0],"to":[0,0,0],"ti":[0,0,0]},{"i":{"x":0.667,"y":1},"o":{"x":0.167,"y":0},"t":495,"s":[530,547,0],"to":[0,0,0],"ti":[0,0,0]},{"t":508,"s":[487,547,0]}],"ix":2,"l":2},"a":{"a":0,"k":[0,0,0],"ix":1,"l":2},"s":{"a":0,"k":[100,100,100],"ix":6,"l":2}},"ao":0,"shapes":[{"ty":"gr","it":[{"ty":"rc","d":1,"s":{"a":0,"k":[65.75,110.266],"ix":2},"p":{"a":0,"k":[0,0],"ix":3},"r":{"a":0,"k":20,"ix":4},"nm":"Rectangle Path 1","mn":"ADBE Vector Shape - Rect","hd":false},{"ty":"st","c":{"a":0,"k":[0,0,0,1],"ix":3},"o":{"a":0,"k":100,"ix":4},"w":{"a":0,"k":9,"ix":5},"lc":1,"lj":1,"ml":4,"bm":0,"nm":"Stroke 1","mn":"ADBE Vector Graphic - Stroke","hd":false},{"ty":"fl","c":{"a":0,"k":[1,1,1,1],"ix":4},"o":{"a":0,"k":100,"ix":5},"r":1,"bm":0,"nm":"Fill 1","mn":"ADBE Vector Graphic - Fill","hd":false},{"ty":"tr","p":{"a":0,"k":[299.398,-66.641],"ix":2},"a":{"a":0,"k":[0,0],"ix":1},"s":{"a":0,"k":[100,100],"ix":3},"r":{"a":0,"k":0,"ix":6},"o":{"a":0,"k":100,"ix":7},"sk":{"a":0,"k":0,"ix":4},"sa":{"a":0,"k":0,"ix":5},"nm":"Transform"}],"nm":"Rectangle 1","np":3,"cix":2,"bm":0,"ix":1,"mn":"ADBE Vector Group","hd":false}],"ip":0,"op":540,"st":0,"ct":1,"bm":0},{"ddd":0,"ind":9,"ty":4,"nm":"robot2","parent":8,"sr":1,"ks":{"o":{"a":0,"k":100,"ix":11},"r":{"a":0,"k":0,"ix":10},"p":{"a":1,"k":[{"i":{"x":0.667,"y":1},"o":{"x":0.333,"y":0},"t":115,"s":[-74,-5,0],"to":[0,0,0],"ti":[0,0,0]},{"i":{"x":0.667,"y":0.667},"o":{"x":0.167,"y":0.167},"t":126,"s":[-1,-5,0],"to":[0,0,0],"ti":[0,0,0]},{"i":{"x":0.667,"y":1},"o":{"x":0.167,"y":0},"t":508,"s":[-1,-5,0],"to":[0,0,0],"ti":[0,0,0]},{"t":521,"s":[-34,-5,0]}],"ix":2,"l":2},"a":{"a":0,"k":[0,0,0],"ix":1,"l":2},"s":{"a":0,"k":[100,100,100],"ix":6,"l":2}},"ao":0,"shapes":[{"ty":"gr","it":[{"ty":"rc","d":1,"s":{"a":0,"k":[49.82,79.266],"ix":2},"p":{"a":0,"k":[0,0],"ix":3},"r":{"a":0,"k":17,"ix":4},"nm":"Rectangle Path 1","mn":"ADBE Vector Shape - Rect","hd":false},{"ty":"st","c":{"a":0,"k":[0,0,0,1],"ix":3},"o":{"a":0,"k":100,"ix":4},"w":{"a":0,"k":9,"ix":5},"lc":1,"lj":1,"ml":4,"bm":0,"nm":"Stroke 1","mn":"ADBE Vector Graphic - Stroke","hd":false},{"ty":"fl","c":{"a":0,"k":[1,1,1,1],"ix":4},"o":{"a":0,"k":100,"ix":5},"r":1,"bm":0,"nm":"Fill 1","mn":"ADBE Vector Graphic - Fill","hd":false},{"ty":"tr","p":{"a":0,"k":[338.91,-62.367],"ix":2},"a":{"a":0,"k":[0,0],"ix":1},"s":{"a":0,"k":[100,100],"ix":3},"r":{"a":0,"k":0,"ix":6},"o":{"a":0,"k":100,"ix":7},"sk":{"a":0,"k":0,"ix":4},"sa":{"a":0,"k":0,"ix":5},"nm":"Transform"}],"nm":"Rectangle 1","np":3,"cix":2,"bm":0,"ix":1,"mn":"ADBE Vector Group","hd":false}],"ip":0,"op":540,"st":0,"ct":1,"bm":0},{"ddd":0,"ind":10,"ty":4,"nm":"robot4_r","parent":16,"sr":1,"ks":{"o":{"a":0,"k":100,"ix":11},"r":{"a":1,"k":[{"i":{"x":[0.475],"y":[0.998]},"o":{"x":[0.457],"y":[-0.001]},"t":361,"s":[0]},{"i":{"x":[0.577],"y":[0.993]},"o":{"x":[1],"y":[-0.003]},"t":379,"s":[-123]},{"i":{"x":[0.833],"y":[1]},"o":{"x":[0.333],"y":[0]},"t":398,"s":[9]},{"t":407,"s":[0]}],"ix":10},"p":{"a":0,"k":[458.551,-67.699,0],"ix":2,"l":2},"a":{"a":0,"k":[437.801,-64.199,0],"ix":1,"l":2},"s":{"a":1,"k":[{"i":{"x":[0.667,0.667,0.667],"y":[1,1,1]},"o":{"x":[0.333,0.333,0.333],"y":[0,0,0]},"t":141,"s":[0,0,100]},{"t":153,"s":[100,100,100]}],"ix":6,"l":2}},"ao":0,"shapes":[{"ty":"gr","it":[{"d":1,"ty":"el","s":{"a":0,"k":[35.602,35.602],"ix":2},"p":{"a":0,"k":[0,0],"ix":3},"nm":"Ellipse Path 1","mn":"ADBE Vector Shape - Ellipse","hd":false},{"ty":"st","c":{"a":0,"k":[0,0,0,1],"ix":3},"o":{"a":0,"k":100,"ix":4},"w":{"a":0,"k":9,"ix":5},"lc":1,"lj":1,"ml":4,"bm":0,"nm":"Stroke 1","mn":"ADBE Vector Graphic - Stroke","hd":false},{"ty":"fl","c":{"a":0,"k":[1,1,1,1],"ix":4},"o":{"a":0,"k":100,"ix":5},"r":1,"bm":0,"nm":"Fill 1","mn":"ADBE Vector Graphic - Fill","hd":false},{"ty":"tr","p":{"a":0,"k":[437.801,-64.199],"ix":2},"a":{"a":0,"k":[0,0],"ix":1},"s":{"a":0,"k":[100,100],"ix":3},"r":{"a":0,"k":0.602,"ix":6},"o":{"a":0,"k":100,"ix":7},"sk":{"a":0,"k":0,"ix":4},"sa":{"a":0,"k":0,"ix":5},"nm":"Transform"}],"nm":"Ellipse 1","np":3,"cix":2,"bm":0,"ix":1,"mn":"ADBE Vector Group","hd":false}],"ip":0,"op":540,"st":0,"ct":1,"bm":0},{"ddd":0,"ind":11,"ty":4,"nm":"robot6","parent":10,"sr":1,"ks":{"o":{"a":0,"k":100,"ix":11},"r":{"a":0,"k":0,"ix":10},"p":{"a":0,"k":[437.164,99.516,0],"ix":2,"l":2},"a":{"a":0,"k":[437.914,100.016,0],"ix":1,"l":2},"s":{"a":1,"k":[{"i":{"x":[0.667,0.667,0.667],"y":[1,1,1]},"o":{"x":[0.333,0.333,0.333],"y":[0,0,0]},"t":163,"s":[-1,-1,100]},{"i":{"x":[0.833,0.833,0.833],"y":[1,1,1]},"o":{"x":[0.167,0.167,0.167],"y":[0,0,0]},"t":169,"s":[101,101,100]},{"i":{"x":[0,0,0.833],"y":[0.999,0.999,1]},"o":{"x":[1,1,0.167],"y":[0.005,0.005,0]},"t":457,"s":[101,101,100]},{"t":464,"s":[0,0,100]}],"ix":6,"l":2}},"ao":0,"shapes":[{"ty":"gr","it":[{"ty":"rc","d":1,"s":{"a":0,"k":[51.961,46.055],"ix":2},"p":{"a":0,"k":[0,0],"ix":3},"r":{"a":0,"k":11,"ix":4},"nm":"Rectangle Path 1","mn":"ADBE Vector Shape - Rect","hd":false},{"ty":"st","c":{"a":0,"k":[0,0,0,1],"ix":3},"o":{"a":0,"k":100,"ix":4},"w":{"a":0,"k":10,"ix":5},"lc":1,"lj":1,"ml":4,"bm":0,"nm":"Stroke 1","mn":"ADBE Vector Graphic - Stroke","hd":false},{"ty":"fl","c":{"a":0,"k":[1,1,1,1],"ix":4},"o":{"a":0,"k":100,"ix":5},"r":1,"bm":0,"nm":"Fill 1","mn":"ADBE Vector Graphic - Fill","hd":false},{"ty":"tr","p":{"a":0,"k":[437.914,100.016],"ix":2},"a":{"a":0,"k":[0,0],"ix":1},"s":{"a":0,"k":[100,100],"ix":3},"r":{"a":0,"k":0,"ix":6},"o":{"a":0,"k":100,"ix":7},"sk":{"a":0,"k":0,"ix":4},"sa":{"a":0,"k":0,"ix":5},"nm":"Transform"}],"nm":"Rectangle 1","np":3,"cix":2,"bm":0,"ix":1,"mn":"ADBE Vector Group","hd":false}],"ip":0,"op":466,"st":0,"ct":1,"bm":0},{"ddd":0,"ind":12,"ty":4,"nm":"robot5","parent":10,"sr":1,"ks":{"o":{"a":0,"k":100,"ix":11},"r":{"a":0,"k":0,"ix":10},"p":{"a":0,"k":[2.25,-0.5,0],"ix":2,"l":2},"a":{"a":0,"k":[0,0,0],"ix":1,"l":2},"s":{"a":0,"k":[100,100,100],"ix":6,"l":2}},"ao":0,"shapes":[{"ty":"gr","it":[{"ind":0,"ty":"sh","ix":1,"ks":{"a":0,"k":{"i":[[0,0],[0,0]],"o":[[0,0],[0,0]],"v":[[427.5,-53],[427.5,95]],"c":false},"ix":2},"nm":"Path 1","mn":"ADBE Vector Shape - Group","hd":false},{"ty":"tm","s":{"a":0,"k":0,"ix":1},"e":{"a":1,"k":[{"i":{"x":[0.667],"y":[1]},"o":{"x":[0.333],"y":[0]},"t":153,"s":[0]},{"i":{"x":[0.833],"y":[1]},"o":{"x":[0.167],"y":[0]},"t":166,"s":[100]},{"i":{"x":[0.833],"y":[1]},"o":{"x":[0.167],"y":[0]},"t":478,"s":[100]},{"t":490,"s":[0]}],"ix":2},"o":{"a":0,"k":0,"ix":3},"m":1,"ix":2,"nm":"Trim Paths 1","mn":"ADBE Vector Filter - Trim","hd":false},{"ty":"st","c":{"a":0,"k":[0,0,0,1],"ix":3},"o":{"a":0,"k":100,"ix":4},"w":{"a":0,"k":13,"ix":5},"lc":2,"lj":1,"ml":4,"bm":0,"nm":"Stroke 1","mn":"ADBE Vector Graphic - Stroke","hd":false},{"ty":"tr","p":{"a":0,"k":[0,0],"ix":2},"a":{"a":0,"k":[0,0],"ix":1},"s":{"a":0,"k":[100,100],"ix":3},"r":{"a":0,"k":0,"ix":6},"o":{"a":0,"k":100,"ix":7},"sk":{"a":0,"k":0,"ix":4},"sa":{"a":0,"k":0,"ix":5},"nm":"Transform"}],"nm":"Shape 1","np":4,"cix":2,"bm":0,"ix":1,"mn":"ADBE Vector Group","hd":false}],"ip":0,"op":491,"st":0,"ct":1,"bm":0},{"ddd":0,"ind":13,"ty":4,"nm":"robot7_r","parent":11,"sr":1,"ks":{"o":{"a":1,"k":[{"t":163,"s":[0],"h":1},{"t":169,"s":[100],"h":1}],"ix":11},"r":{"a":0,"k":0,"ix":10},"p":{"a":1,"k":[{"i":{"x":0.667,"y":1},"o":{"x":0.333,"y":0},"t":169,"s":[7.306,-44.554,0],"to":[0,0,0],"ti":[0,0,0]},{"t":179,"s":[7.306,1.98,0]}],"ix":2,"l":2},"a":{"a":0,"k":[0,0,0],"ix":1,"l":2},"s":{"a":0,"k":[99.01,99.01,100],"ix":6,"l":2}},"ao":0,"shapes":[{"ty":"gr","it":[{"ty":"rc","d":1,"s":{"a":0,"k":[35.727,36.992],"ix":2},"p":{"a":0,"k":[0,0],"ix":3},"r":{"a":0,"k":20,"ix":4},"nm":"Rectangle Path 1","mn":"ADBE Vector Shape - Rect","hd":false},{"ty":"st","c":{"a":0,"k":[0,0,0,1],"ix":3},"o":{"a":0,"k":100,"ix":4},"w":{"a":0,"k":10,"ix":5},"lc":1,"lj":1,"ml":4,"bm":0,"nm":"Stroke 1","mn":"ADBE Vector Graphic - Stroke","hd":false},{"ty":"fl","c":{"a":0,"k":[1,1,1,1],"ix":4},"o":{"a":0,"k":100,"ix":5},"r":1,"bm":0,"nm":"Fill 1","mn":"ADBE Vector Graphic - Fill","hd":false},{"ty":"tr","p":{"a":0,"k":[435.473,146.633],"ix":2},"a":{"a":0,"k":[0,0],"ix":1},"s":{"a":0,"k":[100,100],"ix":3},"r":{"a":0,"k":0,"ix":6},"o":{"a":0,"k":100,"ix":7},"sk":{"a":0,"k":0,"ix":4},"sa":{"a":0,"k":0,"ix":5},"nm":"Transform"}],"nm":"Rectangle 1","np":3,"cix":2,"bm":0,"ix":1,"mn":"ADBE Vector Group","hd":false}],"ip":0,"op":466,"st":0,"ct":1,"bm":0},{"ddd":0,"ind":14,"ty":4,"nm":"robot8","parent":13,"sr":1,"ks":{"o":{"a":0,"k":100,"ix":11},"r":{"a":0,"k":0,"ix":10},"p":{"a":0,"k":[435.031,144.635,0],"ix":2,"l":2},"a":{"a":0,"k":[445.031,169.135,0],"ix":1,"l":2},"s":{"a":0,"k":[100,100,100],"ix":6,"l":2}},"ao":0,"shapes":[{"ty":"gr","it":[{"ty":"rc","d":3,"s":{"a":0,"k":[36.359,222.621],"ix":2},"p":{"a":0,"k":[0,0],"ix":3},"r":{"a":0,"k":20,"ix":4},"nm":"Rectangle Path 1","mn":"ADBE Vector Shape - Rect","hd":false},{"ty":"st","c":{"a":0,"k":[0,0,0,1],"ix":3},"o":{"a":0,"k":100,"ix":4},"w":{"a":0,"k":10,"ix":5},"lc":1,"lj":1,"ml":4,"bm":0,"nm":"Stroke 1","mn":"ADBE Vector Graphic - Stroke","hd":false},{"ty":"fl","c":{"a":0,"k":[1,1,1,1],"ix":4},"o":{"a":0,"k":100,"ix":5},"r":1,"bm":0,"nm":"Fill 1","mn":"ADBE Vector Graphic - Fill","hd":false},{"ty":"tr","p":{"a":0,"k":[444.672,169.674],"ix":2},"a":{"a":0,"k":[-1.359,-92.461],"ix":1},"s":{"a":1,"k":[{"i":{"x":[0.667,0.667],"y":[1,1]},"o":{"x":[0.333,0.333],"y":[0,0]},"t":179,"s":[100,0]},{"i":{"x":[0.833,0.833],"y":[1,1]},"o":{"x":[0.333,0.333],"y":[0,0]},"t":191,"s":[100,100]},{"i":{"x":[0.833,0.833],"y":[1,1]},"o":{"x":[0.167,0.167],"y":[0,0]},"t":451,"s":[100,100]},{"t":457,"s":[100,2]}],"ix":3},"r":{"a":1,"k":[{"i":{"x":[0.667],"y":[1]},"o":{"x":[0.333],"y":[0]},"t":191,"s":[0]},{"i":{"x":[0.667],"y":[1]},"o":{"x":[0.333],"y":[0]},"t":213.801,"s":[-14]},{"i":{"x":[0.667],"y":[1]},"o":{"x":[0.333],"y":[0]},"t":229,"s":[0]},{"i":{"x":[0.667],"y":[1]},"o":{"x":[0.333],"y":[0]},"t":248,"s":[-25]},{"i":{"x":[0.833],"y":[1]},"o":{"x":[0.167],"y":[0]},"t":267,"s":[109]},{"i":{"x":[0.833],"y":[1]},"o":{"x":[0.571],"y":[0.007]},"t":346,"s":[109]},{"i":{"x":[0.833],"y":[1]},"o":{"x":[0.716],"y":[0.004]},"t":365,"s":[24]},{"i":{"x":[0.833],"y":[1]},"o":{"x":[0.167],"y":[0]},"t":379,"s":[-111]},{"i":{"x":[0.593],"y":[1.009]},"o":{"x":[0.796],"y":[0.024]},"t":399,"s":[109]},{"i":{"x":[0.623],"y":[0.991]},"o":{"x":[0.167],"y":[0]},"t":413,"s":[-69]},{"i":{"x":[0.625],"y":[1.02]},"o":{"x":[0.167],"y":[0]},"t":428,"s":[40]},{"i":{"x":[0.833],"y":[1]},"o":{"x":[0.167],"y":[0]},"t":438,"s":[-10]},{"t":445,"s":[0]}],"ix":6},"o":{"a":0,"k":100,"ix":7},"sk":{"a":0,"k":0,"ix":4},"sa":{"a":0,"k":0,"ix":5},"nm":"Transform"}],"nm":"Rectangle 1","np":3,"cix":2,"bm":0,"ix":1,"mn":"ADBE Vector Group","hd":false}],"ip":0,"op":517,"st":0,"ct":1,"bm":0},{"ddd":0,"ind":15,"ty":4,"nm":"robot5.1","cl":"1","parent":10,"sr":1,"ks":{"o":{"a":0,"k":100,"ix":11},"r":{"a":0,"k":0,"ix":10},"p":{"a":0,"k":[19.25,-0.5,0],"ix":2,"l":2},"a":{"a":0,"k":[0,0,0],"ix":1,"l":2},"s":{"a":0,"k":[100,100,100],"ix":6,"l":2}},"ao":0,"shapes":[{"ty":"gr","it":[{"ind":0,"ty":"sh","ix":1,"ks":{"a":0,"k":{"i":[[0,0],[0,0]],"o":[[0,0],[0,0]],"v":[[427.5,-53],[427.5,95]],"c":false},"ix":2},"nm":"Path 1","mn":"ADBE Vector Shape - Group","hd":false},{"ty":"tm","s":{"a":0,"k":0,"ix":1},"e":{"a":1,"k":[{"i":{"x":[0.667],"y":[1]},"o":{"x":[0.333],"y":[0]},"t":153,"s":[0]},{"i":{"x":[0.833],"y":[1]},"o":{"x":[0.167],"y":[0]},"t":163,"s":[100]},{"i":{"x":[0.833],"y":[1]},"o":{"x":[0.167],"y":[0]},"t":484,"s":[100]},{"t":493,"s":[0]}],"ix":2},"o":{"a":0,"k":0,"ix":3},"m":1,"ix":2,"nm":"Trim Paths 1","mn":"ADBE Vector Filter - Trim","hd":false},{"ty":"st","c":{"a":0,"k":[0,0,0,1],"ix":3},"o":{"a":0,"k":100,"ix":4},"w":{"a":0,"k":13,"ix":5},"lc":2,"lj":1,"ml":4,"bm":0,"nm":"Stroke 1","mn":"ADBE Vector Graphic - Stroke","hd":false},{"ty":"tr","p":{"a":0,"k":[0,0],"ix":2},"a":{"a":0,"k":[0,0],"ix":1},"s":{"a":0,"k":[100,100],"ix":3},"r":{"a":0,"k":0,"ix":6},"o":{"a":0,"k":100,"ix":7},"sk":{"a":0,"k":0,"ix":4},"sa":{"a":0,"k":0,"ix":5},"nm":"Transform"}],"nm":"Shape 1","np":4,"cix":2,"bm":0,"ix":1,"mn":"ADBE Vector Group","hd":false}],"ip":0,"op":496,"st":0,"ct":1,"bm":0},{"ddd":0,"ind":16,"ty":4,"nm":"robot3","parent":9,"sr":1,"ks":{"o":{"a":0,"k":100,"ix":11},"r":{"a":0,"k":0,"ix":10},"p":{"a":1,"k":[{"i":{"x":0.667,"y":1},"o":{"x":0.333,"y":0},"t":126,"s":[-194,2,0],"to":[0,0,0],"ti":[0,0,0]},{"i":{"x":0.667,"y":0.667},"o":{"x":0.167,"y":0.167},"t":138,"s":[-12,2,0],"to":[0,0,0],"ti":[0,0,0]},{"i":{"x":0.667,"y":1},"o":{"x":0.167,"y":0},"t":522,"s":[-12,2,0],"to":[0,0,0],"ti":[0,0,0]},{"t":540,"s":[-120,2,0]}],"ix":2,"l":2},"a":{"a":0,"k":[0,0,0],"ix":1,"l":2},"s":{"a":0,"k":[100,100,100],"ix":6,"l":2}},"ao":0,"shapes":[{"ty":"gr","it":[{"ty":"rc","d":1,"s":{"a":0,"k":[125.227,38.648],"ix":2},"p":{"a":0,"k":[0,0],"ix":3},"r":{"a":0,"k":20,"ix":4},"nm":"Rectangle Path 1","mn":"ADBE Vector Shape - Rect","hd":false},{"ty":"st","c":{"a":0,"k":[0,0,0,1],"ix":3},"o":{"a":0,"k":100,"ix":4},"w":{"a":0,"k":9,"ix":5},"lc":1,"lj":1,"ml":4,"bm":0,"nm":"Stroke 1","mn":"ADBE Vector Graphic - Stroke","hd":false},{"ty":"fl","c":{"a":0,"k":[1,1,1,1],"ix":4},"o":{"a":0,"k":100,"ix":5},"r":1,"bm":0,"nm":"Fill 1","mn":"ADBE Vector Graphic - Fill","hd":false},{"ty":"tr","p":{"a":0,"k":[414.613,-66.676],"ix":2},"a":{"a":0,"k":[0,0],"ix":1},"s":{"a":0,"k":[100,100],"ix":3},"r":{"a":0,"k":0,"ix":6},"o":{"a":0,"k":100,"ix":7},"sk":{"a":0,"k":0,"ix":4},"sa":{"a":0,"k":0,"ix":5},"nm":"Transform"}],"nm":"Rectangle 1","np":3,"cix":2,"bm":0,"ix":1,"mn":"ADBE Vector Group","hd":false}],"ip":0,"op":543,"st":0,"ct":1,"bm":0}],"markers":[{"tm":0,"cm":"hover-start","dr":0},{"tm":30,"cm":"hover-end","dr":0},{"tm":65,"cm":"open-start","dr":0},{"tm":570,"cm":"open-end","dr":0}],"props":{},"chars":[{"ch":"I","size":38,"style":"Regular","w":38.92,"data":{"shapes":[{"ty":"gr","it":[{"ind":0,"ty":"sh","ix":1,"ks":{"a":0,"k":{"i":[[0,0],[0,0],[0,0],[0,0]],"o":[[0,0],[0,0],[0,0],[0,0]],"v":[[8.203,0],[30.371,0],[30.371,-71.582],[8.203,-71.582]],"c":true},"ix":2},"nm":"I","mn":"ADBE Vector Shape - Group","hd":false}],"nm":"I","np":3,"cix":2,"bm":0,"ix":1,"mn":"ADBE Vector Group","hd":false}]},"fFamily":"Arial Black"},{"ch":" ","size":38,"style":"Regular","w":33.35,"data":{},"fFamily":"Arial Black"},{"ch":"a","size":38,"style":"Regular","w":66.7,"data":{"shapes":[{"ty":"gr","it":[{"ind":0,"ty":"sh","ix":1,"ks":{"a":0,"k":{"i":[[-1.27,0.814],[-3.255,0],[-1.009,-0.977],[0,-2.441],[2.213,-0.602],[7.454,-1.497],[2.311,-2.539],[0,-3.938],[-3.207,-2.864],[-6.185,0],[-3.516,1.432],[-2.605,2.507],[-0.228,-0.7],[-0.749,-1.334],[0,0],[0.309,1.384],[0,2.441],[0,0],[0.977,2.686],[1.692,1.465],[3.613,0.668],[5.957,0],[3.19,-0.553],[1.823,-1.009],[1.35,-1.904],[0.716,-3.32],[0,0]],"o":[[1.627,-1.041],[2.539,0],[1.009,0.977],[-2.474,0.977],[-2.214,0.603],[-6.218,1.237],[-2.312,2.539],[0,4.199],[3.206,2.865],[4.655,0],[2.571,-1.074],[0.227,1.498],[0.227,0.7],[0,0],[-1.042,-2.148],[-0.31,-1.383],[0,0],[0,-2.441],[-0.977,-2.686],[-2.409,-2.116],[-3.613,-0.667],[-3.711,0],[-3.191,0.554],[-2.539,1.4],[-1.351,1.904],[0,0],[0.781,-2.246]],"v":[[27.197,-39.648],[34.521,-41.211],[39.844,-39.746],[41.357,-34.619],[34.326,-32.251],[19.824,-29.102],[7.031,-23.438],[3.564,-13.721],[8.374,-3.125],[22.461,1.172],[34.717,-0.977],[42.48,-6.348],[43.164,-3.052],[44.629,0],[63.281,0],[61.255,-5.298],[60.791,-11.035],[60.791,-33.936],[59.326,-41.626],[55.322,-47.852],[46.289,-52.026],[31.934,-53.027],[21.582,-52.197],[14.062,-49.854],[8.228,-44.897],[5.127,-37.061],[24.121,-35.059]],"c":true},"ix":2},"nm":"a","mn":"ADBE Vector Shape - Group","hd":false},{"ind":1,"ty":"sh","ix":2,"ks":{"a":0,"k":{"i":[[0,0],[0.797,-1.546],[1.904,-1.074],[2.213,0],[1.09,0.993],[0,1.562],[-1.107,1.074],[-4.037,1.074],[-2.734,0.977]],"o":[[0,2.474],[-0.798,1.546],[-1.904,1.074],[-2.116,0],[-1.091,-0.993],[0,-1.367],[1.074,-1.041],[2.962,-0.748],[0,0]],"v":[[41.357,-21.436],[40.161,-15.405],[36.108,-11.475],[29.932,-9.863],[25.122,-11.353],[23.486,-15.186],[25.146,-18.848],[32.812,-22.021],[41.357,-24.609]],"c":true},"ix":2},"nm":"a","mn":"ADBE Vector Shape - Group","hd":false}],"nm":"a","np":5,"cix":2,"bm":0,"ix":1,"mn":"ADBE Vector Group","hd":false}]},"fFamily":"Arial Black"},{"ch":"m","size":38,"style":"Regular","w":100,"data":{"shapes":[{"ty":"gr","it":[{"ind":0,"ty":"sh","ix":1,"ks":{"a":0,"k":{"i":[[0,0],[0,0],[0,0],[-1.47,1.726],[-2.287,0],[-1.045,-0.797],[-0.425,-1.302],[0,-2.278],[0,0],[0,0],[0,0],[-1.427,1.693],[-2.336,0],[-1.331,-1.79],[0,-2.344],[0,0],[0,0],[0,0],[3.12,3.304],[5.559,0],[2.568,-1.221],[3.12,-3.385],[2.412,1.465],[4.14,0],[2.722,-1.334],[2.673,-3.157],[0,0],[0,0]],"o":[[0,0],[0,0],[0,-3.938],[1.469,-1.725],[1.404,0],[1.045,0.798],[0.261,0.814],[0,0],[0,0],[0,0],[0,-3.743],[1.427,-1.692],[1.978,0],[0.908,1.14],[0,0],[0,0],[0,0],[0,-7.031],[-3.12,-3.304],[-3.771,0],[-2.568,1.221],[-1.532,-2.897],[-2.412,-1.465],[-3.847,0],[-2.722,1.335],[0,0],[0,0],[0,0]],"v":[[6.152,0],[26.074,0],[26.074,-26.465],[28.279,-34.961],[33.914,-37.549],[37.589,-36.353],[39.793,-33.203],[40.186,-28.564],[40.186,0],[60.107,0],[60.107,-26.758],[62.248,-34.912],[67.893,-37.451],[72.856,-34.766],[74.219,-29.541],[74.219,0],[94.141,0],[94.141,-32.568],[89.459,-48.071],[76.44,-53.027],[66.932,-51.196],[58.398,-44.287],[52.482,-50.83],[42.653,-53.027],[32.8,-51.025],[24.707,-44.287],[24.707,-51.855],[6.152,-51.855]],"c":true},"ix":2},"nm":"m","mn":"ADBE Vector Shape - Group","hd":false}],"nm":"m","np":3,"cix":2,"bm":0,"ix":1,"mn":"ADBE Vector Group","hd":false}]},"fFamily":"Arial Black"},{"ch":"n","size":38,"style":"Regular","w":66.7,"data":{"shapes":[{"ty":"gr","it":[{"ind":0,"ty":"sh","ix":1,"ks":{"a":0,"k":{"i":[[0,0],[0,0],[0,0],[-1.498,1.823],[-2.409,0],[-1.205,-1.35],[0,-3.255],[0,0],[0,0],[0,0],[3.108,3.271],[5.501,0],[2.832,-1.481],[2.766,-3.45],[0,0],[0,0]],"o":[[0,0],[0,0],[0,-4.72],[1.497,-1.823],[2.18,0],[1.204,1.351],[0,0],[0,0],[0,0],[0,-6.836],[-3.109,-3.271],[-4.07,0],[-2.832,1.482],[0,0],[0,0],[0,0]],"v":[[6.006,0],[25.879,0],[25.879,-24.902],[28.125,-34.717],[33.984,-37.451],[39.062,-35.425],[40.869,-28.516],[40.869,0],[60.84,0],[60.84,-32.959],[56.177,-48.12],[43.262,-53.027],[32.91,-50.806],[24.512,-43.408],[24.512,-51.855],[6.006,-51.855]],"c":true},"ix":2},"nm":"n","mn":"ADBE Vector Shape - Group","hd":false}],"nm":"n","np":3,"cix":2,"bm":0,"ix":1,"mn":"ADBE Vector Group","hd":false}]},"fFamily":"Arial Black"},{"ch":"o","size":38,"style":"Regular","w":66.7,"data":{"shapes":[{"ty":"gr","it":[{"ind":0,"ty":"sh","ix":1,"ks":{"a":0,"k":{"i":[[-6.316,-5.241],[-8.334,0],[-5.29,5.095],[0,7.976],[4.264,4.851],[10.384,0],[5.338,-5.127],[0,-7.91]],"o":[[5.143,4.232],[9.342,0],[5.289,-5.094],[0,-7.096],[-5.306,-6.022],[-9.082,0],[-5.339,5.127],[0,8.496]],"v":[[13.037,-5.176],[33.252,1.172],[55.2,-6.47],[63.135,-26.074],[56.738,-43.994],[33.203,-53.027],[11.572,-45.337],[3.564,-25.781]],"c":true},"ix":2},"nm":"o","mn":"ADBE Vector Shape - Group","hd":false},{"ind":1,"ty":"sh","ix":2,"ks":{"a":0,"k":{"i":[[-1.888,2.23],[-2.898,0],[-1.855,-2.197],[0,-4.492],[1.839,-2.18],[2.864,0],[1.871,2.214],[0,4.623]],"o":[[1.888,-2.229],[2.734,0],[1.855,2.197],[0,4.818],[-1.839,2.181],[-2.832,0],[-1.872,-2.213],[0,-4.557]],"v":[[26.318,-36.011],[33.496,-39.355],[40.381,-36.06],[43.164,-26.025],[40.405,-15.527],[33.35,-12.256],[26.294,-15.576],[23.486,-25.83]],"c":true},"ix":2},"nm":"o","mn":"ADBE Vector Shape - Group","hd":false}],"nm":"o","np":5,"cix":2,"bm":0,"ix":1,"mn":"ADBE Vector Group","hd":false}]},"fFamily":"Arial Black"},{"ch":"t","size":38,"style":"Regular","w":44.38,"data":{"shapes":[{"ty":"gr","it":[{"ind":0,"ty":"sh","ix":1,"ks":{"a":0,"k":{"i":[[0,0],[0,0],[0,0],[0,0],[0,0],[0,0],[-1.123,-2.585],[-2.344,-1.268],[-4.948,0],[-4.916,1.074],[0,0],[1.465,0],[0.651,1.105],[0,2.209],[0,0],[0,0],[0,0],[0,0],[0,0]],"o":[[0,0],[0,0],[0,0],[0,0],[0,0],[0,5.787],[1.123,2.585],[2.344,1.268],[4.264,0],[0,0],[-2.637,0.845],[-1.628,0],[-0.423,-0.714],[0,0],[0,0],[0,0],[0,0],[0,0],[0,0]],"v":[[10.059,-61.377],[10.059,-51.855],[2.734,-51.855],[2.734,-37.305],[10.059,-37.305],[10.059,-19.066],[11.743,-6.509],[16.943,-0.73],[27.881,1.172],[41.65,-0.439],[40.186,-14.158],[34.033,-12.891],[30.615,-14.548],[29.98,-18.933],[29.98,-37.305],[40.918,-37.305],[40.918,-51.855],[29.98,-51.855],[29.98,-71.582]],"c":true},"ix":2},"nm":"t","mn":"ADBE Vector Shape - Group","hd":false}],"nm":"t","np":3,"cix":2,"bm":0,"ix":1,"mn":"ADBE Vector Group","hd":false}]},"fFamily":"Arial Black"},{"ch":"r","size":38,"style":"Regular","w":48.58,"data":{"shapes":[{"ty":"gr","it":[{"ind":0,"ty":"sh","ix":1,"ks":{"a":0,"k":{"i":[[0,0],[0,0],[0,0],[-2.051,3.027],[-2.605,0],[-2.344,-0.977],[0,0],[2.93,0],[1.904,-1.383],[1.79,-3.678],[0,0],[0,0]],"o":[[0,0],[0,0],[0,-8.301],[1.432,-2.148],[1.367,0],[0,0],[-3.484,-1.823],[-2.8,0],[-1.904,1.384],[0,0],[0,0],[0,0]],"v":[[6.201,0],[26.172,0],[26.172,-17.383],[29.248,-34.375],[35.303,-37.598],[40.869,-36.133],[47.021,-50.293],[37.402,-53.027],[30.347,-50.952],[24.805,-43.359],[24.805,-51.855],[6.201,-51.855]],"c":true},"ix":2},"nm":"r","mn":"ADBE Vector Shape - Group","hd":false}],"nm":"r","np":3,"cix":2,"bm":0,"ix":1,"mn":"ADBE Vector Group","hd":false}]},"fFamily":"Arial Black"},{"ch":"b","size":38,"style":"Regular","w":67.68,"data":{"shapes":[{"ty":"gr","it":[{"ind":0,"ty":"sh","ix":1,"ks":{"a":0,"k":{"i":[[0,0],[0,0],[0,0],[-2.181,-1.172],[-3.484,0],[-3.337,2.132],[-1.888,4.314],[0,5.664],[4.134,4.541],[6.315,0],[2.522,-1.041],[1.985,-2.083],[0,0],[0,0]],"o":[[0,0],[0,0],[2.571,3.223],[2.897,1.497],[4.069,0],[3.336,-2.132],[1.888,-4.313],[0,-8.496],[-4.134,-4.541],[-3.06,0],[-2.523,1.042],[0,0],[0,0],[0,0]],"v":[[6.104,0],[24.707,0],[24.707,-7.666],[31.836,-1.074],[41.406,1.172],[52.515,-2.026],[60.352,-11.694],[63.184,-26.66],[56.982,-46.216],[41.309,-53.027],[32.935,-51.465],[26.172,-46.777],[26.172,-71.582],[6.104,-71.582]],"c":true},"ix":2},"nm":"b","mn":"ADBE Vector Shape - Group","hd":false},{"ind":1,"ty":"sh","ix":2,"ks":{"a":0,"k":{"i":[[-1.709,2.002],[-2.702,0],[-1.579,-1.92],[0,-4.102],[1.611,-1.969],[2.376,0],[1.676,2.002],[0,4.46]],"o":[[1.709,-2.002],[2.246,0],[1.579,1.921],[0,4.655],[-1.611,1.97],[-2.572,0],[-1.677,-2.002],[0,-4.069]],"v":[[28.589,-35.181],[35.205,-38.184],[40.942,-35.303],[43.311,-26.27],[40.894,-16.333],[34.912,-13.379],[28.54,-16.382],[26.025,-26.074]],"c":true},"ix":2},"nm":"b","mn":"ADBE Vector Shape - Group","hd":false}],"nm":"b","np":5,"cix":2,"bm":0,"ix":1,"mn":"ADBE Vector Group","hd":false}]},"fFamily":"Arial Black"}]}