{"v":"5.12.1","fr":60,"ip":0,"op":199,"w":1080,"h":1080,"nm":"Anim_ click 2","ddd":0,"assets":[{"id":"audio_0","u":"images/","p":"aud_0.mp3","e":0,"t":2},{"id":"audio_1","u":"images/","p":"aud_1.mp3","e":0,"t":2},{"id":"audio_2","u":"images/","p":"aud_2.mp3","e":0,"t":2},{"id":"audio_3","u":"images/","p":"aud_3.mp3","e":0,"t":2},{"id":"audio_4","u":"images/","p":"aud_4.mp3","e":0,"t":2},{"id":"audio_5","u":"images/","p":"aud_5.mp3","e":0,"t":2},{"id":"audio_6","u":"images/","p":"aud_6.mp3","e":0,"t":2},{"id":"audio_7","u":"images/","p":"aud_7.mp3","e":0,"t":2},{"id":"audio_8","u":"images/","p":"aud_8.mp3","e":0,"t":2},{"id":"audio_9","u":"images/","p":"aud_9.mp3","e":0,"t":2},{"id":"comp_0","nm":"rouage 2","fr":60,"layers":[{"ddd":0,"ind":1,"ty":4,"nm":"Shape Layer 1","tt":2,"tp":2,"sr":1,"ks":{"o":{"a":0,"k":100,"ix":11},"r":{"a":0,"k":0,"ix":10},"p":{"a":0,"k":[540,540,0],"ix":2,"l":2},"a":{"a":0,"k":[0,0,0],"ix":1,"l":2},"s":{"a":0,"k":[41,41,100],"ix":6,"l":2}},"ao":0,"shapes":[{"ty":"gr","it":[{"ind":0,"ty":"sh","ix":1,"ks":{"a":0,"k":{"i":[[0,0],[0,0],[0,0],[0,0]],"o":[[0,0],[0,0],[0,0],[0,0]],"v":[[92,-108],[152,230],[-152,230],[-90,-108]],"c":true},"ix":2},"nm":"Path 1","mn":"ADBE Vector Shape - Group","hd":false},{"ty":"tr","p":{"a":0,"k":[0,26],"ix":2},"a":{"a":0,"k":[0,620],"ix":1},"s":{"a":0,"k":[100,100],"ix":3},"r":{"a":0,"k":0,"ix":6},"o":{"a":0,"k":100,"ix":7},"sk":{"a":0,"k":0,"ix":4},"sa":{"a":0,"k":0,"ix":5},"nm":"Transform"}],"nm":"tooth","np":2,"cix":2,"bm":0,"ix":1,"mn":"ADBE Vector Group","hd":false},{"ty":"rp","c":{"a":0,"k":29,"ix":1},"o":{"a":0,"k":0,"ix":2},"m":1,"ix":2,"tr":{"ty":"tr","p":{"a":0,"k":[0,0],"ix":2},"a":{"a":0,"k":[0,0],"ix":1},"s":{"a":0,"k":[100,100],"ix":3},"r":{"a":0,"k":36,"ix":4},"so":{"a":0,"k":100,"ix":5},"eo":{"a":0,"k":100,"ix":6},"nm":"Transform"},"nm":"Repeater 1","mn":"ADBE Vector Filter - Repeater","hd":false},{"ty":"gr","it":[{"d":1,"ty":"el","s":{"a":0,"k":[1080,1080],"ix":2},"p":{"a":0,"k":[0,0],"ix":3},"nm":"Ellipse Path 1","mn":"ADBE Vector Shape - Ellipse","hd":false},{"ty":"tr","p":{"a":0,"k":[0,0],"ix":2},"a":{"a":0,"k":[0,0],"ix":1},"s":{"a":0,"k":[100,100],"ix":3},"r":{"a":0,"k":0,"ix":6},"o":{"a":0,"k":100,"ix":7},"sk":{"a":0,"k":0,"ix":4},"sa":{"a":0,"k":0,"ix":5},"nm":"Transform"}],"nm":"Ellipse 1","np":1,"cix":2,"bm":0,"ix":3,"mn":"ADBE Vector Group","hd":false},{"ty":"fl","c":{"a":1,"k":[{"i":{"x":[0.833],"y":[0.833]},"o":{"x":[0.167],"y":[0.167]},"t":66,"s":[0,0,0,1]},{"t":71,"s":[0.533333361149,0,0.780392169952,1]}],"ix":4},"o":{"a":0,"k":100,"ix":5},"r":1,"bm":0,"nm":"Fill 1","mn":"ADBE Vector Graphic - Fill","hd":false},{"ty":"st","c":{"a":1,"k":[{"i":{"x":[0.833],"y":[0.833]},"o":{"x":[0.167],"y":[0.167]},"t":66,"s":[0,0,0,1]},{"t":71,"s":[0.533333361149,0,0.780392169952,1]}],"ix":3},"o":{"a":0,"k":100,"ix":4},"w":{"a":0,"k":37,"ix":5},"lc":2,"lj":2,"bm":0,"nm":"Stroke 1","mn":"ADBE Vector Graphic - Stroke","hd":false}],"ip":0,"op":1800,"st":0,"ct":1,"bm":0},{"ddd":0,"ind":2,"ty":4,"nm":"mask","td":1,"sr":1,"ks":{"o":{"a":0,"k":100,"ix":11},"r":{"a":0,"k":0,"ix":10},"p":{"a":0,"k":[540,540,0],"ix":2,"l":2},"a":{"a":0,"k":[0,0,0],"ix":1,"l":2},"s":{"a":0,"k":[20,20,100],"ix":6,"l":2}},"ao":0,"shapes":[{"ty":"gr","it":[{"d":1,"ty":"el","s":{"a":0,"k":[1080,1080],"ix":2},"p":{"a":0,"k":[0,0],"ix":3},"nm":"Ellipse Path 1","mn":"ADBE Vector Shape - Ellipse","hd":false},{"ty":"fl","c":{"a":0,"k":[0,0,0,1],"ix":4},"o":{"a":0,"k":100,"ix":5},"r":1,"bm":0,"nm":"Fill 1","mn":"ADBE Vector Graphic - Fill","hd":false},{"ty":"tr","p":{"a":0,"k":[0,0],"ix":2},"a":{"a":0,"k":[0,0],"ix":1},"s":{"a":0,"k":[100,100],"ix":3},"r":{"a":0,"k":0,"ix":6},"o":{"a":0,"k":100,"ix":7},"sk":{"a":0,"k":0,"ix":4},"sa":{"a":0,"k":0,"ix":5},"nm":"Transform"}],"nm":"Ellipse 1","np":3,"cix":2,"bm":0,"ix":1,"mn":"ADBE Vector Group","hd":false}],"ip":0,"op":1800,"st":0,"ct":1,"bm":0}]}],"layers":[{"ddd":0,"ind":1,"ty":6,"nm":"wheel-spin-click-slow-down-101152.mp3","cl":"mp3","refId":"audio_0","sr":1,"ip":147,"op":155.44,"st":147,"bm":0},{"ddd":0,"ind":2,"ty":6,"nm":"wheel-spin-click-slow-down-101152.mp3","cl":"mp3","refId":"audio_1","sr":1,"ip":127,"op":135.44,"st":127,"bm":0},{"ddd":0,"ind":3,"ty":6,"nm":"wheel-spin-click-slow-down-101152.mp3","cl":"mp3","refId":"audio_2","sr":1,"ip":122,"op":130.44,"st":122,"bm":0},{"ddd":0,"ind":4,"ty":6,"nm":"wheel-spin-click-slow-down-101152.mp3","cl":"mp3","refId":"audio_3","sr":1,"ip":116,"op":124.44,"st":116,"bm":0},{"ddd":0,"ind":5,"ty":6,"nm":"wheel-spin-click-slow-down-101152.mp3","cl":"mp3","refId":"audio_4","sr":1,"ip":110,"op":118,"st":110,"bm":0},{"ddd":0,"ind":6,"ty":6,"nm":"wheel-spin-click-slow-down-101152.mp3","cl":"mp3","refId":"audio_5","sr":1,"ip":104,"op":112,"st":104,"bm":0},{"ddd":0,"ind":7,"ty":6,"nm":"wheel-spin-click-slow-down-101152.mp3","cl":"mp3","refId":"audio_6","sr":1,"ip":98,"op":106,"st":98,"bm":0},{"ddd":0,"ind":8,"ty":6,"nm":"wheel-spin-click-slow-down-101152.mp3","cl":"mp3","refId":"audio_7","sr":1,"ip":92,"op":100,"st":92,"bm":0},{"ddd":0,"ind":9,"ty":6,"nm":"wheel-spin-click-slow-down-101152.mp3","cl":"mp3","refId":"audio_8","sr":1,"ip":85,"op":93,"st":85,"bm":0},{"ddd":0,"ind":10,"ty":6,"nm":"wheel-spin-click-slow-down-101152.mp3","cl":"mp3","refId":"audio_9","sr":1,"ip":0,"op":8,"st":0,"bm":0},{"ddd":0,"ind":11,"ty":0,"nm":"rouage 2","refId":"comp_0","sr":1,"ks":{"o":{"a":0,"k":100,"ix":11},"r":{"a":1,"k":[{"i":{"x":[0.833],"y":[0.833]},"o":{"x":[0.167],"y":[0.167]},"t":79,"s":[0]},{"i":{"x":[0.833],"y":[0.833]},"o":{"x":[0.167],"y":[0.167]},"t":137,"s":[73]},{"t":153,"s":[-4]}],"ix":10},"p":{"a":1,"k":[{"i":{"x":0.833,"y":0.833},"o":{"x":0.167,"y":0.167},"t":66,"s":[286.717,1272.413,0],"to":[0,0,0],"ti":[0,0,0]},{"i":{"x":0.833,"y":0.833},"o":{"x":0.167,"y":0.167},"t":75,"s":[210.717,841.413,0],"to":[0,0,0],"ti":[0,0,0]},{"i":{"x":0.833,"y":0.833},"o":{"x":0.167,"y":0.167},"t":181,"s":[210.717,841.413,0],"to":[0,0,0],"ti":[0.667,-266.167,0]},{"t":199,"s":[-3377.283,1320.413,0]}],"ix":2,"l":2},"a":{"a":0,"k":[540,540,0],"ix":1,"l":2},"s":{"a":0,"k":[58,58,100],"ix":6,"l":2}},"ao":0,"w":1080,"h":1080,"ip":66,"op":200,"st":-104,"bm":0},{"ddd":0,"ind":12,"ty":0,"nm":"rouage 2","refId":"comp_0","sr":1,"ks":{"o":{"a":0,"k":100,"ix":11},"r":{"a":1,"k":[{"i":{"x":[0.833],"y":[0.833]},"o":{"x":[0.167],"y":[0.167]},"t":86,"s":[0]},{"i":{"x":[0.833],"y":[0.833]},"o":{"x":[0.167],"y":[0.167]},"t":137,"s":[-73]},{"t":153,"s":[-4]}],"ix":10},"p":{"a":1,"k":[{"i":{"x":0.833,"y":0.833},"o":{"x":0.167,"y":0.167},"t":73,"s":[420.503,1251.67,0],"to":[0,0,0],"ti":[0,0,0]},{"i":{"x":0.833,"y":0.833},"o":{"x":0.167,"y":0.167},"t":82,"s":[344.503,1109.67,0],"to":[0,0,0],"ti":[0,0,0]},{"i":{"x":0.833,"y":0.833},"o":{"x":0.167,"y":0.167},"t":181,"s":[344.503,1109.67,0],"to":[0,0,0],"ti":[0.667,-218,0]},{"t":199,"s":[420.503,2451.67,0]}],"ix":2,"l":2},"a":{"a":0,"k":[540,540,0],"ix":1,"l":2},"s":{"a":0,"k":[54,54,100],"ix":6,"l":2}},"ao":0,"w":1080,"h":1080,"ip":73,"op":207,"st":-97,"bm":0},{"ddd":0,"ind":13,"ty":0,"nm":"rouage 2","refId":"comp_0","sr":1,"ks":{"o":{"a":0,"k":100,"ix":11},"r":{"a":1,"k":[{"i":{"x":[0.833],"y":[0.833]},"o":{"x":[0.167],"y":[0.167]},"t":93,"s":[0]},{"i":{"x":[0.833],"y":[0.833]},"o":{"x":[0.167],"y":[0.167]},"t":137,"s":[-73]},{"t":153,"s":[-4]}],"ix":10},"p":{"a":1,"k":[{"i":{"x":0.833,"y":0.833},"o":{"x":0.167,"y":0.167},"t":80,"s":[854.071,-166.092,0],"to":[0,0,0],"ti":[0,0,0]},{"i":{"x":0.833,"y":0.833},"o":{"x":0.167,"y":0.167},"t":89,"s":[854.071,-21.092,0],"to":[0,0,0],"ti":[-0.667,-0.333,0]},{"i":{"x":0.833,"y":0.833},"o":{"x":0.167,"y":0.167},"t":121,"s":[858.071,-19.092,0],"to":[0,0,0],"ti":[0,0,0]},{"i":{"x":0.833,"y":0.833},"o":{"x":0.167,"y":0.167},"t":181,"s":[858.071,-19.092,0],"to":[-0.667,-224.5,0],"ti":[0.667,224.5,0]},{"t":199,"s":[1830.071,-1494.092,0]}],"ix":2,"l":2},"a":{"a":0,"k":[540,540,0],"ix":1,"l":2},"s":{"a":0,"k":[54,54,100],"ix":6,"l":2}},"ao":0,"w":1080,"h":1080,"ip":80,"op":214,"st":-90,"bm":0},{"ddd":0,"ind":14,"ty":0,"nm":"rouage 2","refId":"comp_0","sr":1,"ks":{"o":{"a":0,"k":100,"ix":11},"r":{"a":1,"k":[{"i":{"x":[0.833],"y":[0.833]},"o":{"x":[0.167],"y":[0.167]},"t":87,"s":[0]},{"i":{"x":[0.833],"y":[0.833]},"o":{"x":[0.167],"y":[0.167]},"t":137,"s":[73]},{"t":153,"s":[-4]}],"ix":10},"p":{"a":1,"k":[{"i":{"x":0.833,"y":0.833},"o":{"x":0.167,"y":0.167},"t":74,"s":[667.655,-131.807,0],"to":[0,0,0],"ti":[0,0,0]},{"i":{"x":0.833,"y":0.833},"o":{"x":0.167,"y":0.167},"t":83,"s":[667.655,170.193,0],"to":[0,0,0],"ti":[-0.667,-0.333,0]},{"i":{"x":0.833,"y":0.833},"o":{"x":0.167,"y":0.167},"t":115,"s":[671.655,172.193,0],"to":[0,0,0],"ti":[0,0,0]},{"i":{"x":0.833,"y":0.833},"o":{"x":0.167,"y":0.167},"t":181,"s":[671.655,172.193,0],"to":[-0.667,-264,0],"ti":[0.667,264,0]},{"t":199,"s":[347.655,-1411.807,0]}],"ix":2,"l":2},"a":{"a":0,"k":[540,540,0],"ix":1,"l":2},"s":{"a":0,"k":[40,40,100],"ix":6,"l":2}},"ao":0,"w":1080,"h":1080,"ip":74,"op":208,"st":-96,"bm":0},{"ddd":0,"ind":15,"ty":0,"nm":"rouage 2","refId":"comp_0","sr":1,"ks":{"o":{"a":0,"k":100,"ix":11},"r":{"a":1,"k":[{"i":{"x":[0.833],"y":[0.833]},"o":{"x":[0.167],"y":[0.167]},"t":79,"s":[0]},{"i":{"x":[0.833],"y":[0.833]},"o":{"x":[0.167],"y":[0.167]},"t":137,"s":[73]},{"t":153,"s":[-4]}],"ix":10},"p":{"a":1,"k":[{"i":{"x":0.833,"y":0.833},"o":{"x":0.167,"y":0.167},"t":66,"s":[858.124,-129.968,0],"to":[0,0,0],"ti":[0,0,0]},{"i":{"x":0.833,"y":0.833},"o":{"x":0.167,"y":0.167},"t":75,"s":[858.124,308.032,0],"to":[0,0,0],"ti":[-0.667,-0.333,0]},{"i":{"x":0.833,"y":0.833},"o":{"x":0.167,"y":0.167},"t":107,"s":[862.124,310.032,0],"to":[0,0,0],"ti":[0,0,0]},{"i":{"x":0.833,"y":0.833},"o":{"x":0.167,"y":0.167},"t":181,"s":[862.124,310.032,0],"to":[-0.667,-286.667,0],"ti":[0.667,286.667,0]},{"t":199,"s":[3786.124,-705.968,0]}],"ix":2,"l":2},"a":{"a":0,"k":[540,540,0],"ix":1,"l":2},"s":{"a":0,"k":[40,40,100],"ix":6,"l":2}},"ao":0,"w":1080,"h":1080,"ip":66,"op":200,"st":-104,"bm":0},{"ddd":0,"ind":16,"ty":0,"nm":"rouage 2","refId":"comp_0","sr":1,"ks":{"o":{"a":0,"k":100,"ix":11},"r":{"a":1,"k":[{"i":{"x":[0.833],"y":[0.833]},"o":{"x":[0.167],"y":[0.167]},"t":79,"s":[0]},{"i":{"x":[0.833],"y":[0.833]},"o":{"x":[0.167],"y":[0.167]},"t":137,"s":[73]},{"t":153,"s":[-4]}],"ix":10},"p":{"a":1,"k":[{"i":{"x":0.833,"y":0.833},"o":{"x":0.167,"y":0.167},"t":66,"s":[221.876,-120.916,0],"to":[0,0,0],"ti":[0,0,0]},{"i":{"x":0.833,"y":0.833},"o":{"x":0.167,"y":0.167},"t":75,"s":[221.876,314.084,0],"to":[0,0,0],"ti":[-0.667,-0.333,0]},{"i":{"x":0.833,"y":0.833},"o":{"x":0.167,"y":0.167},"t":107,"s":[225.876,316.084,0],"to":[0,0,0],"ti":[0,0,0]},{"i":{"x":0.833,"y":0.833},"o":{"x":0.167,"y":0.167},"t":181,"s":[225.876,316.084,0],"to":[-0.667,-286.167,0],"ti":[0.667,286.167,0]},{"t":199,"s":[-3010.124,-1256.916,0]}],"ix":2,"l":2},"a":{"a":0,"k":[540,540,0],"ix":1,"l":2},"s":{"a":0,"k":[40,40,100],"ix":6,"l":2}},"ao":0,"w":1080,"h":1080,"ip":66,"op":200,"st":-104,"bm":0},{"ddd":0,"ind":17,"ty":0,"nm":"rouage 2","refId":"comp_0","sr":1,"ks":{"o":{"a":0,"k":100,"ix":11},"r":{"a":1,"k":[{"i":{"x":[0.833],"y":[0.833]},"o":{"x":[0.167],"y":[0.167]},"t":88,"s":[0]},{"i":{"x":[0.833],"y":[0.833]},"o":{"x":[0.167],"y":[0.167]},"t":137,"s":[73]},{"t":153,"s":[-4]}],"ix":10},"p":{"a":1,"k":[{"i":{"x":0.833,"y":0.833},"o":{"x":0.167,"y":0.167},"t":75,"s":[661.576,1214.833,0],"to":[0,0,0],"ti":[0,0,0]},{"i":{"x":0.833,"y":0.833},"o":{"x":0.167,"y":0.167},"t":84,"s":[661.576,915.833,0],"to":[0,0,0],"ti":[-0.667,-0.333,0]},{"i":{"x":0.833,"y":0.833},"o":{"x":0.167,"y":0.167},"t":116,"s":[665.576,917.833,0],"to":[0,0,0],"ti":[0,0,0]},{"i":{"x":0.833,"y":0.833},"o":{"x":0.167,"y":0.167},"t":181,"s":[665.576,917.833,0],"to":[-0.667,249.5,0],"ti":[0.667,-249.5,0]},{"t":199,"s":[3813.576,1598.833,0]}],"ix":2,"l":2},"a":{"a":0,"k":[540,540,0],"ix":1,"l":2},"s":{"a":0,"k":[40,40,100],"ix":6,"l":2}},"ao":0,"w":1080,"h":1080,"ip":75,"op":209,"st":-95,"bm":0},{"ddd":0,"ind":18,"ty":0,"nm":"rouage 2","refId":"comp_0","sr":1,"ks":{"o":{"a":0,"k":100,"ix":11},"r":{"a":1,"k":[{"i":{"x":[0.739],"y":[1]},"o":{"x":[0.346],"y":[0]},"t":0,"s":[0]},{"i":{"x":[0.667],"y":[1]},"o":{"x":[0.613],"y":[0]},"t":16,"s":[37.469]},{"t":23,"s":[36],"h":1},{"i":{"x":[0.703],"y":[1]},"o":{"x":[0.34],"y":[0.225]},"t":79,"s":[36]},{"i":{"x":[0.739],"y":[1]},"o":{"x":[0.346],"y":[0]},"t":137,"s":[0]},{"i":{"x":[0.667],"y":[1]},"o":{"x":[0.613],"y":[0]},"t":153,"s":[37.469]},{"t":160,"s":[36],"h":1}],"ix":10},"p":{"a":0,"k":[540,540,0],"ix":2,"l":2},"a":{"a":0,"k":[540,540,0],"ix":1,"l":2},"s":{"a":0,"k":[100,100,100],"ix":6,"l":2}},"ao":0,"tm":{"a":1,"k":[{"i":{"x":[0.833],"y":[0.833]},"o":{"x":[0.167],"y":[0.167]},"t":66,"s":[1.1]},{"i":{"x":[0.833],"y":[0.833]},"o":{"x":[0.167],"y":[0.167]},"t":74,"s":[1.183]},{"i":{"x":[0.833],"y":[0.833]},"o":{"x":[0.167],"y":[0.167]},"t":183,"s":[1.183]},{"t":191,"s":[1.1]}],"ix":2},"w":1080,"h":1080,"ip":0,"op":1800,"st":0,"bm":0},{"ddd":0,"ind":19,"ty":0,"nm":"rouage 2","refId":"comp_0","sr":1,"ks":{"o":{"a":0,"k":50,"ix":11},"r":{"a":1,"k":[{"i":{"x":[0.739],"y":[1]},"o":{"x":[0.346],"y":[0]},"t":0,"s":[0]},{"i":{"x":[0.667],"y":[1]},"o":{"x":[0.613],"y":[0]},"t":16,"s":[37.469]},{"t":23,"s":[36],"h":1},{"i":{"x":[0.703],"y":[1]},"o":{"x":[0.34],"y":[0.225]},"t":79,"s":[36]},{"i":{"x":[0.739],"y":[1]},"o":{"x":[0.346],"y":[0]},"t":137,"s":[0]},{"i":{"x":[0.667],"y":[1]},"o":{"x":[0.613],"y":[0]},"t":153,"s":[37.469]},{"t":160,"s":[36],"h":1}],"ix":10},"p":{"a":0,"k":[546,552,0],"ix":2,"l":2},"a":{"a":0,"k":[540,540,0],"ix":1,"l":2},"s":{"a":0,"k":[100,100,100],"ix":6,"l":2}},"ao":0,"tm":{"a":1,"k":[{"i":{"x":[0.833],"y":[0.833]},"o":{"x":[0.167],"y":[0.167]},"t":66,"s":[1.1]},{"i":{"x":[0.833],"y":[0.833]},"o":{"x":[0.167],"y":[0.167]},"t":74,"s":[1.183]},{"i":{"x":[0.833],"y":[0.833]},"o":{"x":[0.167],"y":[0.167]},"t":183,"s":[1.183]},{"t":191,"s":[1.1]}],"ix":2},"w":1080,"h":1080,"ip":0,"op":1800,"st":0,"bm":0},{"ddd":0,"ind":21,"ty":4,"nm":".hitbox","cl":"hitbox","sr":1,"ks":{"o":{"a":0,"k":3,"ix":11},"r":{"a":0,"k":0,"ix":10},"p":{"a":0,"k":[540,540,0],"ix":2,"l":2},"a":{"a":0,"k":[0,0,0],"ix":1,"l":2},"s":{"a":0,"k":[70,70,100],"ix":6,"l":2}},"ao":0,"shapes":[{"ty":"gr","it":[{"d":1,"ty":"el","s":{"a":0,"k":[1080,1080],"ix":2},"p":{"a":0,"k":[0,0],"ix":3},"nm":"Ellipse Path 1","mn":"ADBE Vector Shape - Ellipse","hd":false},{"ty":"fl","c":{"a":0,"k":[0,0,0,1],"ix":4},"o":{"a":0,"k":100,"ix":5},"r":1,"bm":0,"nm":"Fill 1","mn":"ADBE Vector Graphic - Fill","hd":false},{"ty":"tr","p":{"a":0,"k":[0,0],"ix":2},"a":{"a":0,"k":[0,0],"ix":1},"s":{"a":0,"k":[100,100],"ix":3},"r":{"a":0,"k":0,"ix":6},"o":{"a":0,"k":100,"ix":7},"sk":{"a":0,"k":0,"ix":4},"sa":{"a":0,"k":0,"ix":5},"nm":"Transform"}],"nm":"Ellipse 1","np":3,"cix":2,"bm":0,"ix":1,"mn":"ADBE Vector Group","hd":false}],"ip":0,"op":1800,"st":0,"ct":1,"bm":0}],"markers":[{"tm":0,"cm":"hover-start","dr":0},{"tm":34,"cm":"hover-end","dr":0},{"tm":66,"cm":"active-start","dr":0},{"tm":137,"cm":"active-end","dr":0},{"tm":138,"cm":"hover2-start","dr":0},{"tm":160,"cm":"hover2-end","dr":0},{"tm":181,"cm":"active2-start","dr":0},{"tm":198,"cm":"active2-end","dr":0}],"props":{}}