{
  "v": "5.12.1",
  "fr": 60,
  "ip": 0,
  "op": 314,
  "w": 1080,
  "h": 1080,
  "nm": "toggle12",
  "ddd": 0,
  "assets": [],
  "layers": [
    {
      "ddd": 0,
      "ind": 1,
      "ty": 3,
      "nm": "Null 1",
      "sr": 1,
      "ks": {
        "o": { "a": 0, "k": 0, "ix": 11 },
        "r": { "a": 0, "k": 0, "ix": 10 },
        "p": { "a": 0, "k": [540, 540, 0], "ix": 2, "l": 2 },
        "a": { "a": 0, "k": [0, 0, 0], "ix": 1, "l": 2 },
        "s": { "a": 0, "k": [40, 40, 100], "ix": 6, "l": 2 }
      },
      "ao": 0,
      "ip": 0,
      "op": 314,
      "st": 0,
      "bm": 0
    },
    {
      "ddd": 0,
      "ind": 4,
      "ty": 4,
      "nm": ".toggle",
      "cl": "toggle",
      "parent": 1,
      "sr": 1,
      "ks": {
        "o": { "a": 0, "k": 100, "ix": 11 },
        "r": { "a": 0, "k": 0, "ix": 10 },
        "p": {
          "a": 1,
          "k": [
            {
              "i": { "x": 0.833, "y": 0.833 },
              "o": { "x": 0.167, "y": 0.167 },
              "t": 0,
              "s": [261.096, 0.039, 0],
              "to": [4.062, 0, 0],
              "ti": [165.446, 0, 0]
            },
            {
              "i": { "x": 0.833, "y": 0.833 },
              "o": { "x": 0.167, "y": 0.167 },
              "t": 17,
              "s": [-255.5, 0.039, 0],
              "to": [0, 0, 0],
              "ti": [-136.25, 0, 0]
            },
            {
              "i": { "x": 0.833, "y": 0.833 },
              "o": { "x": 0.167, "y": 0.167 },
              "t": 31,
              "s": [-255.5, 0.039, 0],
              "to": [165.446, 0, 0],
              "ti": [4.062, 0, 0]
            },
            {
              "i": { "x": 0.833, "y": 0.833 },
              "o": { "x": 0.167, "y": 0.167 },
              "t": 48,
              "s": [261.096, 0.039, 0],
              "to": [-2.867, 0, 0],
              "ti": [0, 0, 0]
            },
            {
              "i": { "x": 0.667, "y": 1 },
              "o": { "x": 0.167, "y": 0.167 },
              "t": 60,
              "s": [261.096, 0.039, 0],
              "to": [4.062, 0, 0],
              "ti": [165.446, 0, 0]
            },
            {
              "i": { "x": 0.667, "y": 1 },
              "o": { "x": 0.333, "y": 0 },
              "t": 77,
              "s": [-255.5, 0.039, 0],
              "to": [0, 0, 0],
              "ti": [0, 0, 0]
            },
            { "t": 100, "s": [310.205, -162.486, 0] }
          ],
          "ix": 2,
          "l": 2
        },
        "a": { "a": 0, "k": [801.096, 540.039, 0], "ix": 1, "l": 2 },
        "s": {
          "a": 1,
          "k": [
            {
              "i": { "x": [0.833, 0.833, 0.833], "y": [0.833, 0.833, 0.833] },
              "o": { "x": [0.167, 0.167, 0.167], "y": [0.167, 0.167, 0.167] },
              "t": 0,
              "s": [100, 100, 100]
            },
            {
              "i": { "x": [0.833, 0.833, 0.833], "y": [0.833, 0.833, 0.833] },
              "o": { "x": [0.167, 0.167, 0.167], "y": [0.167, 0.167, 0.167] },
              "t": 5,
              "s": [136, 100, 100]
            },
            {
              "i": { "x": [0.833, 0.833, 0.833], "y": [0.833, 0.833, 0.833] },
              "o": { "x": [0.167, 0.167, 0.167], "y": [0.167, 0.167, 0.167] },
              "t": 17,
              "s": [100, 100, 100]
            },
            {
              "i": { "x": [0.833, 0.833, 0.833], "y": [0.833, 0.833, 0.833] },
              "o": { "x": [0.167, 0.167, 0.167], "y": [0.167, 0.167, 0.167] },
              "t": 31,
              "s": [100, 100, 100]
            },
            {
              "i": { "x": [0.833, 0.833, 0.833], "y": [0.833, 0.833, 0.833] },
              "o": { "x": [0.167, 0.167, 0.167], "y": [0.167, 0.167, 0.167] },
              "t": 43,
              "s": [136, 100, 100]
            },
            {
              "i": { "x": [0.833, 0.833, 0.833], "y": [0.833, 0.833, 0.833] },
              "o": { "x": [0.167, 0.167, 0.167], "y": [0.167, 0.167, 0.167] },
              "t": 48,
              "s": [100, 100, 100]
            },
            {
              "i": { "x": [0.833, 0.833, 0.833], "y": [0.833, 0.833, 0.833] },
              "o": { "x": [0.167, 0.167, 0.167], "y": [0.167, 0.167, 0.167] },
              "t": 60,
              "s": [100, 100, 100]
            },
            {
              "i": { "x": [0.833, 0.833, 0.833], "y": [0.833, 0.833, 0.833] },
              "o": { "x": [0.167, 0.167, 0.167], "y": [0.167, 0.167, 0.167] },
              "t": 65,
              "s": [136, 100, 100]
            },
            {
              "i": { "x": [0.833, 0.833, 0.833], "y": [0.833, 0.833, 0.833] },
              "o": { "x": [0.167, 0.167, 0.167], "y": [0.167, 0.167, 0.167] },
              "t": 77,
              "s": [100, 100, 100]
            },
            { "t": 102, "s": [136, 146, 100] }
          ],
          "ix": 6,
          "l": 2
        }
      },
      "ao": 0,
      "shapes": [
        {
          "ty": "gr",
          "it": [
            {
              "ind": 0,
              "ty": "sh",
              "ix": 1,
              "ks": {
                "a": 0,
                "k": {
                  "i": [
                    [0, -127.215],
                    [127.216, 0],
                    [0, 127.215],
                    [-127.215, 0]
                  ],
                  "o": [
                    [0, 127.215],
                    [-127.215, 0],
                    [0, -127.215],
                    [127.216, 0]
                  ],
                  "v": [
                    [230.344, 0],
                    [0, 230.344],
                    [-230.344, 0],
                    [0, -230.344]
                  ],
                  "c": true
                },
                "ix": 2
              },
              "nm": "Path 1",
              "mn": "ADBE Vector Shape - Group",
              "hd": false
            },
            {
              "ty": "fl",
              "c": {
                "a": 0,
                "k": [0.95764708519, 0.969804883003, 1, 1],
                "ix": 4
              },
              "o": { "a": 0, "k": 100, "ix": 5 },
              "r": 1,
              "bm": 0,
              "nm": ".circle-fill",
              "mn": "ADBE Vector Graphic - Fill",
              "hd": false,
              "cl": "circle-fill"
            },
            {
              "ty": "tr",
              "p": { "a": 0, "k": [801.096, 540], "ix": 2 },
              "a": { "a": 0, "k": [0, 0], "ix": 1 },
              "s": { "a": 0, "k": [100, 100], "ix": 3 },
              "r": { "a": 0, "k": 0, "ix": 6 },
              "o": { "a": 0, "k": 100, "ix": 7 },
              "sk": { "a": 0, "k": 0, "ix": 4 },
              "sa": { "a": 0, "k": 0, "ix": 5 },
              "nm": "Transform"
            }
          ],
          "nm": "Group 1",
          "np": 2,
          "cix": 2,
          "bm": 0,
          "ix": 1,
          "mn": "ADBE Vector Group",
          "hd": false
        },
        {
          "ty": "fl",
          "c": { "a": 0, "k": [1, 0, 0, 1], "ix": 4 },
          "o": { "a": 0, "k": 100, "ix": 5 },
          "r": 1,
          "bm": 0,
          "nm": ".fillback",
          "mn": "ADBE Vector Graphic - Fill",
          "hd": false,
          "cl": "fillback"
        }
      ],
      "ip": 0,
      "op": 314,
      "st": 0,
      "ct": 1,
      "bm": 0
    },
    {
      "ddd": 0,
      "ind": 6,
      "ty": 4,
      "nm": ".back",
      "cl": "back",
      "parent": 1,
      "sr": 1,
      "ks": {
        "o": { "a": 0, "k": 100, "ix": 11 },
        "r": { "a": 0, "k": 0, "ix": 10 },
        "p": { "a": 0, "k": [0, 0, 0], "ix": 2, "l": 2 },
        "a": { "a": 0, "k": [540, 540, 0], "ix": 1, "l": 2 },
        "s": { "a": 0, "k": [100, 100, 100], "ix": 6, "l": 2 }
      },
      "ao": 0,
      "shapes": [
        {
          "ty": "gr",
          "it": [
            {
              "ind": 0,
              "ty": "sh",
              "ix": 1,
              "ks": {
                "a": 0,
                "k": {
                  "i": [
                    [143.571, 0],
                    [0, 0],
                    [0, 143.572],
                    [-143.572, 0],
                    [0, 0],
                    [0, -143.572]
                  ],
                  "o": [
                    [0, 0],
                    [-143.572, 0],
                    [0, -143.572],
                    [0, 0],
                    [143.571, 0],
                    [0, 143.572]
                  ],
                  "v": [
                    [261.039, 261.039],
                    [-261.039, 261.039],
                    [-522.078, 0],
                    [-261.039, -261.039],
                    [261.039, -261.039],
                    [522.078, 0]
                  ],
                  "c": true
                },
                "ix": 2
              },
              "nm": "Path 1",
              "mn": "ADBE Vector Shape - Group",
              "hd": false
            },
            {
              "ty": "fl",
              "c": {
                "a": 1,
                "k": [
                  {
                    "i": { "x": [0.833], "y": [0.833] },
                    "o": { "x": [0.167], "y": [0.167] },
                    "t": 0,
                    "s": [0.26781091094, 0.352400898933, 0.887652754784, 1]
                  },
                  {
                    "i": { "x": [0.833], "y": [0.833] },
                    "o": { "x": [0.167], "y": [0.167] },
                    "t": 17,
                    "s": [0.51160210371, 0.600894451141, 0.643921613693, 1]
                  },
                  {
                    "i": { "x": [0.833], "y": [0.833] },
                    "o": { "x": [0.167], "y": [0.167] },
                    "t": 31,
                    "s": [0.51160210371, 0.600894451141, 0.643921613693, 1]
                  },
                  {
                    "i": { "x": [0.833], "y": [0.833] },
                    "o": { "x": [0.167], "y": [0.167] },
                    "t": 48,
                    "s": [0.266666680574, 0.352941185236, 0.886274516582, 1]
                  },
                  {
                    "i": { "x": [0.833], "y": [0.833] },
                    "o": { "x": [0.167], "y": [0.167] },
                    "t": 60,
                    "s": [0.266666680574, 0.352941185236, 0.886274516582, 1]
                  },
                  {
                    "i": { "x": [0.833], "y": [0.833] },
                    "o": { "x": [0.167], "y": [0.167] },
                    "t": 77,
                    "s": [0.51160210371, 0.600894451141, 0.643921613693, 1]
                  },
                  {
                    "t": 107,
                    "s": [0.266666680574, 0.352941185236, 0.886274516582, 1]
                  }
                ],
                "ix": 4
              },
              "o": { "a": 0, "k": 100, "ix": 5 },
              "r": 1,
              "bm": 0,
              "nm": "Fill 1",
              "mn": "ADBE Vector Graphic - Fill",
              "hd": false
            },
            {
              "ty": "tr",
              "p": { "a": 0, "k": [540, 540], "ix": 2 },
              "a": { "a": 0, "k": [0, 0], "ix": 1 },
              "s": { "a": 0, "k": [100, 100], "ix": 3 },
              "r": { "a": 0, "k": 0, "ix": 6 },
              "o": { "a": 0, "k": 100, "ix": 7 },
              "sk": { "a": 0, "k": 0, "ix": 4 },
              "sa": { "a": 0, "k": 0, "ix": 5 },
              "nm": "Transform"
            }
          ],
          "nm": "Group 1",
          "np": 2,
          "cix": 2,
          "bm": 0,
          "ix": 1,
          "mn": "ADBE Vector Group",
          "hd": false
        }
      ],
      "ip": 0,
      "op": 314,
      "st": 0,
      "ct": 1,
      "bm": 0
    }
  ],
  "markers": [
    { "tm": 0, "cm": "on-start", "dr": 0 },
    { "tm": 17, "cm": "on-end", "dr": 0 },
    { "tm": 31, "cm": "close-start", "dr": 0 },
    { "tm": 48, "cm": "close-end", "dr": 0 }
  ],
  "props": {}
}
