{"v":"5.12.1","fr":30,"ip":0,"op":281,"w":1080,"h":1080,"nm":"V3-Fini !","ddd":0,"assets":[{"id":"comp_0","nm":"V3-Fini ?","fr":30,"layers":[{"ddd":0,"ind":1,"ty":0,"nm":"Comp 1","refId":"comp_1","sr":1,"ks":{"o":{"a":0,"k":100,"ix":11},"r":{"a":0,"k":0,"ix":10},"p":{"a":0,"k":[540,540,0],"ix":2,"l":2},"a":{"a":0,"k":[540,540,0],"ix":1,"l":2},"s":{"a":0,"k":[100,100,100],"ix":6,"l":2}},"ao":0,"tm":{"a":1,"k":[{"i":{"x":[0.833],"y":[0.833]},"o":{"x":[0.167],"y":[0.167]},"t":0,"s":[0]},{"t":571,"s":[30]}],"ix":2},"w":1080,"h":1080,"ip":0,"op":299,"st":0,"bm":0}]},{"id":"comp_1","nm":"Comp 1","fr":30,"layers":[{"ddd":0,"ind":2,"ty":3,"nm":"rescale-eyes","sr":1,"ks":{"o":{"a":0,"k":0,"ix":11},"r":{"a":0,"k":0,"ix":10},"p":{"a":0,"k":[535,547,0],"ix":2,"l":2},"a":{"a":0,"k":[0,0,0],"ix":1,"l":2},"s":{"a":0,"k":[86.2,92.226,100],"ix":6,"l":2}},"ao":0,"ip":0,"op":900,"st":0,"bm":0},{"ddd":0,"ind":3,"ty":0,"nm":"eyes","refId":"comp_2","sr":1,"ks":{"o":{"a":0,"k":100,"ix":11},"r":{"a":0,"k":0,"ix":10},"p":{"a":0,"k":[540,540,0],"ix":2,"l":2},"a":{"a":0,"k":[540,540,0],"ix":1,"l":2},"s":{"a":0,"k":[100,100,100],"ix":6,"l":2}},"ao":0,"hasMask":true,"masksProperties":[{"inv":false,"mode":"a","pt":{"a":0,"k":{"i":[[101.62,0],[0,-101.62],[-101.62,0],[0,101.62]],"o":[[-101.62,0],[0,101.62],[101.62,0],[0,-101.62]],"v":[[540,236],[356,420],[540,604],[724,420]],"c":true},"ix":1},"o":{"a":0,"k":100,"ix":3},"x":{"a":0,"k":0,"ix":4},"nm":"Mask 1"}],"w":1080,"h":1080,"ip":0,"op":900,"st":0,"bm":0},{"ddd":0,"ind":4,"ty":4,"nm":"O1/EXPort-08-10 Outlines 6","sr":1,"ks":{"o":{"a":0,"k":99,"ix":11},"r":{"a":0,"k":0,"ix":10},"p":{"a":0,"k":[536,428,0],"ix":2,"l":2},"a":{"a":0,"k":[283,283,0],"ix":1,"l":2},"s":{"a":0,"k":[102.186,102.186,100],"ix":6,"l":2}},"ao":0,"shapes":[{"ty":"gr","it":[{"ind":0,"ty":"sh","ix":1,"ks":{"a":0,"k":{"i":[[0,-100.977],[100.977,0],[0,100.977],[-100.977,0]],"o":[[0,100.977],[-100.977,0],[0,-100.977],[100.977,0]],"v":[[182.835,0],[0,182.835],[-182.835,0],[0,-182.835]],"c":true},"ix":2},"nm":"Path 1","mn":"ADBE Vector Shape - Group","hd":false},{"ty":"st","c":{"a":0,"k":[0.152941176471,0.152941176471,0.152941176471,1],"ix":3},"o":{"a":0,"k":100,"ix":4},"w":{"a":0,"k":63,"ix":5},"lc":2,"lj":2,"bm":0,"nm":"Stroke 1","mn":"ADBE Vector Graphic - Stroke","hd":false},{"ty":"tr","p":{"a":0,"k":[282.835,282.835],"ix":2},"a":{"a":0,"k":[0,0],"ix":1},"s":{"a":0,"k":[100,100],"ix":3},"r":{"a":0,"k":0,"ix":6},"o":{"a":0,"k":100,"ix":7},"sk":{"a":0,"k":0,"ix":4},"sa":{"a":0,"k":0,"ix":5},"nm":"Transform"}],"nm":"Group 1","np":2,"cix":2,"bm":0,"ix":1,"mn":"ADBE Vector Group","hd":false}],"ip":-0.5,"op":466,"st":-2.5,"ct":1,"bm":0},{"ddd":0,"ind":5,"ty":4,"nm":"mask-play","sr":1,"ks":{"o":{"a":0,"k":100,"ix":11},"r":{"a":0,"k":-17,"ix":10},"p":{"a":0,"k":[798.25,343.711,0],"ix":2,"l":2},"a":{"a":0,"k":[-59.75,171.711,0],"ix":1,"l":2},"s":{"a":0,"k":[46.123,94.516,100],"ix":6,"l":2}},"ao":0,"shapes":[{"ty":"gr","it":[{"d":1,"ty":"el","s":{"a":0,"k":[370.438,343.484],"ix":2},"p":{"a":0,"k":[0,0],"ix":3},"nm":"Ellipse Path 1","mn":"ADBE Vector Shape - Ellipse","hd":false},{"ty":"fl","c":{"a":0,"k":[1,1,1,1],"ix":4},"o":{"a":0,"k":100,"ix":5},"r":1,"bm":0,"nm":"Fill 1","mn":"ADBE Vector Graphic - Fill","hd":false},{"ty":"tr","p":{"a":0,"k":[-52.805,169.773],"ix":2},"a":{"a":0,"k":[0,0],"ix":1},"s":{"a":0,"k":[136.544,136.544],"ix":3},"r":{"a":0,"k":0,"ix":6},"o":{"a":0,"k":100,"ix":7},"sk":{"a":0,"k":0,"ix":4},"sa":{"a":0,"k":0,"ix":5},"nm":"Transform"}],"nm":"Ellipse 1","np":3,"cix":2,"bm":0,"ix":1,"mn":"ADBE Vector Group","hd":false}],"ip":376,"op":414,"st":-241,"ct":1,"bm":0},{"ddd":0,"ind":6,"ty":4,"nm":">/EXPort-08-10 Outlines 4","sr":1,"ks":{"o":{"a":0,"k":100,"ix":11},"r":{"a":0,"k":0,"ix":10},"p":{"a":1,"k":[{"i":{"x":0.667,"y":1},"o":{"x":0.333,"y":0},"t":396,"s":[776.638,380.944,0],"to":[0,0,0],"ti":[0,0,0]},{"i":{"x":0.667,"y":1},"o":{"x":0.167,"y":0},"t":418,"s":[562.761,419.237,0],"to":[0,0,0],"ti":[0,0,0]},{"i":{"x":0.667,"y":1},"o":{"x":0.167,"y":0},"t":420,"s":[558.725,420.272,0],"to":[0,0,0],"ti":[0,0,0]},{"t":434,"s":[558.484,419.665,0]}],"ix":2,"l":2},"a":{"a":0,"k":[102.763,122.434,0],"ix":1,"l":2},"s":{"a":1,"k":[{"i":{"x":[0.833,0.833,0.833],"y":[0.833,0.833,0.833]},"o":{"x":[0.167,0.167,0.167],"y":[0.167,0.167,0.167]},"t":426,"s":[100.886,103.493,100]},{"i":{"x":[0.833,0.833,0.833],"y":[0.833,0.833,0.833]},"o":{"x":[0.167,0.167,0.167],"y":[0.167,0.167,0.167]},"t":434,"s":[58.886,60.407,100]},{"i":{"x":[0.833,0.833,0.833],"y":[0.833,0.833,0.833]},"o":{"x":[0.167,0.167,0.167],"y":[0.167,0.167,0.167]},"t":442,"s":[113.886,116.829,100]},{"t":451,"s":[100.886,103.493,100]}],"ix":6,"l":2}},"ao":0,"shapes":[{"ty":"gr","it":[{"ind":0,"ty":"sh","ix":1,"ks":{"a":1,"k":[{"i":{"x":0.667,"y":1},"o":{"x":0.333,"y":0},"t":396,"s":[{"i":[[10.008,-18.502],[12.68,-12.389],[0,0],[0.048,27.219],[-0.493,68.789],[0,0],[-22.079,-13.351],[-20.355,-11.986],[0,0]],"o":[[0,0],[-13.24,12.936],[-13.011,9.469],[0,0],[0.493,-68.789],[0,-25.802],[0,0],[20.355,11.986],[17.741,6.16]],"v":[[74.377,-17.821],[34.796,25.179],[-24.155,90.128],[-68.145,109.833],[-44.667,11.736],[-100.526,-107.479],[-62.819,-109.446],[10.867,-68.098],[60.845,-50.021]],"c":true}]},{"t":418,"s":[{"i":[[21.608,-10.964],[0,0],[0,0],[0.048,27.219],[0,0],[0,0],[-22.079,-13.351],[0,0],[0,0]],"o":[[0,0],[0,0],[-13.011,9.469],[0,0],[0,0],[0,-25.802],[0,0],[0,0],[14.841,10.4]],"v":[[87.91,22.696],[28.644,56.036],[-63.786,108.031],[-103.909,88.161],[-103.612,-18.392],[-103.426,-84.865],[-61.853,-107.561],[10.031,-67.224],[92.743,-20.811]],"c":true}]}],"ix":2},"nm":"Path 1","mn":"ADBE Vector Shape - Group","hd":false},{"ty":"fl","c":{"a":0,"k":[0.152941176471,0.152941176471,0.152941176471,1],"ix":4},"o":{"a":0,"k":100,"ix":5},"r":1,"bm":0,"nm":"Fill 1","mn":"ADBE Vector Graphic - Fill","hd":false},{"ty":"tr","p":{"a":0,"k":[102.709,122.576],"ix":2},"a":{"a":0,"k":[0,0],"ix":1},"s":{"a":0,"k":[100,100],"ix":3},"r":{"a":0,"k":0,"ix":6},"o":{"a":0,"k":100,"ix":7},"sk":{"a":0,"k":0,"ix":4},"sa":{"a":0,"k":0,"ix":5},"nm":"Transform"}],"nm":"Group 1","np":2,"cix":2,"bm":0,"ix":1,"mn":"ADBE Vector Group","hd":false}],"ip":376,"op":801,"st":401,"ct":1,"bm":0},{"ddd":0,"ind":7,"ty":3,"nm":"Null 5","sr":1,"ks":{"o":{"a":0,"k":0,"ix":11},"r":{"a":1,"k":[{"i":{"x":[0.667],"y":[1]},"o":{"x":[0.333],"y":[0]},"t":0,"s":[0]},{"i":{"x":[0.667],"y":[1]},"o":{"x":[0.167],"y":[0]},"t":50,"s":[0.7]},{"t":116,"s":[0.7]}],"ix":10},"p":{"a":1,"k":[{"i":{"x":0.667,"y":0.968},"o":{"x":0.333,"y":0},"t":0,"s":[472,508,0],"to":[0,0,0],"ti":[0,0,0]},{"i":{"x":0.667,"y":0.667},"o":{"x":0.167,"y":0.167},"t":52,"s":[459.008,880.654,0],"to":[0,0,0],"ti":[0,0,0]},{"t":118,"s":[459.008,880.654,0]}],"ix":2,"l":2},"a":{"a":0,"k":[0,0,0],"ix":1,"l":2},"s":{"a":1,"k":[{"i":{"x":[0.667,0.667,0.667],"y":[1,1,1]},"o":{"x":[0.333,0.333,0.333],"y":[0,0,0]},"t":0,"s":[48.95,48.95,100]},{"i":{"x":[0.667,0.667,0.667],"y":[1,1,1]},"o":{"x":[0.167,0.167,0.167],"y":[0,0,0]},"t":52,"s":[76.95,76.95,100]},{"t":118,"s":[76.95,76.95,100]}],"ix":6,"l":2}},"ao":0,"ip":0,"op":894,"st":0,"bm":0},{"ddd":0,"ind":8,"ty":3,"nm":"top-triangle","parent":7,"sr":1,"ks":{"o":{"a":0,"k":0,"ix":11},"r":{"a":0,"k":0,"ix":10},"p":{"a":1,"k":[{"i":{"x":0.667,"y":1},"o":{"x":0.333,"y":0},"t":0,"s":[153.987,-229.527,0],"to":[0,0,0],"ti":[0,0,0]},{"i":{"x":0.667,"y":1},"o":{"x":0.167,"y":0},"t":57,"s":[107.671,-344.755,0],"to":[0,0,0],"ti":[0,0,0]},{"i":{"x":0.667,"y":1},"o":{"x":0.167,"y":0},"t":99,"s":[108.528,-274.585,0],"to":[0,0,0],"ti":[0,0,0]},{"t":100,"s":[105.263,-369.129,0]}],"ix":2,"l":2},"a":{"a":0,"k":[0,0,0],"ix":1,"l":2},"s":{"a":0,"k":[100,100,100],"ix":6,"l":2}},"ao":0,"ip":0,"op":895,"st":0,"bm":0},{"ddd":0,"ind":9,"ty":3,"nm":"Shape Layer 1: Path 1 [1.1.0]","cl":"1 0","parent":7,"sr":1,"ks":{"o":{"a":0,"k":0,"ix":11},"r":{"a":0,"k":0,"ix":10},"p":{"a":1,"k":[{"i":{"x":0.667,"y":1},"o":{"x":0.333,"y":0},"t":0,"s":[353.301,-174.642,0],"to":[0,0,0],"ti":[0,0,0]},{"i":{"x":0.667,"y":0.667},"o":{"x":0.167,"y":0.167},"t":57,"s":[385.987,99.106,0],"to":[0,0,0],"ti":[0,0,0]},{"i":{"x":0.667,"y":1},"o":{"x":0.167,"y":0},"t":80,"s":[385.987,99.106,0],"to":[0,0,0],"ti":[0,0,0]},{"t":117,"s":[152.517,-501.074,0]}],"ix":2,"l":2},"a":{"a":0,"k":[0,0,0],"ix":1,"l":2},"s":{"a":0,"k":[100,100,100],"ix":6,"l":2}},"ao":0,"ip":0,"op":895,"st":0,"bm":0},{"ddd":0,"ind":10,"ty":3,"nm":"Shape Layer 1: Path 1 [1.1.1]","cl":"1 1","parent":7,"sr":1,"ks":{"o":{"a":0,"k":0,"ix":11},"r":{"a":0,"k":0,"ix":10},"p":{"a":1,"k":[{"i":{"x":0.667,"y":1},"o":{"x":0.333,"y":0},"t":0,"s":[17.113,19.483,0],"to":[0,0,0],"ti":[0,0,0]},{"i":{"x":0.667,"y":0.667},"o":{"x":0.167,"y":0.167},"t":57,"s":[93.14,5.047,0],"to":[0,0,0],"ti":[0,0,0]},{"i":{"x":0.667,"y":1},"o":{"x":0.167,"y":0},"t":80,"s":[93.14,5.047,0],"to":[0,0,0],"ti":[0,0,0]},{"t":103,"s":[88.177,-826.661,0]}],"ix":2,"l":2},"a":{"a":0,"k":[0,0,0],"ix":1,"l":2},"s":{"a":0,"k":[100,100,100],"ix":6,"l":2}},"ao":0,"ip":0,"op":895,"st":0,"bm":0},{"ddd":0,"ind":11,"ty":3,"nm":"Shape Layer 1: Path 1 [1.1.2]","cl":"1 2","parent":7,"sr":1,"ks":{"o":{"a":0,"k":0,"ix":11},"r":{"a":0,"k":0,"ix":10},"p":{"a":1,"k":[{"i":{"x":0.667,"y":1},"o":{"x":0.333,"y":0},"t":0,"s":[19.285,-368.853,0],"to":[0,0,0],"ti":[0,0,0]},{"i":{"x":0.667,"y":1},"o":{"x":0.167,"y":0},"t":57,"s":[-152.822,110.516,0],"to":[0,0,0],"ti":[0,0,0]},{"i":{"x":0.667,"y":1},"o":{"x":0.167,"y":0},"t":80,"s":[-142.489,105.191,0],"to":[0,0,0],"ti":[0,0,0]},{"t":117,"s":[-19.975,-504.536,0]}],"ix":2,"l":2},"a":{"a":0,"k":[0,0,0],"ix":1,"l":2},"s":{"a":0,"k":[100,100,100],"ix":6,"l":2}},"ao":0,"ip":0,"op":895,"st":0,"bm":0},{"ddd":0,"ind":12,"ty":4,"nm":"mask-head","sr":1,"ks":{"o":{"a":0,"k":100,"ix":11},"r":{"a":0,"k":0,"ix":10},"p":{"a":1,"k":[{"i":{"x":0.833,"y":0.833},"o":{"x":0.167,"y":0.167},"t":0,"s":[-289.75,417.711,0],"to":[0,0,0],"ti":[0,0,0]},{"t":68,"s":[531.25,421.711,0]}],"ix":2,"l":2},"a":{"a":0,"k":[-59.75,171.711,0],"ix":1,"l":2},"s":{"a":0,"k":[90.368,95.714,100],"ix":6,"l":2}},"ao":0,"shapes":[{"ty":"gr","it":[{"d":1,"ty":"el","s":{"a":0,"k":[370.438,343.484],"ix":2},"p":{"a":0,"k":[0,0],"ix":3},"nm":"Ellipse Path 1","mn":"ADBE Vector Shape - Ellipse","hd":false},{"ty":"fl","c":{"a":0,"k":[1,1,1,1],"ix":4},"o":{"a":0,"k":100,"ix":5},"r":1,"bm":0,"nm":"Fill 1","mn":"ADBE Vector Graphic - Fill","hd":false},{"ty":"tr","p":{"a":0,"k":[-52.805,169.773],"ix":2},"a":{"a":0,"k":[0,0],"ix":1},"s":{"a":0,"k":[136.544,136.544],"ix":3},"r":{"a":0,"k":0,"ix":6},"o":{"a":0,"k":100,"ix":7},"sk":{"a":0,"k":0,"ix":4},"sa":{"a":0,"k":0,"ix":5},"nm":"Transform"}],"nm":"Ellipse 1","np":3,"cix":2,"bm":0,"ix":1,"mn":"ADBE Vector Group","hd":false}],"ip":0,"op":726,"st":-174,"ct":1,"bm":0},{"ddd":0,"ind":14,"ty":4,"nm":"Shape Layer 2","sr":1,"ks":{"o":{"a":0,"k":100,"ix":11},"r":{"a":0,"k":90,"ix":10},"p":{"a":0,"k":[564.254,308.124,0],"ix":2,"l":2},"a":{"a":0,"k":[-23.234,36.922,0],"ix":1,"l":2},"s":{"a":0,"k":[48.95,48.95,100],"ix":6,"l":2}},"ao":0,"ef":[{"ty":5,"nm":"Shape Layer 1: Path 1 [1.1.0]","np":3,"mn":"ADBE Layer Control","ix":1,"en":1,"ef":[{"ty":10,"nm":"Layer","mn":"ADBE Layer Control-0001","ix":1,"v":{"a":0,"k":9,"ix":1}}]},{"ty":5,"nm":"Shape Layer 1: Path 1 [1.1.1]","np":3,"mn":"ADBE Layer Control","ix":2,"en":1,"ef":[{"ty":10,"nm":"Layer","mn":"ADBE Layer Control-0001","ix":1,"v":{"a":0,"k":8,"ix":1}}]},{"ty":5,"nm":"Shape Layer 1: Path 1 [1.1.2]","np":3,"mn":"ADBE Layer Control","ix":3,"en":1,"ef":[{"ty":10,"nm":"Layer","mn":"ADBE Layer Control-0001","ix":1,"v":{"a":0,"k":11,"ix":1}}]}],"shapes":[{"ty":"gr","it":[{"ind":0,"ty":"sh","ix":1,"ks":{"k":[{"s":[{"i":[[0,0],[0,0],[0,0]],"o":[[0,0],[0,0],[0,0]],"v":[[210.449,-127.914],[155.564,71.4],[16.238,206.102]],"c":true}],"t":0,"i":{"x":1,"y":1},"o":{"x":0,"y":0}},{"s":[{"i":[[0,0],[0,0],[0,0]],"o":[[0,0],[0,0],[0,0]],"v":[[211.402,-128.139],[156.125,71.371],[17.252,206.27]],"c":true}],"t":1,"i":{"x":1,"y":1},"o":{"x":0,"y":0}},{"s":[{"i":[[0,0],[0,0],[0,0]],"o":[[0,0],[0,0],[0,0]],"v":[[214.216,-128.805],[157.777,71.285],[20.249,206.767]],"c":true}],"t":2,"i":{"x":1,"y":1},"o":{"x":0,"y":0}},{"s":[{"i":[[0,0],[0,0],[0,0]],"o":[[0,0],[0,0],[0,0]],"v":[[218.823,-129.893],[160.474,71.145],[25.16,207.584]],"c":true}],"t":3,"i":{"x":1,"y":1},"o":{"x":0,"y":0}},{"s":[{"i":[[0,0],[0,0],[0,0]],"o":[[0,0],[0,0],[0,0]],"v":[[225.161,-131.387],[164.171,70.956],[31.926,208.715]],"c":true}],"t":4,"i":{"x":1,"y":1},"o":{"x":0,"y":0}},{"s":[{"i":[[0,0],[0,0],[0,0]],"o":[[0,0],[0,0],[0,0]],"v":[[233.169,-133.272],[168.819,70.722],[40.491,210.155]],"c":true}],"t":5,"i":{"x":1,"y":1},"o":{"x":0,"y":0}},{"s":[{"i":[[0,0],[0,0],[0,0]],"o":[[0,0],[0,0],[0,0]],"v":[[242.79,-135.53],[174.372,70.447],[50.805,211.9]],"c":true}],"t":6,"i":{"x":1,"y":1},"o":{"x":0,"y":0}},{"s":[{"i":[[0,0],[0,0],[0,0]],"o":[[0,0],[0,0],[0,0]],"v":[[253.966,-138.147],[180.773,70.137],[62.812,213.948]],"c":true}],"t":7,"i":{"x":1,"y":1},"o":{"x":0,"y":0}},{"s":[{"i":[[0,0],[0,0],[0,0]],"o":[[0,0],[0,0],[0,0]],"v":[[266.642,-141.105],[187.977,69.797],[76.468,216.296]],"c":true}],"t":8,"i":{"x":1,"y":1},"o":{"x":0,"y":0}},{"s":[{"i":[[0,0],[0,0],[0,0]],"o":[[0,0],[0,0],[0,0]],"v":[[280.763,-144.39],[195.937,69.429],[91.729,218.946]],"c":true}],"t":9,"i":{"x":1,"y":1},"o":{"x":0,"y":0}},{"s":[{"i":[[0,0],[0,0],[0,0]],"o":[[0,0],[0,0],[0,0]],"v":[[296.274,-147.986],[204.598,69.039],[108.542,221.894]],"c":true}],"t":10,"i":{"x":1,"y":1},"o":{"x":0,"y":0}},{"s":[{"i":[[0,0],[0,0],[0,0]],"o":[[0,0],[0,0],[0,0]],"v":[[313.125,-151.877],[213.918,68.632],[126.871,225.141]],"c":true}],"t":11,"i":{"x":1,"y":1},"o":{"x":0,"y":0}},{"s":[{"i":[[0,0],[0,0],[0,0]],"o":[[0,0],[0,0],[0,0]],"v":[[331.261,-156.048],[223.835,68.216],[146.67,228.688]],"c":true}],"t":12,"i":{"x":1,"y":1},"o":{"x":0,"y":0}},{"s":[{"i":[[0,0],[0,0],[0,0]],"o":[[0,0],[0,0],[0,0]],"v":[[350.628,-160.483],[234.299,67.795],[167.894,232.534]],"c":true}],"t":13,"i":{"x":1,"y":1},"o":{"x":0,"y":0}},{"s":[{"i":[[0,0],[0,0],[0,0]],"o":[[0,0],[0,0],[0,0]],"v":[[371.174,-165.165],[245.265,67.374],[190.498,236.677]],"c":true}],"t":14,"i":{"x":1,"y":1},"o":{"x":0,"y":0}},{"s":[{"i":[[0,0],[0,0],[0,0]],"o":[[0,0],[0,0],[0,0]],"v":[[392.84,-170.08],[256.679,66.957],[214.432,241.118]],"c":true}],"t":15,"i":{"x":1,"y":1},"o":{"x":0,"y":0}},{"s":[{"i":[[0,0],[0,0],[0,0]],"o":[[0,0],[0,0],[0,0]],"v":[[415.575,-175.21],[268.496,66.55],[239.651,245.854]],"c":true}],"t":16,"i":{"x":1,"y":1},"o":{"x":0,"y":0}},{"s":[{"i":[[0,0],[0,0],[0,0]],"o":[[0,0],[0,0],[0,0]],"v":[[439.321,-180.54],[280.659,66.158],[266.104,250.883]],"c":true}],"t":17,"i":{"x":1,"y":1},"o":{"x":0,"y":0}},{"s":[{"i":[[0,0],[0,0],[0,0]],"o":[[0,0],[0,0],[0,0]],"v":[[464.008,-186.054],[293.118,65.785],[293.73,256.202]],"c":true}],"t":18,"i":{"x":1,"y":1},"o":{"x":0,"y":0}},{"s":[{"i":[[0,0],[0,0],[0,0]],"o":[[0,0],[0,0],[0,0]],"v":[[489.585,-191.734],[305.836,65.433],[322.475,261.804]],"c":true}],"t":19,"i":{"x":1,"y":1},"o":{"x":0,"y":0}},{"s":[{"i":[[0,0],[0,0],[0,0]],"o":[[0,0],[0,0],[0,0]],"v":[[515.995,-197.564],[318.769,65.106],[352.284,267.685]],"c":true}],"t":20,"i":{"x":1,"y":1},"o":{"x":0,"y":0}},{"s":[{"i":[[0,0],[0,0],[0,0]],"o":[[0,0],[0,0],[0,0]],"v":[[543.164,-203.526],[331.863,64.807],[383.091,273.84]],"c":true}],"t":21,"i":{"x":1,"y":1},"o":{"x":0,"y":0}},{"s":[{"i":[[0,0],[0,0],[0,0]],"o":[[0,0],[0,0],[0,0]],"v":[[571.022,-209.605],[345.073,64.54],[414.826,280.257]],"c":true}],"t":22,"i":{"x":1,"y":1},"o":{"x":0,"y":0}},{"s":[{"i":[[0,0],[0,0],[0,0]],"o":[[0,0],[0,0],[0,0]],"v":[[599.51,-215.781],[358.357,64.309],[447.42,286.928]],"c":true}],"t":23,"i":{"x":1,"y":1},"o":{"x":0,"y":0}},{"s":[{"i":[[0,0],[0,0],[0,0]],"o":[[0,0],[0,0],[0,0]],"v":[[628.554,-222.038],[371.665,64.118],[480.799,293.841]],"c":true}],"t":24,"i":{"x":1,"y":1},"o":{"x":0,"y":0}},{"s":[{"i":[[0,0],[0,0],[0,0]],"o":[[0,0],[0,0],[0,0]],"v":[[658.078,-228.357],[384.954,63.968],[514.883,300.984]],"c":true}],"t":25,"i":{"x":1,"y":1},"o":{"x":0,"y":0}},{"s":[{"i":[[0,0],[0,0],[0,0]],"o":[[0,0],[0,0],[0,0]],"v":[[688.001,-234.721],[398.185,63.86],[549.586,308.341]],"c":true}],"t":26,"i":{"x":1,"y":1},"o":{"x":0,"y":0}},{"s":[{"i":[[0,0],[0,0],[0,0]],"o":[[0,0],[0,0],[0,0]],"v":[[718.247,-241.111],[411.32,63.796],[584.819,315.896]],"c":true}],"t":27,"i":{"x":1,"y":1},"o":{"x":0,"y":0}},{"s":[{"i":[[0,0],[0,0],[0,0]],"o":[[0,0],[0,0],[0,0]],"v":[[748.736,-247.507],[424.322,63.777],[620.493,323.631]],"c":true}],"t":28,"i":{"x":1,"y":1},"o":{"x":0,"y":0}},{"s":[{"i":[[0,0],[0,0],[0,0]],"o":[[0,0],[0,0],[0,0]],"v":[[779.387,-253.892],[437.155,63.803],[656.515,331.526]],"c":true}],"t":29,"i":{"x":1,"y":1},"o":{"x":0,"y":0}},{"s":[{"i":[[0,0],[0,0],[0,0]],"o":[[0,0],[0,0],[0,0]],"v":[[810.114,-260.246],[449.782,63.877],[692.785,339.56]],"c":true}],"t":30,"i":{"x":1,"y":1},"o":{"x":0,"y":0}},{"s":[{"i":[[0,0],[0,0],[0,0]],"o":[[0,0],[0,0],[0,0]],"v":[[840.823,-266.551],[462.161,63.996],[729.197,347.71]],"c":true}],"t":31,"i":{"x":1,"y":1},"o":{"x":0,"y":0}},{"s":[{"i":[[0,0],[0,0],[0,0]],"o":[[0,0],[0,0],[0,0]],"v":[[871.418,-272.786],[474.251,64.163],[765.632,355.951]],"c":true}],"t":32,"i":{"x":1,"y":1},"o":{"x":0,"y":0}},{"s":[{"i":[[0,0],[0,0],[0,0]],"o":[[0,0],[0,0],[0,0]],"v":[[901.805,-278.933],[486.024,64.375],[801.981,364.256]],"c":true}],"t":33,"i":{"x":1,"y":1},"o":{"x":0,"y":0}},{"s":[{"i":[[0,0],[0,0],[0,0]],"o":[[0,0],[0,0],[0,0]],"v":[[931.892,-284.971],[497.457,64.63],[838.127,372.594]],"c":true}],"t":34,"i":{"x":1,"y":1},"o":{"x":0,"y":0}},{"s":[{"i":[[0,0],[0,0],[0,0]],"o":[[0,0],[0,0],[0,0]],"v":[[961.58,-290.88],[508.514,64.928],[873.943,380.934]],"c":true}],"t":35,"i":{"x":1,"y":1},"o":{"x":0,"y":0}},{"s":[{"i":[[0,0],[0,0],[0,0]],"o":[[0,0],[0,0],[0,0]],"v":[[990.759,-296.641],[519.15,65.269],[909.301,389.247]],"c":true}],"t":36,"i":{"x":1,"y":1},"o":{"x":0,"y":0}},{"s":[{"i":[[0,0],[0,0],[0,0]],"o":[[0,0],[0,0],[0,0]],"v":[[1019.333,-302.233],[529.343,65.652],[944.083,397.5]],"c":true}],"t":37,"i":{"x":1,"y":1},"o":{"x":0,"y":0}},{"s":[{"i":[[0,0],[0,0],[0,0]],"o":[[0,0],[0,0],[0,0]],"v":[[1047.197,-307.636],[539.066,66.075],[978.156,405.657]],"c":true}],"t":38,"i":{"x":1,"y":1},"o":{"x":0,"y":0}},{"s":[{"i":[[0,0],[0,0],[0,0]],"o":[[0,0],[0,0],[0,0]],"v":[[1074.236,-312.829],[548.282,66.536],[1011.369,413.679]],"c":true}],"t":39,"i":{"x":1,"y":1},"o":{"x":0,"y":0}},{"s":[{"i":[[0,0],[0,0],[0,0]],"o":[[0,0],[0,0],[0,0]],"v":[[1100.348,-317.793],[556.972,67.03],[1043.595,421.534]],"c":true}],"t":40,"i":{"x":1,"y":1},"o":{"x":0,"y":0}},{"s":[{"i":[[0,0],[0,0],[0,0]],"o":[[0,0],[0,0],[0,0]],"v":[[1125.417,-322.506],[565.111,67.554],[1074.698,429.183]],"c":true}],"t":41,"i":{"x":1,"y":1},"o":{"x":0,"y":0}},{"s":[{"i":[[0,0],[0,0],[0,0]],"o":[[0,0],[0,0],[0,0]],"v":[[1149.333,-326.948],[572.67,68.107],[1104.524,436.584]],"c":true}],"t":42,"i":{"x":1,"y":1},"o":{"x":0,"y":0}},{"s":[{"i":[[0,0],[0,0],[0,0]],"o":[[0,0],[0,0],[0,0]],"v":[[1171.982,-331.098],[579.616,68.685],[1132.93,443.699]],"c":true}],"t":43,"i":{"x":1,"y":1},"o":{"x":0,"y":0}},{"s":[{"i":[[0,0],[0,0],[0,0]],"o":[[0,0],[0,0],[0,0]],"v":[[1193.255,-334.935],[585.932,69.286],[1159.78,450.487]],"c":true}],"t":44,"i":{"x":1,"y":1},"o":{"x":0,"y":0}},{"s":[{"i":[[0,0],[0,0],[0,0]],"o":[[0,0],[0,0],[0,0]],"v":[[1213.035,-338.44],[591.588,69.907],[1184.92,456.908]],"c":true}],"t":45,"i":{"x":1,"y":1},"o":{"x":0,"y":0}},{"s":[{"i":[[0,0],[0,0],[0,0]],"o":[[0,0],[0,0],[0,0]],"v":[[1231.204,-341.59],[596.553,70.545],[1208.202,462.92]],"c":true}],"t":46,"i":{"x":1,"y":1},"o":{"x":0,"y":0}},{"s":[{"i":[[0,0],[0,0],[0,0]],"o":[[0,0],[0,0],[0,0]],"v":[[1247.658,-344.366],[600.815,71.195],[1229.489,468.483]],"c":true}],"t":47,"i":{"x":1,"y":1},"o":{"x":0,"y":0}},{"s":[{"i":[[0,0],[0,0],[0,0]],"o":[[0,0],[0,0],[0,0]],"v":[[1262.275,-346.746],[604.338,71.855],[1248.63,473.558]],"c":true}],"t":48,"i":{"x":1,"y":1},"o":{"x":0,"y":0}},{"s":[{"i":[[0,0],[0,0],[0,0]],"o":[[0,0],[0,0],[0,0]],"v":[[1274.946,-348.711],[607.09,72.525],[1265.474,478.102]],"c":true}],"t":49,"i":{"x":1,"y":1},"o":{"x":0,"y":0}},{"s":[{"i":[[0,0],[0,0],[0,0]],"o":[[0,0],[0,0],[0,0]],"v":[[1285.559,-350.24],[609.047,73.201],[1279.891,482.08]],"c":true}],"t":50,"i":{"x":1,"y":1},"o":{"x":0,"y":0}},{"s":[{"i":[[0,0],[0,0],[0,0]],"o":[[0,0],[0,0],[0,0]],"v":[[1294.016,-351.309],[610.188,73.872],[1291.737,485.454]],"c":true}],"t":51,"i":{"x":1,"y":1},"o":{"x":0,"y":0}},{"s":[{"i":[[0,0],[0,0],[0,0]],"o":[[0,0],[0,0],[0,0]],"v":[[1300.214,-351.897],[610.49,74.525],[1300.862,488.189]],"c":true}],"t":52,"i":{"x":1,"y":1},"o":{"x":0,"y":0}},{"s":[{"i":[[0,0],[0,0],[0,0]],"o":[[0,0],[0,0],[0,0]],"v":[[1303.511,-352.249],[609.097,75.065],[1306.601,490.329]],"c":true}],"t":53,"i":{"x":1,"y":1},"o":{"x":0,"y":0}},{"s":[{"i":[[0,0],[0,0],[0,0]],"o":[[0,0],[0,0],[0,0]],"v":[[1306.124,-352.529],[607.993,75.493],[1311.15,492.026]],"c":true}],"t":54,"i":{"x":1,"y":1},"o":{"x":0,"y":0}},{"s":[{"i":[[0,0],[0,0],[0,0]],"o":[[0,0],[0,0],[0,0]],"v":[[1308.025,-352.733],[607.19,75.805],[1314.461,493.26]],"c":true}],"t":55,"i":{"x":1,"y":1},"o":{"x":0,"y":0}},{"s":[{"i":[[0,0],[0,0],[0,0]],"o":[[0,0],[0,0],[0,0]],"v":[[1309.186,-352.857],[606.7,75.995],[1316.483,494.014]],"c":true}],"t":56,"i":{"x":1,"y":1},"o":{"x":0,"y":0}},{"s":[{"i":[[0,0],[0,0],[0,0]],"o":[[0,0],[0,0],[0,0]],"v":[[1309.579,-352.899],[606.534,76.06],[1317.168,494.269]],"c":true}],"t":57,"i":{"x":1,"y":1},"o":{"x":0,"y":0}},{"s":[{"i":[[0,0],[0,0],[0,0]],"o":[[0,0],[0,0],[0,0]],"v":[[1309.579,-352.899],[607.152,76.06],[1317.034,494.001]],"c":true}],"t":58,"i":{"x":1,"y":1},"o":{"x":0,"y":0}},{"s":[{"i":[[0,0],[0,0],[0,0]],"o":[[0,0],[0,0],[0,0]],"v":[[1309.579,-352.899],[608.651,76.06],[1316.736,493.407]],"c":true}],"t":59,"i":{"x":1,"y":1},"o":{"x":0,"y":0}},{"s":[{"i":[[0,0],[0,0],[0,0]],"o":[[0,0],[0,0],[0,0]],"v":[[1309.579,-352.899],[610.715,76.06],[1316.366,492.666]],"c":true}],"t":60,"i":{"x":1,"y":1},"o":{"x":0,"y":0}},{"s":[{"i":[[0,0],[0,0],[0,0]],"o":[[0,0],[0,0],[0,0]],"v":[[1309.579,-352.899],[613.18,76.06],[1315.949,491.832]],"c":true}],"t":61,"i":{"x":1,"y":1},"o":{"x":0,"y":0}},{"s":[{"i":[[0,0],[0,0],[0,0]],"o":[[0,0],[0,0],[0,0]],"v":[[1309.579,-352.899],[615.922,76.06],[1315.499,490.932]],"c":true}],"t":62,"i":{"x":1,"y":1},"o":{"x":0,"y":0}},{"s":[{"i":[[0,0],[0,0],[0,0]],"o":[[0,0],[0,0],[0,0]],"v":[[1309.579,-352.899],[618.878,76.06],[1315.027,489.988]],"c":true}],"t":63,"i":{"x":1,"y":1},"o":{"x":0,"y":0}},{"s":[{"i":[[0,0],[0,0],[0,0]],"o":[[0,0],[0,0],[0,0]],"v":[[1309.579,-352.899],[622.005,76.06],[1314.545,489.023]],"c":true}],"t":64,"i":{"x":1,"y":1},"o":{"x":0,"y":0}},{"s":[{"i":[[0,0],[0,0],[0,0]],"o":[[0,0],[0,0],[0,0]],"v":[[1309.579,-352.899],[625.259,76.06],[1314.061,488.056]],"c":true}],"t":65,"i":{"x":1,"y":1},"o":{"x":0,"y":0}},{"s":[{"i":[[0,0],[0,0],[0,0]],"o":[[0,0],[0,0],[0,0]],"v":[[1309.579,-352.899],[628.613,76.06],[1313.581,487.096]],"c":true}],"t":66,"i":{"x":1,"y":1},"o":{"x":0,"y":0}},{"s":[{"i":[[0,0],[0,0],[0,0]],"o":[[0,0],[0,0],[0,0]],"v":[[1309.579,-352.899],[632.047,76.06],[1313.107,486.149]],"c":true}],"t":67,"i":{"x":1,"y":1},"o":{"x":0,"y":0}},{"s":[{"i":[[0,0],[0,0],[0,0]],"o":[[0,0],[0,0],[0,0]],"v":[[1309.579,-352.899],[635.535,76.06],[1312.642,485.218]],"c":true}],"t":68,"i":{"x":1,"y":1},"o":{"x":0,"y":0}},{"s":[{"i":[[0,0],[0,0],[0,0]],"o":[[0,0],[0,0],[0,0]],"v":[[1309.579,-352.899],[639.058,76.06],[1312.187,484.308]],"c":true}],"t":69,"i":{"x":1,"y":1},"o":{"x":0,"y":0}},{"s":[{"i":[[0,0],[0,0],[0,0]],"o":[[0,0],[0,0],[0,0]],"v":[[1309.579,-352.899],[642.604,76.06],[1311.743,483.421]],"c":true}],"t":70,"i":{"x":1,"y":1},"o":{"x":0,"y":0}},{"s":[{"i":[[0,0],[0,0],[0,0]],"o":[[0,0],[0,0],[0,0]],"v":[[1309.579,-352.899],[646.165,76.06],[1311.316,482.565]],"c":true}],"t":71,"i":{"x":1,"y":1},"o":{"x":0,"y":0}},{"s":[{"i":[[0,0],[0,0],[0,0]],"o":[[0,0],[0,0],[0,0]],"v":[[1309.579,-352.899],[649.735,76.06],[1310.908,481.75]],"c":true}],"t":72,"i":{"x":1,"y":1},"o":{"x":0,"y":0}},{"s":[{"i":[[0,0],[0,0],[0,0]],"o":[[0,0],[0,0],[0,0]],"v":[[1309.579,-352.899],[653.3,76.06],[1310.526,480.987]],"c":true}],"t":73,"i":{"x":1,"y":1},"o":{"x":0,"y":0}},{"s":[{"i":[[0,0],[0,0],[0,0]],"o":[[0,0],[0,0],[0,0]],"v":[[1309.579,-352.899],[656.85,76.06],[1310.174,480.283]],"c":true}],"t":74,"i":{"x":1,"y":1},"o":{"x":0,"y":0}},{"s":[{"i":[[0,0],[0,0],[0,0]],"o":[[0,0],[0,0],[0,0]],"v":[[1309.579,-352.899],[660.378,76.06],[1309.856,479.646]],"c":true}],"t":75,"i":{"x":1,"y":1},"o":{"x":0,"y":0}},{"s":[{"i":[[0,0],[0,0],[0,0]],"o":[[0,0],[0,0],[0,0]],"v":[[1309.579,-352.899],[663.874,76.06],[1309.578,479.091]],"c":true}],"t":76,"i":{"x":1,"y":1},"o":{"x":0,"y":0}},{"s":[{"i":[[0,0],[0,0],[0,0]],"o":[[0,0],[0,0],[0,0]],"v":[[1309.579,-352.899],[667.334,76.06],[1309.343,478.621]],"c":true}],"t":77,"i":{"x":1,"y":1},"o":{"x":0,"y":0}},{"s":[{"i":[[0,0],[0,0],[0,0]],"o":[[0,0],[0,0],[0,0]],"v":[[1309.579,-352.899],[670.749,76.06],[1309.158,478.251]],"c":true}],"t":78,"i":{"x":1,"y":1},"o":{"x":0,"y":0}},{"s":[{"i":[[0,0],[0,0],[0,0]],"o":[[0,0],[0,0],[0,0]],"v":[[1309.579,-352.899],[674.113,76.06],[1309.036,478.007]],"c":true}],"t":79,"i":{"x":1,"y":1},"o":{"x":0,"y":0}},{"s":[{"i":[[0,0],[0,0],[0,0]],"o":[[0,0],[0,0],[0,0]],"v":[[1309.579,-352.899],[677.415,76.06],[1308.996,477.926]],"c":true}],"t":80,"i":{"x":1,"y":1},"o":{"x":0,"y":0}},{"s":[{"i":[[0,0],[0,0],[0,0]],"o":[[0,0],[0,0],[0,0]],"v":[[1302.89,-350.391],[680.649,76.06],[1302.249,476.485]],"c":true}],"t":81,"i":{"x":1,"y":1},"o":{"x":0,"y":0}},{"s":[{"i":[[0,0],[0,0],[0,0]],"o":[[0,0],[0,0],[0,0]],"v":[[1287,-344.432],[683.811,76.06],[1286.222,473.06]],"c":true}],"t":82,"i":{"x":1,"y":1},"o":{"x":0,"y":0}},{"s":[{"i":[[0,0],[0,0],[0,0]],"o":[[0,0],[0,0],[0,0]],"v":[[1265.436,-336.345],[686.897,76.06],[1264.472,468.413]],"c":true}],"t":83,"i":{"x":1,"y":1},"o":{"x":0,"y":0}},{"s":[{"i":[[0,0],[0,0],[0,0]],"o":[[0,0],[0,0],[0,0]],"v":[[1240.048,-326.825],[689.897,76.06],[1238.865,462.941]],"c":true}],"t":84,"i":{"x":1,"y":1},"o":{"x":0,"y":0}},{"s":[{"i":[[0,0],[0,0],[0,0]],"o":[[0,0],[0,0],[0,0]],"v":[[1211.933,-316.282],[692.802,76.06],[1210.508,456.882]],"c":true}],"t":85,"i":{"x":1,"y":1},"o":{"x":0,"y":0}},{"s":[{"i":[[0,0],[0,0],[0,0]],"o":[[0,0],[0,0],[0,0]],"v":[[1181.818,-304.989],[695.597,76.06],[1180.134,450.391]],"c":true}],"t":86,"i":{"x":1,"y":1},"o":{"x":0,"y":0}},{"s":[{"i":[[0,0],[0,0],[0,0]],"o":[[0,0],[0,0],[0,0]],"v":[[1150.215,-293.137],[698.278,76.06],[1148.258,443.58]],"c":true}],"t":87,"i":{"x":1,"y":1},"o":{"x":0,"y":0}},{"s":[{"i":[[0,0],[0,0],[0,0]],"o":[[0,0],[0,0],[0,0]],"v":[[1117.503,-280.87],[700.836,76.06],[1115.264,436.53]],"c":true}],"t":88,"i":{"x":1,"y":1},"o":{"x":0,"y":0}},{"s":[{"i":[[0,0],[0,0],[0,0]],"o":[[0,0],[0,0],[0,0]],"v":[[1083.977,-268.298],[703.259,76.06],[1081.448,429.305]],"c":true}],"t":89,"i":{"x":1,"y":1},"o":{"x":0,"y":0}},{"s":[{"i":[[0,0],[0,0],[0,0]],"o":[[0,0],[0,0],[0,0]],"v":[[1049.873,-255.509],[705.536,76.06],[1047.051,421.955]],"c":true}],"t":90,"i":{"x":1,"y":1},"o":{"x":0,"y":0}},{"s":[{"i":[[0,0],[0,0],[0,0]],"o":[[0,0],[0,0],[0,0]],"v":[[1015.371,-242.571],[707.654,76.06],[1012.251,414.519]],"c":true}],"t":91,"i":{"x":1,"y":1},"o":{"x":0,"y":0}},{"s":[{"i":[[0,0],[0,0],[0,0]],"o":[[0,0],[0,0],[0,0]],"v":[[980.649,-229.55],[709.598,76.06],[977.23,407.036]],"c":true}],"t":92,"i":{"x":1,"y":1},"o":{"x":0,"y":0}},{"s":[{"i":[[0,0],[0,0],[0,0]],"o":[[0,0],[0,0],[0,0]],"v":[[945.832,-216.494],[711.358,76.06],[942.113,399.532]],"c":true}],"t":93,"i":{"x":1,"y":1},"o":{"x":0,"y":0}},{"s":[{"i":[[0,0],[0,0],[0,0]],"o":[[0,0],[0,0],[0,0]],"v":[[911.043,-203.448],[712.918,76.06],[907.024,392.035]],"c":true}],"t":94,"i":{"x":1,"y":1},"o":{"x":0,"y":0}},{"s":[{"i":[[0,0],[0,0],[0,0]],"o":[[0,0],[0,0],[0,0]],"v":[[876.408,-190.46],[714.252,76.06],[872.091,384.57]],"c":true}],"t":95,"i":{"x":1,"y":1},"o":{"x":0,"y":0}},{"s":[{"i":[[0,0],[0,0],[0,0]],"o":[[0,0],[0,0],[0,0]],"v":[[842.031,-177.568],[715.338,76.06],[837.417,377.161]],"c":true}],"t":96,"i":{"x":1,"y":1},"o":{"x":0,"y":0}},{"s":[{"i":[[0,0],[0,0],[0,0]],"o":[[0,0],[0,0],[0,0]],"v":[[808.002,-164.808],[716.154,76.06],[803.095,369.828]],"c":true}],"t":97,"i":{"x":1,"y":1},"o":{"x":0,"y":0}},{"s":[{"i":[[0,0],[0,0],[0,0]],"o":[[0,0],[0,0],[0,0]],"v":[[774.409,-152.21],[716.674,76.06],[769.213,362.588]],"c":true}],"t":98,"i":{"x":1,"y":1},"o":{"x":0,"y":0}},{"s":[{"i":[[0,0],[0,0],[0,0]],"o":[[0,0],[0,0],[0,0]],"v":[[741.34,-139.809],[716.85,76.06],[735.858,355.461]],"c":true}],"t":99,"i":{"x":1,"y":1},"o":{"x":0,"y":0}},{"s":[{"i":[[0,0],[0,0],[0,0]],"o":[[0,0],[0,0],[0,0]],"v":[[708.891,-127.641],[568.173,79.377],[703.129,348.467]],"c":true}],"t":100,"i":{"x":1,"y":1},"o":{"x":0,"y":0}},{"s":[{"i":[[0,0],[0,0],[0,0]],"o":[[0,0],[0,0],[0,0]],"v":[[677.153,-115.739],[568.173,79.377],[671.117,341.627]],"c":true}],"t":101,"i":{"x":1,"y":1},"o":{"x":0,"y":0}},{"s":[{"i":[[0,0],[0,0],[0,0]],"o":[[0,0],[0,0],[0,0]],"v":[[646.205,-104.133],[568.173,79.377],[639.903,334.957]],"c":true}],"t":102,"i":{"x":1,"y":1},"o":{"x":0,"y":0}},{"s":[{"i":[[0,0],[0,0],[0,0]],"o":[[0,0],[0,0],[0,0]],"v":[[616.152,-92.864],[568.173,79.377],[609.591,328.481]],"c":true}],"t":103,"i":{"x":1,"y":1},"o":{"x":0,"y":0}},{"s":[{"i":[[0,0],[0,0],[0,0]],"o":[[0,0],[0,0],[0,0]],"v":[[587.09,-81.966],[568.173,79.377],[580.279,322.217]],"c":true}],"t":104,"i":{"x":1,"y":1},"o":{"x":0,"y":0}},{"s":[{"i":[[0,0],[0,0],[0,0]],"o":[[0,0],[0,0],[0,0]],"v":[[559.11,-71.473],[568.173,79.377],[552.057,316.187]],"c":true}],"t":105,"i":{"x":1,"y":1},"o":{"x":0,"y":0}},{"s":[{"i":[[0,0],[0,0],[0,0]],"o":[[0,0],[0,0],[0,0]],"v":[[532.336,-61.433],[568.173,79.377],[525.052,310.417]],"c":true}],"t":106,"i":{"x":1,"y":1},"o":{"x":0,"y":0}},{"s":[{"i":[[0,0],[0,0],[0,0]],"o":[[0,0],[0,0],[0,0]],"v":[[506.876,-51.885],[568.173,79.377],[499.373,304.93]],"c":true}],"t":107,"i":{"x":1,"y":1},"o":{"x":0,"y":0}},{"s":[{"i":[[0,0],[0,0],[0,0]],"o":[[0,0],[0,0],[0,0]],"v":[[482.863,-42.88],[568.173,79.377],[475.152,299.754]],"c":true}],"t":108,"i":{"x":1,"y":1},"o":{"x":0,"y":0}},{"s":[{"i":[[0,0],[0,0],[0,0]],"o":[[0,0],[0,0],[0,0]],"v":[[460.433,-34.469],[568.173,79.377],[452.53,294.921]],"c":true}],"t":109,"i":{"x":1,"y":1},"o":{"x":0,"y":0}},{"s":[{"i":[[0,0],[0,0],[0,0]],"o":[[0,0],[0,0],[0,0]],"v":[[439.743,-26.711],[568.173,79.377],[431.662,290.462]],"c":true}],"t":110,"i":{"x":1,"y":1},"o":{"x":0,"y":0}},{"s":[{"i":[[0,0],[0,0],[0,0]],"o":[[0,0],[0,0],[0,0]],"v":[[420.964,-19.668],[568.173,79.377],[412.72,286.414]],"c":true}],"t":111,"i":{"x":1,"y":1},"o":{"x":0,"y":0}},{"s":[{"i":[[0,0],[0,0],[0,0]],"o":[[0,0],[0,0],[0,0]],"v":[[404.29,-13.415],[568.173,79.377],[395.902,282.821]],"c":true}],"t":112,"i":{"x":1,"y":1},"o":{"x":0,"y":0}},{"s":[{"i":[[0,0],[0,0],[0,0]],"o":[[0,0],[0,0],[0,0]],"v":[[389.945,-8.036],[568.173,79.377],[381.433,279.729]],"c":true}],"t":113,"i":{"x":1,"y":1},"o":{"x":0,"y":0}},{"s":[{"i":[[0,0],[0,0],[0,0]],"o":[[0,0],[0,0],[0,0]],"v":[[378.184,-3.626],[568.173,79.377],[369.572,277.195]],"c":true}],"t":114,"i":{"x":1,"y":1},"o":{"x":0,"y":0}},{"s":[{"i":[[0,0],[0,0],[0,0]],"o":[[0,0],[0,0],[0,0]],"v":[[369.309,-0.298],[568.173,79.377],[360.62,275.282]],"c":true}],"t":115,"i":{"x":1,"y":1},"o":{"x":0,"y":0}},{"s":[{"i":[[0,0],[0,0],[0,0]],"o":[[0,0],[0,0],[0,0]],"v":[[363.666,1.819],[568.173,79.377],[354.928,274.065]],"c":true}],"t":116,"i":{"x":1,"y":1},"o":{"x":0,"y":0}},{"s":[{"i":[[0,0],[0,0],[0,0]],"o":[[0,0],[0,0],[0,0]],"v":[[361.678,2.564],[568.173,79.377],[352.923,273.637]],"c":true}],"t":117,"i":{"x":1,"y":1},"o":{"x":0,"y":0}}]},"nm":"Path 1","mn":"ADBE Vector Shape - Group","hd":false},{"ty":"st","c":{"a":0,"k":[0.152941176471,0.152941176471,0.152941176471,1],"ix":3},"o":{"a":0,"k":100,"ix":4},"w":{"a":0,"k":105,"ix":5},"lc":2,"lj":2,"bm":0,"nm":"Stroke 1","mn":"ADBE Vector Graphic - Stroke","hd":false},{"ty":"fl","c":{"a":0,"k":[0.152941176471,0.152941176471,0.152941176471,1],"ix":4},"o":{"a":0,"k":100,"ix":5},"r":1,"bm":0,"nm":"Fill 1","mn":"ADBE Vector Graphic - Fill","hd":false},{"ty":"tr","p":{"a":0,"k":[0,0],"ix":2},"a":{"a":0,"k":[0,0],"ix":1},"s":{"a":0,"k":[100,100],"ix":3},"r":{"a":0,"k":0,"ix":6},"o":{"a":0,"k":100,"ix":7},"sk":{"a":0,"k":0,"ix":4},"sa":{"a":0,"k":0,"ix":5},"nm":"Transform"}],"nm":"Polystar 1","np":3,"cix":2,"bm":0,"ix":1,"mn":"ADBE Vector Group","hd":false}],"ip":0,"op":900,"st":0,"ct":1,"bm":0},{"ddd":0,"ind":15,"ty":4,"nm":"Shape Layer 1","sr":1,"ks":{"o":{"a":0,"k":100,"ix":11},"r":{"a":0,"k":90,"ix":10},"p":{"a":0,"k":[564.254,308.124,0],"ix":2,"l":2},"a":{"a":0,"k":[-23.234,36.922,0],"ix":1,"l":2},"s":{"a":0,"k":[48.95,48.95,100],"ix":6,"l":2}},"ao":0,"ef":[{"ty":5,"nm":"Shape Layer 1: Path 1 [1.1.0]","np":3,"mn":"ADBE Layer Control","ix":1,"en":1,"ef":[{"ty":10,"nm":"Layer","mn":"ADBE Layer Control-0001","ix":1,"v":{"a":0,"k":9,"ix":1}}]},{"ty":5,"nm":"Shape Layer 1: Path 1 [1.1.1]","np":3,"mn":"ADBE Layer Control","ix":2,"en":1,"ef":[{"ty":10,"nm":"Layer","mn":"ADBE Layer Control-0001","ix":1,"v":{"a":0,"k":10,"ix":1}}]},{"ty":5,"nm":"Shape Layer 1: Path 1 [1.1.2]","np":3,"mn":"ADBE Layer Control","ix":3,"en":1,"ef":[{"ty":10,"nm":"Layer","mn":"ADBE Layer Control-0001","ix":1,"v":{"a":0,"k":11,"ix":1}}]}],"shapes":[{"ty":"gr","it":[{"ind":0,"ty":"sh","ix":1,"ks":{"k":[{"s":[{"i":[[0,0],[0,0],[0,0]],"o":[[0,0],[0,0],[0,0]],"v":[[210.449,-127.914],[404.574,208.274],[16.238,206.102]],"c":true}],"t":0,"i":{"x":1,"y":1},"o":{"x":0,"y":0}},{"s":[{"i":[[0,0],[0,0],[0,0]],"o":[[0,0],[0,0],[0,0]],"v":[[211.402,-128.139],[405.382,208.228],[17.252,206.27]],"c":true}],"t":1,"i":{"x":1,"y":1},"o":{"x":0,"y":0}},{"s":[{"i":[[0,0],[0,0],[0,0]],"o":[[0,0],[0,0],[0,0]],"v":[[214.216,-128.805],[407.759,208.069],[20.249,206.767]],"c":true}],"t":2,"i":{"x":1,"y":1},"o":{"x":0,"y":0}},{"s":[{"i":[[0,0],[0,0],[0,0]],"o":[[0,0],[0,0],[0,0]],"v":[[218.823,-129.893],[411.647,207.816],[25.16,207.584]],"c":true}],"t":3,"i":{"x":1,"y":1},"o":{"x":0,"y":0}},{"s":[{"i":[[0,0],[0,0],[0,0]],"o":[[0,0],[0,0],[0,0]],"v":[[225.161,-131.387],[416.982,207.465],[31.926,208.715]],"c":true}],"t":4,"i":{"x":1,"y":1},"o":{"x":0,"y":0}},{"s":[{"i":[[0,0],[0,0],[0,0]],"o":[[0,0],[0,0],[0,0]],"v":[[233.169,-133.272],[423.703,207.017],[40.491,210.155]],"c":true}],"t":5,"i":{"x":1,"y":1},"o":{"x":0,"y":0}},{"s":[{"i":[[0,0],[0,0],[0,0]],"o":[[0,0],[0,0],[0,0]],"v":[[242.79,-135.53],[431.748,206.471],[50.805,211.9]],"c":true}],"t":6,"i":{"x":1,"y":1},"o":{"x":0,"y":0}},{"s":[{"i":[[0,0],[0,0],[0,0]],"o":[[0,0],[0,0],[0,0]],"v":[[253.966,-138.147],[441.05,205.827],[62.812,213.948]],"c":true}],"t":7,"i":{"x":1,"y":1},"o":{"x":0,"y":0}},{"s":[{"i":[[0,0],[0,0],[0,0]],"o":[[0,0],[0,0],[0,0]],"v":[[266.642,-141.105],[451.552,205.081],[76.468,216.296]],"c":true}],"t":8,"i":{"x":1,"y":1},"o":{"x":0,"y":0}},{"s":[{"i":[[0,0],[0,0],[0,0]],"o":[[0,0],[0,0],[0,0]],"v":[[280.763,-144.39],[463.189,204.238],[91.729,218.946]],"c":true}],"t":9,"i":{"x":1,"y":1},"o":{"x":0,"y":0}},{"s":[{"i":[[0,0],[0,0],[0,0]],"o":[[0,0],[0,0],[0,0]],"v":[[296.274,-147.986],[475.893,203.296],[108.542,221.894]],"c":true}],"t":10,"i":{"x":1,"y":1},"o":{"x":0,"y":0}},{"s":[{"i":[[0,0],[0,0],[0,0]],"o":[[0,0],[0,0],[0,0]],"v":[[313.125,-151.877],[489.612,202.254],[126.871,225.141]],"c":true}],"t":11,"i":{"x":1,"y":1},"o":{"x":0,"y":0}},{"s":[{"i":[[0,0],[0,0],[0,0]],"o":[[0,0],[0,0],[0,0]],"v":[[331.261,-156.048],[504.276,201.106],[146.67,228.688]],"c":true}],"t":12,"i":{"x":1,"y":1},"o":{"x":0,"y":0}},{"s":[{"i":[[0,0],[0,0],[0,0]],"o":[[0,0],[0,0],[0,0]],"v":[[350.628,-160.483],[519.824,199.852],[167.894,232.534]],"c":true}],"t":13,"i":{"x":1,"y":1},"o":{"x":0,"y":0}},{"s":[{"i":[[0,0],[0,0],[0,0]],"o":[[0,0],[0,0],[0,0]],"v":[[371.174,-165.165],[536.195,198.492],[190.498,236.677]],"c":true}],"t":14,"i":{"x":1,"y":1},"o":{"x":0,"y":0}},{"s":[{"i":[[0,0],[0,0],[0,0]],"o":[[0,0],[0,0],[0,0]],"v":[[392.84,-170.08],[553.323,197.025],[214.432,241.118]],"c":true}],"t":15,"i":{"x":1,"y":1},"o":{"x":0,"y":0}},{"s":[{"i":[[0,0],[0,0],[0,0]],"o":[[0,0],[0,0],[0,0]],"v":[[415.575,-175.21],[571.151,195.45],[239.651,245.854]],"c":true}],"t":16,"i":{"x":1,"y":1},"o":{"x":0,"y":0}},{"s":[{"i":[[0,0],[0,0],[0,0]],"o":[[0,0],[0,0],[0,0]],"v":[[439.321,-180.54],[589.613,193.764],[266.104,250.883]],"c":true}],"t":17,"i":{"x":1,"y":1},"o":{"x":0,"y":0}},{"s":[{"i":[[0,0],[0,0],[0,0]],"o":[[0,0],[0,0],[0,0]],"v":[[464.008,-186.054],[608.64,191.97],[293.73,256.202]],"c":true}],"t":18,"i":{"x":1,"y":1},"o":{"x":0,"y":0}},{"s":[{"i":[[0,0],[0,0],[0,0]],"o":[[0,0],[0,0],[0,0]],"v":[[489.585,-191.734],[628.18,190.071],[322.475,261.804]],"c":true}],"t":19,"i":{"x":1,"y":1},"o":{"x":0,"y":0}},{"s":[{"i":[[0,0],[0,0],[0,0]],"o":[[0,0],[0,0],[0,0]],"v":[[515.995,-197.564],[648.171,188.068],[352.284,267.685]],"c":true}],"t":20,"i":{"x":1,"y":1},"o":{"x":0,"y":0}},{"s":[{"i":[[0,0],[0,0],[0,0]],"o":[[0,0],[0,0],[0,0]],"v":[[543.164,-203.526],[668.544,185.963],[383.091,273.84]],"c":true}],"t":21,"i":{"x":1,"y":1},"o":{"x":0,"y":0}},{"s":[{"i":[[0,0],[0,0],[0,0]],"o":[[0,0],[0,0],[0,0]],"v":[[571.022,-209.605],[689.238,183.757],[414.826,280.257]],"c":true}],"t":22,"i":{"x":1,"y":1},"o":{"x":0,"y":0}},{"s":[{"i":[[0,0],[0,0],[0,0]],"o":[[0,0],[0,0],[0,0]],"v":[[599.51,-215.781],[710.197,181.452],[447.42,286.928]],"c":true}],"t":23,"i":{"x":1,"y":1},"o":{"x":0,"y":0}},{"s":[{"i":[[0,0],[0,0],[0,0]],"o":[[0,0],[0,0],[0,0]],"v":[[628.554,-222.038],[731.355,179.049],[480.799,293.841]],"c":true}],"t":24,"i":{"x":1,"y":1},"o":{"x":0,"y":0}},{"s":[{"i":[[0,0],[0,0],[0,0]],"o":[[0,0],[0,0],[0,0]],"v":[[658.078,-228.357],[752.647,176.553],[514.883,300.984]],"c":true}],"t":25,"i":{"x":1,"y":1},"o":{"x":0,"y":0}},{"s":[{"i":[[0,0],[0,0],[0,0]],"o":[[0,0],[0,0],[0,0]],"v":[[688.001,-234.721],[774.013,173.971],[549.586,308.341]],"c":true}],"t":26,"i":{"x":1,"y":1},"o":{"x":0,"y":0}},{"s":[{"i":[[0,0],[0,0],[0,0]],"o":[[0,0],[0,0],[0,0]],"v":[[718.247,-241.111],[795.393,171.31],[584.819,315.896]],"c":true}],"t":27,"i":{"x":1,"y":1},"o":{"x":0,"y":0}},{"s":[{"i":[[0,0],[0,0],[0,0]],"o":[[0,0],[0,0],[0,0]],"v":[[748.736,-247.507],[816.728,168.574],[620.493,323.631]],"c":true}],"t":28,"i":{"x":1,"y":1},"o":{"x":0,"y":0}},{"s":[{"i":[[0,0],[0,0],[0,0]],"o":[[0,0],[0,0],[0,0]],"v":[[779.387,-253.892],[837.959,165.771],[656.515,331.526]],"c":true}],"t":29,"i":{"x":1,"y":1},"o":{"x":0,"y":0}},{"s":[{"i":[[0,0],[0,0],[0,0]],"o":[[0,0],[0,0],[0,0]],"v":[[810.114,-260.246],[859.025,162.909],[692.785,339.56]],"c":true}],"t":30,"i":{"x":1,"y":1},"o":{"x":0,"y":0}},{"s":[{"i":[[0,0],[0,0],[0,0]],"o":[[0,0],[0,0],[0,0]],"v":[[840.823,-266.551],[879.86,159.996],[729.197,347.71]],"c":true}],"t":31,"i":{"x":1,"y":1},"o":{"x":0,"y":0}},{"s":[{"i":[[0,0],[0,0],[0,0]],"o":[[0,0],[0,0],[0,0]],"v":[[871.418,-272.786],[900.397,157.041],[765.632,355.951]],"c":true}],"t":32,"i":{"x":1,"y":1},"o":{"x":0,"y":0}},{"s":[{"i":[[0,0],[0,0],[0,0]],"o":[[0,0],[0,0],[0,0]],"v":[[901.805,-278.933],[920.579,154.053],[801.981,364.256]],"c":true}],"t":33,"i":{"x":1,"y":1},"o":{"x":0,"y":0}},{"s":[{"i":[[0,0],[0,0],[0,0]],"o":[[0,0],[0,0],[0,0]],"v":[[931.892,-284.971],[940.353,151.047],[838.127,372.594]],"c":true}],"t":34,"i":{"x":1,"y":1},"o":{"x":0,"y":0}},{"s":[{"i":[[0,0],[0,0],[0,0]],"o":[[0,0],[0,0],[0,0]],"v":[[961.58,-290.88],[959.656,148.033],[873.943,380.934]],"c":true}],"t":35,"i":{"x":1,"y":1},"o":{"x":0,"y":0}},{"s":[{"i":[[0,0],[0,0],[0,0]],"o":[[0,0],[0,0],[0,0]],"v":[[990.759,-296.641],[978.416,145.018],[909.301,389.247]],"c":true}],"t":36,"i":{"x":1,"y":1},"o":{"x":0,"y":0}},{"s":[{"i":[[0,0],[0,0],[0,0]],"o":[[0,0],[0,0],[0,0]],"v":[[1019.333,-302.233],[996.582,142.016],[944.083,397.5]],"c":true}],"t":37,"i":{"x":1,"y":1},"o":{"x":0,"y":0}},{"s":[{"i":[[0,0],[0,0],[0,0]],"o":[[0,0],[0,0],[0,0]],"v":[[1047.197,-307.636],[1014.098,139.037],[978.156,405.657]],"c":true}],"t":38,"i":{"x":1,"y":1},"o":{"x":0,"y":0}},{"s":[{"i":[[0,0],[0,0],[0,0]],"o":[[0,0],[0,0],[0,0]],"v":[[1074.236,-312.829],[1030.892,136.097],[1011.369,413.679]],"c":true}],"t":39,"i":{"x":1,"y":1},"o":{"x":0,"y":0}},{"s":[{"i":[[0,0],[0,0],[0,0]],"o":[[0,0],[0,0],[0,0]],"v":[[1100.348,-317.793],[1046.91,133.212],[1043.595,421.534]],"c":true}],"t":40,"i":{"x":1,"y":1},"o":{"x":0,"y":0}},{"s":[{"i":[[0,0],[0,0],[0,0]],"o":[[0,0],[0,0],[0,0]],"v":[[1125.417,-322.506],[1062.091,130.398],[1074.698,429.183]],"c":true}],"t":41,"i":{"x":1,"y":1},"o":{"x":0,"y":0}},{"s":[{"i":[[0,0],[0,0],[0,0]],"o":[[0,0],[0,0],[0,0]],"v":[[1149.333,-326.948],[1076.375,127.668],[1104.524,436.584]],"c":true}],"t":42,"i":{"x":1,"y":1},"o":{"x":0,"y":0}},{"s":[{"i":[[0,0],[0,0],[0,0]],"o":[[0,0],[0,0],[0,0]],"v":[[1171.982,-331.098],[1089.697,125.035],[1132.93,443.699]],"c":true}],"t":43,"i":{"x":1,"y":1},"o":{"x":0,"y":0}},{"s":[{"i":[[0,0],[0,0],[0,0]],"o":[[0,0],[0,0],[0,0]],"v":[[1193.255,-334.935],[1102.005,122.515],[1159.78,450.487]],"c":true}],"t":44,"i":{"x":1,"y":1},"o":{"x":0,"y":0}},{"s":[{"i":[[0,0],[0,0],[0,0]],"o":[[0,0],[0,0],[0,0]],"v":[[1213.035,-338.44],[1113.233,120.124],[1184.92,456.908]],"c":true}],"t":45,"i":{"x":1,"y":1},"o":{"x":0,"y":0}},{"s":[{"i":[[0,0],[0,0],[0,0]],"o":[[0,0],[0,0],[0,0]],"v":[[1231.204,-341.59],[1123.32,117.875],[1208.202,462.92]],"c":true}],"t":46,"i":{"x":1,"y":1},"o":{"x":0,"y":0}},{"s":[{"i":[[0,0],[0,0],[0,0]],"o":[[0,0],[0,0],[0,0]],"v":[[1247.658,-344.366],[1132.213,115.786],[1229.489,468.483]],"c":true}],"t":47,"i":{"x":1,"y":1},"o":{"x":0,"y":0}},{"s":[{"i":[[0,0],[0,0],[0,0]],"o":[[0,0],[0,0],[0,0]],"v":[[1262.275,-346.746],[1139.843,113.872],[1248.63,473.558]],"c":true}],"t":48,"i":{"x":1,"y":1},"o":{"x":0,"y":0}},{"s":[{"i":[[0,0],[0,0],[0,0]],"o":[[0,0],[0,0],[0,0]],"v":[[1274.946,-348.711],[1146.151,112.144],[1265.474,478.102]],"c":true}],"t":49,"i":{"x":1,"y":1},"o":{"x":0,"y":0}},{"s":[{"i":[[0,0],[0,0],[0,0]],"o":[[0,0],[0,0],[0,0]],"v":[[1285.559,-350.24],[1151.081,110.614],[1279.891,482.08]],"c":true}],"t":50,"i":{"x":1,"y":1},"o":{"x":0,"y":0}},{"s":[{"i":[[0,0],[0,0],[0,0]],"o":[[0,0],[0,0],[0,0]],"v":[[1294.016,-351.309],[1154.573,109.301],[1291.737,485.454]],"c":true}],"t":51,"i":{"x":1,"y":1},"o":{"x":0,"y":0}},{"s":[{"i":[[0,0],[0,0],[0,0]],"o":[[0,0],[0,0],[0,0]],"v":[[1300.214,-351.897],[1156.566,108.221],[1300.862,488.189]],"c":true}],"t":52,"i":{"x":1,"y":1},"o":{"x":0,"y":0}},{"s":[{"i":[[0,0],[0,0],[0,0]],"o":[[0,0],[0,0],[0,0]],"v":[[1303.511,-352.249],[1156.404,107.305],[1306.601,490.329]],"c":true}],"t":53,"i":{"x":1,"y":1},"o":{"x":0,"y":0}},{"s":[{"i":[[0,0],[0,0],[0,0]],"o":[[0,0],[0,0],[0,0]],"v":[[1306.124,-352.529],[1156.275,106.579],[1311.15,492.026]],"c":true}],"t":54,"i":{"x":1,"y":1},"o":{"x":0,"y":0}},{"s":[{"i":[[0,0],[0,0],[0,0]],"o":[[0,0],[0,0],[0,0]],"v":[[1308.025,-352.733],[1156.182,106.05],[1314.461,493.26]],"c":true}],"t":55,"i":{"x":1,"y":1},"o":{"x":0,"y":0}},{"s":[{"i":[[0,0],[0,0],[0,0]],"o":[[0,0],[0,0],[0,0]],"v":[[1309.186,-352.857],[1156.123,105.717],[1316.483,494.014]],"c":true}],"t":56,"i":{"x":1,"y":1},"o":{"x":0,"y":0}},{"s":[{"i":[[0,0],[0,0],[0,0]],"o":[[0,0],[0,0],[0,0]],"v":[[1309.579,-352.899],[1156.105,105.618],[1317.034,494.001]],"c":true}],"t":58,"i":{"x":1,"y":1},"o":{"x":0,"y":0}},{"s":[{"i":[[0,0],[0,0],[0,0]],"o":[[0,0],[0,0],[0,0]],"v":[[1309.579,-352.899],[1156.105,105.618],[1316.736,493.407]],"c":true}],"t":59,"i":{"x":1,"y":1},"o":{"x":0,"y":0}},{"s":[{"i":[[0,0],[0,0],[0,0]],"o":[[0,0],[0,0],[0,0]],"v":[[1309.579,-352.899],[1156.105,105.618],[1316.366,492.666]],"c":true}],"t":60,"i":{"x":1,"y":1},"o":{"x":0,"y":0}},{"s":[{"i":[[0,0],[0,0],[0,0]],"o":[[0,0],[0,0],[0,0]],"v":[[1309.579,-352.899],[1156.105,105.618],[1315.949,491.832]],"c":true}],"t":61,"i":{"x":1,"y":1},"o":{"x":0,"y":0}},{"s":[{"i":[[0,0],[0,0],[0,0]],"o":[[0,0],[0,0],[0,0]],"v":[[1309.579,-352.899],[1156.105,105.618],[1315.499,490.932]],"c":true}],"t":62,"i":{"x":1,"y":1},"o":{"x":0,"y":0}},{"s":[{"i":[[0,0],[0,0],[0,0]],"o":[[0,0],[0,0],[0,0]],"v":[[1309.579,-352.899],[1156.105,105.618],[1315.027,489.988]],"c":true}],"t":63,"i":{"x":1,"y":1},"o":{"x":0,"y":0}},{"s":[{"i":[[0,0],[0,0],[0,0]],"o":[[0,0],[0,0],[0,0]],"v":[[1309.579,-352.899],[1156.105,105.618],[1314.545,489.023]],"c":true}],"t":64,"i":{"x":1,"y":1},"o":{"x":0,"y":0}},{"s":[{"i":[[0,0],[0,0],[0,0]],"o":[[0,0],[0,0],[0,0]],"v":[[1309.579,-352.899],[1156.105,105.618],[1314.061,488.056]],"c":true}],"t":65,"i":{"x":1,"y":1},"o":{"x":0,"y":0}},{"s":[{"i":[[0,0],[0,0],[0,0]],"o":[[0,0],[0,0],[0,0]],"v":[[1309.579,-352.899],[1156.105,105.618],[1313.581,487.096]],"c":true}],"t":66,"i":{"x":1,"y":1},"o":{"x":0,"y":0}},{"s":[{"i":[[0,0],[0,0],[0,0]],"o":[[0,0],[0,0],[0,0]],"v":[[1309.579,-352.899],[1156.105,105.618],[1313.107,486.149]],"c":true}],"t":67,"i":{"x":1,"y":1},"o":{"x":0,"y":0}},{"s":[{"i":[[0,0],[0,0],[0,0]],"o":[[0,0],[0,0],[0,0]],"v":[[1309.579,-352.899],[1156.105,105.618],[1312.642,485.218]],"c":true}],"t":68,"i":{"x":1,"y":1},"o":{"x":0,"y":0}},{"s":[{"i":[[0,0],[0,0],[0,0]],"o":[[0,0],[0,0],[0,0]],"v":[[1309.579,-352.899],[1156.105,105.618],[1312.187,484.308]],"c":true}],"t":69,"i":{"x":1,"y":1},"o":{"x":0,"y":0}},{"s":[{"i":[[0,0],[0,0],[0,0]],"o":[[0,0],[0,0],[0,0]],"v":[[1309.579,-352.899],[1156.105,105.618],[1311.743,483.421]],"c":true}],"t":70,"i":{"x":1,"y":1},"o":{"x":0,"y":0}},{"s":[{"i":[[0,0],[0,0],[0,0]],"o":[[0,0],[0,0],[0,0]],"v":[[1309.579,-352.899],[1156.105,105.618],[1311.316,482.565]],"c":true}],"t":71,"i":{"x":1,"y":1},"o":{"x":0,"y":0}},{"s":[{"i":[[0,0],[0,0],[0,0]],"o":[[0,0],[0,0],[0,0]],"v":[[1309.579,-352.899],[1156.105,105.618],[1310.908,481.75]],"c":true}],"t":72,"i":{"x":1,"y":1},"o":{"x":0,"y":0}},{"s":[{"i":[[0,0],[0,0],[0,0]],"o":[[0,0],[0,0],[0,0]],"v":[[1309.579,-352.899],[1156.105,105.618],[1310.526,480.987]],"c":true}],"t":73,"i":{"x":1,"y":1},"o":{"x":0,"y":0}},{"s":[{"i":[[0,0],[0,0],[0,0]],"o":[[0,0],[0,0],[0,0]],"v":[[1309.579,-352.899],[1156.105,105.618],[1310.174,480.283]],"c":true}],"t":74,"i":{"x":1,"y":1},"o":{"x":0,"y":0}},{"s":[{"i":[[0,0],[0,0],[0,0]],"o":[[0,0],[0,0],[0,0]],"v":[[1309.579,-352.899],[1156.105,105.618],[1309.856,479.646]],"c":true}],"t":75,"i":{"x":1,"y":1},"o":{"x":0,"y":0}},{"s":[{"i":[[0,0],[0,0],[0,0]],"o":[[0,0],[0,0],[0,0]],"v":[[1309.579,-352.899],[1156.105,105.618],[1309.578,479.091]],"c":true}],"t":76,"i":{"x":1,"y":1},"o":{"x":0,"y":0}},{"s":[{"i":[[0,0],[0,0],[0,0]],"o":[[0,0],[0,0],[0,0]],"v":[[1309.579,-352.899],[1156.105,105.618],[1309.343,478.621]],"c":true}],"t":77,"i":{"x":1,"y":1},"o":{"x":0,"y":0}},{"s":[{"i":[[0,0],[0,0],[0,0]],"o":[[0,0],[0,0],[0,0]],"v":[[1309.579,-352.899],[1156.105,105.618],[1309.158,478.251]],"c":true}],"t":78,"i":{"x":1,"y":1},"o":{"x":0,"y":0}},{"s":[{"i":[[0,0],[0,0],[0,0]],"o":[[0,0],[0,0],[0,0]],"v":[[1309.579,-352.899],[1156.105,105.618],[1308.996,477.926]],"c":true}],"t":80,"i":{"x":1,"y":1},"o":{"x":0,"y":0}},{"s":[{"i":[[0,0],[0,0],[0,0]],"o":[[0,0],[0,0],[0,0]],"v":[[1302.89,-350.391],[1134.665,105.484],[1302.249,476.485]],"c":true}],"t":81,"i":{"x":1,"y":1},"o":{"x":0,"y":0}},{"s":[{"i":[[0,0],[0,0],[0,0]],"o":[[0,0],[0,0],[0,0]],"v":[[1287,-344.432],[1087.997,105.192],[1286.222,473.06]],"c":true}],"t":82,"i":{"x":1,"y":1},"o":{"x":0,"y":0}},{"s":[{"i":[[0,0],[0,0],[0,0]],"o":[[0,0],[0,0],[0,0]],"v":[[1265.436,-336.345],[1028.386,104.82],[1264.472,468.413]],"c":true}],"t":83,"i":{"x":1,"y":1},"o":{"x":0,"y":0}},{"s":[{"i":[[0,0],[0,0],[0,0]],"o":[[0,0],[0,0],[0,0]],"v":[[1240.048,-326.825],[961.149,104.4],[1238.865,462.941]],"c":true}],"t":84,"i":{"x":1,"y":1},"o":{"x":0,"y":0}},{"s":[{"i":[[0,0],[0,0],[0,0]],"o":[[0,0],[0,0],[0,0]],"v":[[1211.933,-316.282],[889.187,103.95],[1210.508,456.882]],"c":true}],"t":85,"i":{"x":1,"y":1},"o":{"x":0,"y":0}},{"s":[{"i":[[0,0],[0,0],[0,0]],"o":[[0,0],[0,0],[0,0]],"v":[[1181.818,-304.989],[814.323,103.482],[1180.134,450.391]],"c":true}],"t":86,"i":{"x":1,"y":1},"o":{"x":0,"y":0}},{"s":[{"i":[[0,0],[0,0],[0,0]],"o":[[0,0],[0,0],[0,0]],"v":[[1150.215,-293.137],[737.829,103.004],[1148.258,443.58]],"c":true}],"t":87,"i":{"x":1,"y":1},"o":{"x":0,"y":0}},{"s":[{"i":[[0,0],[0,0],[0,0]],"o":[[0,0],[0,0],[0,0]],"v":[[1117.503,-280.87],[660.654,102.522],[1115.264,436.53]],"c":true}],"t":88,"i":{"x":1,"y":1},"o":{"x":0,"y":0}},{"s":[{"i":[[0,0],[0,0],[0,0]],"o":[[0,0],[0,0],[0,0]],"v":[[1083.977,-268.298],[583.532,102.04],[1081.448,429.305]],"c":true}],"t":89,"i":{"x":1,"y":1},"o":{"x":0,"y":0}},{"s":[{"i":[[0,0],[0,0],[0,0]],"o":[[0,0],[0,0],[0,0]],"v":[[1049.873,-255.509],[507.128,101.562],[1047.051,421.955]],"c":true}],"t":90,"i":{"x":1,"y":1},"o":{"x":0,"y":0}},{"s":[{"i":[[0,0],[0,0],[0,0]],"o":[[0,0],[0,0],[0,0]],"v":[[1015.371,-242.571],[431.988,101.092],[1012.251,414.519]],"c":true}],"t":91,"i":{"x":1,"y":1},"o":{"x":0,"y":0}},{"s":[{"i":[[0,0],[0,0],[0,0]],"o":[[0,0],[0,0],[0,0]],"v":[[980.649,-229.55],[358.614,100.634],[977.23,407.036]],"c":true}],"t":92,"i":{"x":1,"y":1},"o":{"x":0,"y":0}},{"s":[{"i":[[0,0],[0,0],[0,0]],"o":[[0,0],[0,0],[0,0]],"v":[[945.832,-216.494],[287.555,100.19],[942.113,399.532]],"c":true}],"t":93,"i":{"x":1,"y":1},"o":{"x":0,"y":0}},{"s":[{"i":[[0,0],[0,0],[0,0]],"o":[[0,0],[0,0],[0,0]],"v":[[911.043,-203.448],[219.318,99.763],[907.024,392.035]],"c":true}],"t":94,"i":{"x":1,"y":1},"o":{"x":0,"y":0}},{"s":[{"i":[[0,0],[0,0],[0,0]],"o":[[0,0],[0,0],[0,0]],"v":[[876.408,-190.46],[154.447,99.358],[872.091,384.57]],"c":true}],"t":95,"i":{"x":1,"y":1},"o":{"x":0,"y":0}},{"s":[{"i":[[0,0],[0,0],[0,0]],"o":[[0,0],[0,0],[0,0]],"v":[[842.031,-177.568],[93.509,98.977],[837.417,377.161]],"c":true}],"t":96,"i":{"x":1,"y":1},"o":{"x":0,"y":0}},{"s":[{"i":[[0,0],[0,0],[0,0]],"o":[[0,0],[0,0],[0,0]],"v":[[808.002,-164.808],[37.172,98.625],[803.095,369.828]],"c":true}],"t":97,"i":{"x":1,"y":1},"o":{"x":0,"y":0}},{"s":[{"i":[[0,0],[0,0],[0,0]],"o":[[0,0],[0,0],[0,0]],"v":[[774.409,-152.21],[-13.836,98.306],[769.213,362.588]],"c":true}],"t":98,"i":{"x":1,"y":1},"o":{"x":0,"y":0}},{"s":[{"i":[[0,0],[0,0],[0,0]],"o":[[0,0],[0,0],[0,0]],"v":[[741.34,-139.809],[-58.652,98.026],[735.858,355.461]],"c":true}],"t":99,"i":{"x":1,"y":1},"o":{"x":0,"y":0}},{"s":[{"i":[[0,0],[0,0],[0,0]],"o":[[0,0],[0,0],[0,0]],"v":[[708.891,-127.641],[-96.248,97.791],[703.129,348.467]],"c":true}],"t":100,"i":{"x":1,"y":1},"o":{"x":0,"y":0}},{"s":[{"i":[[0,0],[0,0],[0,0]],"o":[[0,0],[0,0],[0,0]],"v":[[677.153,-115.739],[-125.372,97.609],[671.117,341.627]],"c":true}],"t":101,"i":{"x":1,"y":1},"o":{"x":0,"y":0}},{"s":[{"i":[[0,0],[0,0],[0,0]],"o":[[0,0],[0,0],[0,0]],"v":[[646.205,-104.133],[-144.425,97.49],[639.903,334.957]],"c":true}],"t":102,"i":{"x":1,"y":1},"o":{"x":0,"y":0}},{"s":[{"i":[[0,0],[0,0],[0,0]],"o":[[0,0],[0,0],[0,0]],"v":[[616.152,-92.864],[-151.345,97.447],[609.591,328.481]],"c":true}],"t":103,"i":{"x":1,"y":1},"o":{"x":0,"y":0}},{"s":[{"i":[[0,0],[0,0],[0,0]],"o":[[0,0],[0,0],[0,0]],"v":[[587.09,-81.966],[-151.345,97.447],[580.279,322.217]],"c":true}],"t":104,"i":{"x":1,"y":1},"o":{"x":0,"y":0}},{"s":[{"i":[[0,0],[0,0],[0,0]],"o":[[0,0],[0,0],[0,0]],"v":[[559.11,-71.473],[-151.345,97.447],[552.057,316.187]],"c":true}],"t":105,"i":{"x":1,"y":1},"o":{"x":0,"y":0}},{"s":[{"i":[[0,0],[0,0],[0,0]],"o":[[0,0],[0,0],[0,0]],"v":[[532.336,-61.433],[-151.345,97.447],[525.052,310.417]],"c":true}],"t":106,"i":{"x":1,"y":1},"o":{"x":0,"y":0}},{"s":[{"i":[[0,0],[0,0],[0,0]],"o":[[0,0],[0,0],[0,0]],"v":[[506.876,-51.885],[-151.345,97.447],[499.373,304.93]],"c":true}],"t":107,"i":{"x":1,"y":1},"o":{"x":0,"y":0}},{"s":[{"i":[[0,0],[0,0],[0,0]],"o":[[0,0],[0,0],[0,0]],"v":[[482.863,-42.88],[-151.345,97.447],[475.152,299.754]],"c":true}],"t":108,"i":{"x":1,"y":1},"o":{"x":0,"y":0}},{"s":[{"i":[[0,0],[0,0],[0,0]],"o":[[0,0],[0,0],[0,0]],"v":[[460.433,-34.469],[-151.345,97.447],[452.53,294.921]],"c":true}],"t":109,"i":{"x":1,"y":1},"o":{"x":0,"y":0}},{"s":[{"i":[[0,0],[0,0],[0,0]],"o":[[0,0],[0,0],[0,0]],"v":[[439.744,-26.711],[-151.345,97.447],[431.662,290.462]],"c":true}],"t":110,"i":{"x":1,"y":1},"o":{"x":0,"y":0}},{"s":[{"i":[[0,0],[0,0],[0,0]],"o":[[0,0],[0,0],[0,0]],"v":[[420.964,-19.668],[-151.345,97.447],[412.72,286.414]],"c":true}],"t":111,"i":{"x":1,"y":1},"o":{"x":0,"y":0}},{"s":[{"i":[[0,0],[0,0],[0,0]],"o":[[0,0],[0,0],[0,0]],"v":[[404.29,-13.415],[-151.345,97.447],[395.902,282.821]],"c":true}],"t":112,"i":{"x":1,"y":1},"o":{"x":0,"y":0}},{"s":[{"i":[[0,0],[0,0],[0,0]],"o":[[0,0],[0,0],[0,0]],"v":[[389.945,-8.036],[-151.345,97.447],[381.433,279.729]],"c":true}],"t":113,"i":{"x":1,"y":1},"o":{"x":0,"y":0}},{"s":[{"i":[[0,0],[0,0],[0,0]],"o":[[0,0],[0,0],[0,0]],"v":[[378.184,-3.626],[-151.345,97.447],[369.572,277.195]],"c":true}],"t":114,"i":{"x":1,"y":1},"o":{"x":0,"y":0}},{"s":[{"i":[[0,0],[0,0],[0,0]],"o":[[0,0],[0,0],[0,0]],"v":[[369.309,-0.298],[-151.345,97.447],[360.62,275.282]],"c":true}],"t":115,"i":{"x":1,"y":1},"o":{"x":0,"y":0}},{"s":[{"i":[[0,0],[0,0],[0,0]],"o":[[0,0],[0,0],[0,0]],"v":[[363.666,1.819],[-151.345,97.447],[354.928,274.065]],"c":true}],"t":116,"i":{"x":1,"y":1},"o":{"x":0,"y":0}},{"s":[{"i":[[0,0],[0,0],[0,0]],"o":[[0,0],[0,0],[0,0]],"v":[[361.678,2.564],[-151.345,97.447],[352.923,273.637]],"c":true}],"t":117,"i":{"x":1,"y":1},"o":{"x":0,"y":0}}]},"nm":"Path 1","mn":"ADBE Vector Shape - Group","hd":false},{"ty":"st","c":{"a":0,"k":[0.152941176471,0.152941176471,0.152941176471,1],"ix":3},"o":{"a":0,"k":100,"ix":4},"w":{"a":0,"k":105,"ix":5},"lc":2,"lj":2,"bm":0,"nm":"Stroke 1","mn":"ADBE Vector Graphic - Stroke","hd":false},{"ty":"fl","c":{"a":0,"k":[0.152941176471,0.152941176471,0.152941176471,1],"ix":4},"o":{"a":0,"k":100,"ix":5},"r":1,"bm":0,"nm":"Fill 1","mn":"ADBE Vector Graphic - Fill","hd":false},{"ty":"tr","p":{"a":0,"k":[0,0],"ix":2},"a":{"a":0,"k":[0,0],"ix":1},"s":{"a":0,"k":[100,100],"ix":3},"r":{"a":0,"k":0,"ix":6},"o":{"a":0,"k":100,"ix":7},"sk":{"a":0,"k":0,"ix":4},"sa":{"a":0,"k":0,"ix":5},"nm":"Transform"}],"nm":"Polystar 1","np":3,"cix":2,"bm":0,"ix":1,"mn":"ADBE Vector Group","hd":false}],"ip":0,"op":900,"st":0,"ct":1,"bm":0}]},{"id":"comp_2","nm":"eyes","fr":30,"layers":[{"ddd":0,"ind":1,"ty":3,"nm":"EYES","sr":1,"ks":{"o":{"a":0,"k":0,"ix":11},"r":{"a":0,"k":0,"ix":10},"p":{"a":1,"k":[{"i":{"x":0.667,"y":1},"o":{"x":0.333,"y":0},"t":275,"s":[528.104,524.866,0],"to":[0,0,0],"ti":[0,0,0]},{"i":{"x":0.667,"y":0.667},"o":{"x":0.333,"y":0.333},"t":283,"s":[528.104,406.816,0],"to":[0,0,0],"ti":[0,0,0]},{"i":{"x":0.667,"y":1},"o":{"x":0.333,"y":0},"t":357,"s":[528.104,406.816,0],"to":[0,0,0],"ti":[0,0,0]},{"t":366,"s":[528.104,524.866,0]}],"ix":2,"l":2},"a":{"a":0,"k":[0,-16,0],"ix":1,"l":2},"s":{"a":1,"k":[{"i":{"x":[0.833,0.833,0.833],"y":[0.833,0.833,0.833]},"o":{"x":[0.167,0.167,0.167],"y":[0.167,0.167,0.167]},"t":176,"s":[86.2,88.537,100]},{"t":180.607,"s":[86.2,92.226,100],"h":1},{"i":{"x":[0.833,0.833,0.833],"y":[0.833,0.833,0.833]},"o":{"x":[0.167,0.167,0.167],"y":[0.167,0.167,0.167]},"t":194.856,"s":[86.2,13.834,100]},{"i":{"x":[0.833,0.833,0.833],"y":[0.833,0.833,0.833]},"o":{"x":[0.167,0.167,0.167],"y":[0.167,0.167,0.167]},"t":203,"s":[86.2,92.226,100]},{"i":{"x":[0.833,0.833,0.833],"y":[0.833,0.833,0.833]},"o":{"x":[0.167,0.167,0.167],"y":[0.167,0.167,0.167]},"t":239,"s":[86.2,88.537,100]},{"t":240.212,"s":[86.2,92.226,100],"h":1},{"i":{"x":[0.833,0.833,0.833],"y":[0.833,0.833,0.833]},"o":{"x":[0.167,0.167,0.167],"y":[0.167,0.167,0.167]},"t":247.365,"s":[86.2,13.834,100]},{"i":{"x":[0.667,0.667,0.667],"y":[1,1,1]},"o":{"x":[0.167,0.167,0.167],"y":[0,0,0]},"t":251,"s":[86.2,92.226,100]},{"i":{"x":[0.667,0.667,0.667],"y":[1,1,1]},"o":{"x":[0.333,0.333,0.333],"y":[0,0,0]},"t":275,"s":[86.2,92.226,100]},{"i":{"x":[0.667,0.667,0.667],"y":[1,1,1]},"o":{"x":[0.333,0.333,0.333],"y":[0,0,0]},"t":283,"s":[86.2,14.756,100]},{"i":{"x":[0.667,0.667,0.667],"y":[1,1,1]},"o":{"x":[0.333,0.333,0.333],"y":[0,0,0]},"t":357,"s":[86.2,14.756,100]},{"t":366,"s":[86.2,92.226,100]}],"ix":6,"l":2}},"ao":0,"ip":-4,"op":900,"st":0,"bm":0},{"ddd":0,"ind":2,"ty":4,"nm":"eye-right","parent":1,"sr":1,"ks":{"o":{"a":0,"k":100,"ix":11},"r":{"a":0,"k":0,"ix":10},"p":{"a":1,"k":[{"i":{"x":0.7,"y":1},"o":{"x":0.333,"y":0},"t":52,"s":[-231,143,0],"to":[0,0,0],"ti":[0,0,0]},{"i":{"x":0.7,"y":1},"o":{"x":0.167,"y":0},"t":71,"s":[-334,198,0],"to":[0,0,0],"ti":[0,0,0]},{"i":{"x":0.667,"y":1},"o":{"x":0.167,"y":0},"t":79,"s":[-352.742,198,0],"to":[0,0,0],"ti":[0,0,0]},{"i":{"x":0.667,"y":0.667},"o":{"x":0.167,"y":0.167},"t":111,"s":[-334,424,0],"to":[0,0,0],"ti":[0,0,0]},{"i":{"x":0.7,"y":1},"o":{"x":0.167,"y":0},"t":130,"s":[-334,424,0],"to":[0,0,0],"ti":[0,0,0]},{"i":{"x":0.7,"y":0.7},"o":{"x":0.167,"y":0.167},"t":144,"s":[-352.742,198,0],"to":[0,0,0],"ti":[0,0,0]},{"i":{"x":0.7,"y":1},"o":{"x":0.167,"y":0},"t":383,"s":[-352.742,198,0],"to":[0,0,0],"ti":[0,0,0]},{"t":410,"s":[-611,156,0]}],"ix":2,"l":2},"a":{"a":0,"k":[0,0,0],"ix":1,"l":2},"s":{"a":0,"k":[106.616,100,100],"ix":6,"l":2}},"ao":0,"shapes":[{"ty":"gr","it":[{"ind":0,"ty":"sh","ix":1,"ks":{"a":1,"k":[{"i":{"x":0.667,"y":1},"o":{"x":0.333,"y":0},"t":50,"s":[{"i":[[-48.905,-53],[21.642,-47]],"o":[[46.036,49.891],[-24.956,54.196]],"v":[[390.317,-382],[412.628,-211]],"c":false}]},{"i":{"x":0.667,"y":1},"o":{"x":0.333,"y":0},"t":78,"s":[{"i":[[0,-72.918],[0,-57]],"o":[[0,66],[0,60.133]],"v":[[392,-398],[393,-243]],"c":false}]},{"i":{"x":0.667,"y":1},"o":{"x":0.333,"y":0},"t":111,"s":[{"i":[[-24.946,-68.518],[17.821,-61]],"o":[[22.573,62],[-16.863,57.72]],"v":[[392,-398],[393,-243]],"c":false}]},{"i":{"x":0.667,"y":1},"o":{"x":0.333,"y":0},"t":130,"s":[{"i":[[-24.946,-68.518],[17.821,-61]],"o":[[22.573,62],[-16.863,57.72]],"v":[[392,-398],[393,-243]],"c":false}]},{"i":{"x":0.667,"y":1},"o":{"x":0.333,"y":0},"t":143,"s":[{"i":[[0,-72.918],[0,-57]],"o":[[0,66],[0,60.133]],"v":[[392,-398],[393,-243]],"c":false}]},{"i":{"x":0.833,"y":1},"o":{"x":0.167,"y":0},"t":386,"s":[{"i":[[0,-72.918],[0,-57]],"o":[[0,66],[0,60.133]],"v":[[392,-398],[393,-243]],"c":false}]},{"t":410,"s":[{"i":[[50.376,-50.377],[-24.649,-63.719]],"o":[[-29.579,29.579],[17.558,34.281]],"v":[[426.663,-405.892],[384.367,-228.499]],"c":false}]}],"ix":2},"nm":"Path 1","mn":"ADBE Vector Shape - Group","hd":false},{"ty":"st","c":{"a":0,"k":[0.152941176471,0.152941176471,0.152941176471,1],"ix":3},"o":{"a":0,"k":100,"ix":4},"w":{"a":0,"k":65,"ix":5},"lc":2,"lj":2,"bm":0,"nm":"Stroke 1","mn":"ADBE Vector Graphic - Stroke","hd":false},{"ty":"fl","c":{"a":0,"k":[0.152941176471,0.152941176471,0.152941176471,1],"ix":4},"o":{"a":0,"k":100,"ix":5},"r":1,"bm":0,"nm":"Fill 1","mn":"ADBE Vector Graphic - Fill","hd":false},{"ty":"tr","p":{"a":0,"k":[0,0],"ix":2},"a":{"a":0,"k":[0,0],"ix":1},"s":{"a":0,"k":[100,100],"ix":3},"r":{"a":0,"k":0,"ix":6},"o":{"a":0,"k":100,"ix":7},"sk":{"a":0,"k":0,"ix":4},"sa":{"a":0,"k":0,"ix":5},"nm":"Transform"}],"nm":"Shape 1","np":3,"cix":2,"bm":0,"ix":1,"mn":"ADBE Vector Group","hd":false}],"ip":50,"op":412,"st":50,"ct":1,"bm":0},{"ddd":0,"ind":3,"ty":4,"nm":"eye-left","parent":1,"sr":1,"ks":{"o":{"a":0,"k":100,"ix":11},"r":{"a":0,"k":0,"ix":10},"p":{"a":1,"k":[{"i":{"x":0.699,"y":1},"o":{"x":0.333,"y":0},"t":50,"s":[-235,171,0],"to":[0,0,0],"ti":[0,0,0]},{"i":{"x":0.699,"y":1},"o":{"x":0.167,"y":0},"t":67,"s":[-442.111,198.656,0],"to":[0,0,0],"ti":[0,0,0]},{"i":{"x":0.667,"y":1},"o":{"x":0.167,"y":0},"t":79,"s":[-466.654,198,0],"to":[0,0,0],"ti":[0,0,0]},{"i":{"x":0.667,"y":0.667},"o":{"x":0.167,"y":0.167},"t":111,"s":[-508,424,0],"to":[0,0,0],"ti":[0,0,0]},{"i":{"x":0.699,"y":1},"o":{"x":0.167,"y":0},"t":130,"s":[-508,424,0],"to":[0,0,0],"ti":[0,0,0]},{"i":{"x":0.699,"y":0.699},"o":{"x":0.167,"y":0.167},"t":144,"s":[-466.654,198,0],"to":[0,0,0],"ti":[0,0,0]},{"i":{"x":0.7,"y":1},"o":{"x":0.167,"y":0},"t":383,"s":[-466.654,198,0],"to":[0,0,0],"ti":[0,0,0]},{"t":405,"s":[-631,128,0]}],"ix":2,"l":2},"a":{"a":0,"k":[0,0,0],"ix":1,"l":2},"s":{"a":0,"k":[106.616,100,100],"ix":6,"l":2}},"ao":0,"shapes":[{"ty":"gr","it":[{"ind":0,"ty":"sh","ix":1,"ks":{"a":1,"k":[{"i":{"x":0.667,"y":1},"o":{"x":0.333,"y":0},"t":50,"s":[{"i":[[-45.153,-53],[31.746,-55.419]],"o":[[53.717,63.053],[-28.069,49]],"v":[[394.069,-406],[405.124,-195]],"c":false}]},{"i":{"x":0.667,"y":1},"o":{"x":0.167,"y":0},"t":70,"s":[{"i":[[0,-72.918],[0,-57]],"o":[[0,66],[0,60.133]],"v":[[392,-398],[393,-243]],"c":false}]},{"i":{"x":0.667,"y":1},"o":{"x":0.167,"y":0},"t":79,"s":[{"i":[[0,-72.918],[0,-57]],"o":[[0,66],[0,60.133]],"v":[[392,-398],[393,-243]],"c":false}]},{"i":{"x":0.667,"y":1},"o":{"x":0.167,"y":0},"t":111,"s":[{"i":[[25.027,-68.488],[-11.255,-51]],"o":[[-23.387,64],[12.959,58.72]],"v":[[392,-398],[393,-243]],"c":false}]},{"i":{"x":0.667,"y":1},"o":{"x":0.167,"y":0},"t":130,"s":[{"i":[[25.027,-68.488],[-11.255,-51]],"o":[[-23.387,64],[12.959,58.72]],"v":[[392,-398],[393,-243]],"c":false}]},{"i":{"x":0.667,"y":1},"o":{"x":0.167,"y":0},"t":143,"s":[{"i":[[0,-72.918],[0,-57]],"o":[[0,66],[0,60.133]],"v":[[392,-398],[393,-243]],"c":false}]},{"i":{"x":0.833,"y":0.833},"o":{"x":0.167,"y":0},"t":383,"s":[{"i":[[0,-72.918],[0,-57]],"o":[[0,66],[0,60.133]],"v":[[392,-398],[393,-243]],"c":false}]},{"i":{"x":0.833,"y":1},"o":{"x":0.167,"y":0.167},"t":395,"s":[{"i":[[28.165,-56.35],[-9.253,-45.839]],"o":[[-15.677,42.073],[9.253,47.235]],"v":[[413.187,-388.072],[392.936,-236.255]],"c":false}]},{"t":405,"s":[{"i":[[50.794,-43.04],[-16.687,-36.872]],"o":[[-28.272,22.849],[16.687,36.872]],"v":[[445.907,-378.14],[398.772,-223.014]],"c":false}]}],"ix":2},"nm":"Path 1","mn":"ADBE Vector Shape - Group","hd":false},{"ty":"st","c":{"a":0,"k":[0.152941176471,0.152941176471,0.152941176471,1],"ix":3},"o":{"a":0,"k":100,"ix":4},"w":{"a":0,"k":65,"ix":5},"lc":2,"lj":2,"bm":0,"nm":"Stroke 1","mn":"ADBE Vector Graphic - Stroke","hd":false},{"ty":"fl","c":{"a":0,"k":[0.152941176471,0.152941176471,0.152941176471,1],"ix":4},"o":{"a":0,"k":100,"ix":5},"r":1,"bm":0,"nm":"Fill 1","mn":"ADBE Vector Graphic - Fill","hd":false},{"ty":"tr","p":{"a":0,"k":[0,0],"ix":2},"a":{"a":0,"k":[0,0],"ix":1},"s":{"a":0,"k":[100,100],"ix":3},"r":{"a":0,"k":0,"ix":6},"o":{"a":0,"k":100,"ix":7},"sk":{"a":0,"k":0,"ix":4},"sa":{"a":0,"k":0,"ix":5},"nm":"Transform"}],"nm":"Shape 1","np":3,"cix":2,"bm":0,"ix":1,"mn":"ADBE Vector Group","hd":false}],"ip":50,"op":412,"st":50,"ct":1,"bm":0}]}],"layers":[{"ddd":0,"ind":1,"ty":0,"nm":"V3-Fini ?","refId":"comp_0","sr":1,"ks":{"o":{"a":0,"k":100,"ix":11},"r":{"a":0,"k":0,"ix":10},"p":{"a":0,"k":[532,654,0],"ix":2,"l":2},"a":{"a":0,"k":[540,540,0],"ix":1,"l":2},"s":{"a":0,"k":[100,100,100],"ix":6,"l":2}},"ao":0,"w":1080,"h":1080,"ip":0,"op":12,"st":-270,"bm":0},{"ddd":0,"ind":2,"ty":0,"nm":"V3-Fini ?","refId":"comp_0","sr":1,"ks":{"o":{"a":0,"k":100,"ix":11},"r":{"a":0,"k":0,"ix":10},"p":{"a":0,"k":[532,654,0],"ix":2,"l":2},"a":{"a":0,"k":[540,540,0],"ix":1,"l":2},"s":{"a":0,"k":[100,100,100],"ix":6,"l":2}},"ao":0,"w":1080,"h":1080,"ip":172,"op":283,"st":11,"bm":0},{"ddd":0,"ind":3,"ty":0,"nm":"V3-Fini ?","refId":"comp_0","sr":1,"ks":{"o":{"a":0,"k":100,"ix":11},"r":{"a":0,"k":0,"ix":10},"p":{"a":0,"k":[532,654,0],"ix":2,"l":2},"a":{"a":0,"k":[540,540,0],"ix":1,"l":2},"s":{"a":0,"k":[100,100,100],"ix":6,"l":2}},"ao":0,"w":1080,"h":1080,"ip":11,"op":172,"st":11,"bm":0}],"markers":[{"tm":0,"cm":"pause-start","dr":0},{"tm":5,"cm":"pause-hold","dr":0},{"tm":110,"cm":"pause-end","dr":0},{"tm":130,"cm":"blink-start","dr":0},{"tm":150,"cm":"blink-end","dr":0},{"tm":173,"cm":"blink-end2","dr":0},{"tm":186,"cm":"play-start","dr":0},{"tm":237,"cm":"play-hold","dr":0},{"tm":280,"cm":"play-end","dr":0}],"props":{}}