{"v":"5.12.1","fr":60,"ip":0,"op":309,"w":1080,"h":1080,"nm":"standard","ddd":0,"assets":[{"id":"audio_0","u":"images/","p":"aud_0.mp3","e":0,"t":2},{"id":"audio_1","u":"images/","p":"aud_1.mp3","e":0,"t":2},{"id":"audio_2","u":"images/","p":"aud_2.mp3","e":0,"t":2},{"id":"audio_3","u":"images/","p":"aud_3.mp3","e":0,"t":2},{"id":"comp_0","nm":"rouage 2","fr":60,"layers":[{"ddd":0,"ind":1,"ty":4,"nm":"Shape Layer 1","tt":2,"tp":2,"sr":1,"ks":{"o":{"a":0,"k":100,"ix":11},"r":{"a":0,"k":0,"ix":10},"p":{"a":0,"k":[540,540,0],"ix":2,"l":2},"a":{"a":0,"k":[0,0,0],"ix":1,"l":2},"s":{"a":0,"k":[41,41,100],"ix":6,"l":2}},"ao":0,"shapes":[{"ty":"gr","it":[{"ind":0,"ty":"sh","ix":1,"ks":{"a":0,"k":{"i":[[0,0],[0,0],[0,0],[0,0]],"o":[[0,0],[0,0],[0,0],[0,0]],"v":[[92,-108],[152,230],[-152,230],[-90,-108]],"c":true},"ix":2},"nm":"Path 1","mn":"ADBE Vector Shape - Group","hd":false},{"ty":"tr","p":{"a":0,"k":[0,26],"ix":2},"a":{"a":0,"k":[0,620],"ix":1},"s":{"a":0,"k":[100,100],"ix":3},"r":{"a":0,"k":0,"ix":6},"o":{"a":0,"k":100,"ix":7},"sk":{"a":0,"k":0,"ix":4},"sa":{"a":0,"k":0,"ix":5},"nm":"Transform"}],"nm":"tooth","np":2,"cix":2,"bm":0,"ix":1,"mn":"ADBE Vector Group","hd":false},{"ty":"rp","c":{"a":0,"k":29,"ix":1},"o":{"a":0,"k":0,"ix":2},"m":1,"ix":2,"tr":{"ty":"tr","p":{"a":0,"k":[0,0],"ix":2},"a":{"a":0,"k":[0,0],"ix":1},"s":{"a":0,"k":[100,100],"ix":3},"r":{"a":0,"k":36,"ix":4},"so":{"a":0,"k":100,"ix":5},"eo":{"a":0,"k":100,"ix":6},"nm":"Transform"},"nm":"Repeater 1","mn":"ADBE Vector Filter - Repeater","hd":false},{"ty":"gr","it":[{"d":1,"ty":"el","s":{"a":0,"k":[1080,1080],"ix":2},"p":{"a":0,"k":[0,0],"ix":3},"nm":"Ellipse Path 1","mn":"ADBE Vector Shape - Ellipse","hd":false},{"ty":"tr","p":{"a":0,"k":[0,0],"ix":2},"a":{"a":0,"k":[0,0],"ix":1},"s":{"a":0,"k":[100,100],"ix":3},"r":{"a":0,"k":0,"ix":6},"o":{"a":0,"k":100,"ix":7},"sk":{"a":0,"k":0,"ix":4},"sa":{"a":0,"k":0,"ix":5},"nm":"Transform"}],"nm":"Ellipse 1","np":1,"cix":2,"bm":0,"ix":3,"mn":"ADBE Vector Group","hd":false},{"ty":"fl","c":{"a":1,"k":[{"i":{"x":[0.833],"y":[0.833]},"o":{"x":[0.167],"y":[0.167]},"t":66,"s":[0,0,0,1]},{"t":71,"s":[0.533333361149,0,0.780392169952,1]}],"ix":4},"o":{"a":0,"k":100,"ix":5},"r":1,"bm":0,"nm":"Fill 1","mn":"ADBE Vector Graphic - Fill","hd":false},{"ty":"st","c":{"a":1,"k":[{"i":{"x":[0.833],"y":[0.833]},"o":{"x":[0.167],"y":[0.167]},"t":66,"s":[0,0,0,1]},{"t":71,"s":[0.533333361149,0,0.780392169952,1]}],"ix":3},"o":{"a":0,"k":100,"ix":4},"w":{"a":0,"k":37,"ix":5},"lc":2,"lj":2,"bm":0,"nm":"Stroke 1","mn":"ADBE Vector Graphic - Stroke","hd":false}],"ip":0,"op":1800,"st":0,"ct":1,"bm":0},{"ddd":0,"ind":2,"ty":4,"nm":"mask","td":1,"sr":1,"ks":{"o":{"a":0,"k":100,"ix":11},"r":{"a":0,"k":0,"ix":10},"p":{"a":0,"k":[540,540,0],"ix":2,"l":2},"a":{"a":0,"k":[0,0,0],"ix":1,"l":2},"s":{"a":0,"k":[20,20,100],"ix":6,"l":2}},"ao":0,"shapes":[{"ty":"gr","it":[{"d":1,"ty":"el","s":{"a":0,"k":[1080,1080],"ix":2},"p":{"a":0,"k":[0,0],"ix":3},"nm":"Ellipse Path 1","mn":"ADBE Vector Shape - Ellipse","hd":false},{"ty":"fl","c":{"a":0,"k":[0,0,0,1],"ix":4},"o":{"a":0,"k":100,"ix":5},"r":1,"bm":0,"nm":"Fill 1","mn":"ADBE Vector Graphic - Fill","hd":false},{"ty":"tr","p":{"a":0,"k":[0,0],"ix":2},"a":{"a":0,"k":[0,0],"ix":1},"s":{"a":0,"k":[100,100],"ix":3},"r":{"a":0,"k":0,"ix":6},"o":{"a":0,"k":100,"ix":7},"sk":{"a":0,"k":0,"ix":4},"sa":{"a":0,"k":0,"ix":5},"nm":"Transform"}],"nm":"Ellipse 1","np":3,"cix":2,"bm":0,"ix":1,"mn":"ADBE Vector Group","hd":false}],"ip":0,"op":1800,"st":0,"ct":1,"bm":0}]}],"layers":[{"ddd":0,"ind":1,"ty":6,"nm":"wheel-spin-click-slow-down-101152.mp3","cl":"mp3","refId":"audio_0","sr":1,"ip":140,"op":148,"st":140,"bm":0},{"ddd":0,"ind":2,"ty":6,"nm":"wheel-spin-click-slow-down-101152.mp3","cl":"mp3","refId":"audio_1","sr":1,"ip":1,"op":9,"st":1,"bm":0},{"ddd":0,"ind":3,"ty":6,"nm":"metal-hit-91-200421.mp3","cl":"mp3","refId":"audio_2","sr":1,"ip":143,"op":227.96,"st":143,"bm":0},{"ddd":0,"ind":4,"ty":6,"nm":"metal-hit-91-200421.mp3","cl":"mp3","refId":"audio_3","sr":1,"ip":4,"op":88.96,"st":4,"bm":0},{"ddd":0,"ind":5,"ty":0,"nm":"rouage 2","refId":"comp_0","sr":1,"ks":{"o":{"a":0,"k":50,"ix":11},"r":{"a":1,"k":[{"i":{"x":[0.739],"y":[1]},"o":{"x":[0.346],"y":[0]},"t":0,"s":[0]},{"i":{"x":[0.667],"y":[1]},"o":{"x":[0.613],"y":[0]},"t":16,"s":[37.469]},{"t":23,"s":[36],"h":1},{"i":{"x":[0.739],"y":[1]},"o":{"x":[0.346],"y":[0]},"t":137,"s":[0]},{"i":{"x":[0.667],"y":[1]},"o":{"x":[0.613],"y":[0]},"t":153,"s":[37.469]},{"t":160,"s":[36],"h":1}],"ix":10},"p":{"a":0,"k":[546,552,0],"ix":2,"l":2},"a":{"a":0,"k":[540,540,0],"ix":1,"l":2},"s":{"a":0,"k":[100,100,100],"ix":6,"l":2}},"ao":0,"tm":{"a":1,"k":[{"i":{"x":[0.833],"y":[0.833]},"o":{"x":[0.167],"y":[0.167]},"t":66,"s":[1.1]},{"i":{"x":[0.833],"y":[0.833]},"o":{"x":[0.167],"y":[0.167]},"t":74,"s":[1.183]},{"i":{"x":[0.833],"y":[0.833]},"o":{"x":[0.167],"y":[0.167]},"t":183,"s":[1.183]},{"t":191,"s":[1.1]}],"ix":2},"w":1080,"h":1080,"ip":0,"op":1800,"st":0,"bm":0},{"ddd":0,"ind":6,"ty":0,"nm":"rouage 2","refId":"comp_0","sr":1,"ks":{"o":{"a":0,"k":100,"ix":11},"r":{"a":1,"k":[{"i":{"x":[0.739],"y":[1]},"o":{"x":[0.346],"y":[0]},"t":0,"s":[0]},{"i":{"x":[0.667],"y":[1]},"o":{"x":[0.613],"y":[0]},"t":16,"s":[37.469]},{"t":23,"s":[36],"h":1},{"i":{"x":[0.739],"y":[1]},"o":{"x":[0.346],"y":[0]},"t":137,"s":[0]},{"i":{"x":[0.667],"y":[1]},"o":{"x":[0.613],"y":[0]},"t":153,"s":[37.469]},{"t":160,"s":[36],"h":1}],"ix":10},"p":{"a":0,"k":[540,540,0],"ix":2,"l":2},"a":{"a":0,"k":[540,540,0],"ix":1,"l":2},"s":{"a":0,"k":[100,100,100],"ix":6,"l":2}},"ao":0,"tm":{"a":1,"k":[{"i":{"x":[0.833],"y":[0.833]},"o":{"x":[0.167],"y":[0.167]},"t":66,"s":[1.1]},{"i":{"x":[0.833],"y":[0.833]},"o":{"x":[0.167],"y":[0.167]},"t":74,"s":[1.183]},{"i":{"x":[0.833],"y":[0.833]},"o":{"x":[0.167],"y":[0.167]},"t":183,"s":[1.183]},{"t":191,"s":[1.1]}],"ix":2},"w":1080,"h":1080,"ip":0,"op":1800,"st":0,"bm":0},{"ddd":0,"ind":9,"ty":4,"nm":".hitbox","cl":"hitbox","sr":1,"ks":{"o":{"a":0,"k":3,"ix":11},"r":{"a":0,"k":0,"ix":10},"p":{"a":0,"k":[540,540,0],"ix":2,"l":2},"a":{"a":0,"k":[0,0,0],"ix":1,"l":2},"s":{"a":0,"k":[100,100,100],"ix":6,"l":2}},"ao":0,"shapes":[{"ty":"gr","it":[{"d":1,"ty":"el","s":{"a":0,"k":[1080,1080],"ix":2},"p":{"a":0,"k":[0,0],"ix":3},"nm":"Ellipse Path 1","mn":"ADBE Vector Shape - Ellipse","hd":false},{"ty":"fl","c":{"a":0,"k":[0,0,0,1],"ix":4},"o":{"a":0,"k":100,"ix":5},"r":1,"bm":0,"nm":"Fill 1","mn":"ADBE Vector Graphic - Fill","hd":false},{"ty":"tr","p":{"a":0,"k":[0,0],"ix":2},"a":{"a":0,"k":[0,0],"ix":1},"s":{"a":0,"k":[100,100],"ix":3},"r":{"a":0,"k":0,"ix":6},"o":{"a":0,"k":100,"ix":7},"sk":{"a":0,"k":0,"ix":4},"sa":{"a":0,"k":0,"ix":5},"nm":"Transform"}],"nm":"Ellipse 1","np":3,"cix":2,"bm":0,"ix":1,"mn":"ADBE Vector Group","hd":false}],"ip":0,"op":1800,"st":0,"ct":1,"bm":0}],"markers":[{"tm":0,"cm":"hover-start","dr":0},{"tm":23,"cm":"hover-end","dr":0},{"tm":66,"cm":"active-start","dr":0},{"tm":74,"cm":"active-end","dr":0},{"tm":137,"cm":"hover2-start","dr":0},{"tm":160,"cm":"hover2-end","dr":0},{"tm":183,"cm":"active2-start","dr":0},{"tm":191,"cm":"active2-end","dr":0}],"props":{}}