{"v":"5.12.1","fr":60,"ip":0,"op":250,"w":1080,"h":1080,"nm":"OverTheTop 2","ddd":0,"assets":[],"layers":[{"ddd":0,"ind":1,"ty":4,"nm":".sunShapes.noclick","cl":"sunShapes noclick","sr":1,"ks":{"o":{"a":0,"k":100,"ix":11},"r":{"a":0,"k":0,"ix":10},"p":{"a":0,"k":[540,540,0],"ix":2,"l":2},"a":{"a":0,"k":[789.242,302.302,0],"ix":1,"l":2},"s":{"a":0,"k":[113,113,100],"ix":6,"l":2}},"ao":0,"shapes":[{"ty":"gr","it":[{"ind":0,"ty":"sh","ix":1,"ks":{"a":0,"k":{"i":[[0,0],[-7.465,7.465],[-7.465,7.465],[-7.465,7.465],[-7.466,7.466]],"o":[[7.465,-7.465],[7.465,-7.465],[7.465,-7.465],[7.465,-7.465],[0,0]],"v":[[-29.861,29.861],[-10.335,19.527],[-0.001,0.001],[19.526,-10.333],[29.86,-29.861]],"c":false},"ix":2},"nm":"Path 1","mn":"ADBE Vector Shape - Group","hd":false},{"ty":"tm","s":{"a":1,"k":[{"i":{"x":[0.446],"y":[1]},"o":{"x":[0.546],"y":[0]},"t":90,"s":[0]},{"t":101,"s":[100]}],"ix":1},"e":{"a":1,"k":[{"i":{"x":[0.446],"y":[1]},"o":{"x":[0.626],"y":[0]},"t":100,"s":[0]},{"t":111,"s":[100]}],"ix":2},"o":{"a":0,"k":0,"ix":3},"m":1,"ix":2,"nm":"Trim Paths 1","mn":"ADBE Vector Filter - Trim","hd":false},{"ty":"st","c":{"a":0,"k":[1,0.878431432387,0.501960784314,1],"ix":3},"o":{"a":0,"k":100,"ix":4},"w":{"a":0,"k":20,"ix":5},"lc":1,"lj":1,"ml":10,"bm":0,"nm":"Stroke 1","mn":"ADBE Vector Graphic - Stroke","hd":false},{"ty":"tr","p":{"a":0,"k":[662.692,425.8],"ix":2},"a":{"a":0,"k":[0,0],"ix":1},"s":{"a":0,"k":[100,100],"ix":3},"r":{"a":0,"k":180,"ix":6},"o":{"a":0,"k":100,"ix":7},"sk":{"a":0,"k":0,"ix":4},"sa":{"a":0,"k":0,"ix":5},"nm":"Transform"}],"nm":"Group 1","np":3,"cix":2,"bm":0,"ix":1,"mn":"ADBE Vector Group","hd":false},{"ty":"gr","it":[{"ind":0,"ty":"sh","ix":1,"ks":{"a":0,"k":{"i":[[0,0],[-7.465,7.465],[-7.465,7.465],[-7.465,7.465],[-7.466,7.465]],"o":[[7.465,-7.465],[7.465,-7.465],[7.465,-7.465],[7.465,-7.465],[0,0]],"v":[[-29.861,29.861],[-10.335,19.527],[-0.001,0.001],[19.526,-10.333],[29.86,-29.861]],"c":false},"ix":2},"nm":"Path 1","mn":"ADBE Vector Shape - Group","hd":false},{"ty":"tm","s":{"a":1,"k":[{"i":{"x":[0.446],"y":[1]},"o":{"x":[0.546],"y":[0]},"t":90,"s":[0]},{"t":101,"s":[100]}],"ix":1},"e":{"a":1,"k":[{"i":{"x":[0.446],"y":[1]},"o":{"x":[0.626],"y":[0]},"t":100,"s":[0]},{"t":111,"s":[100]}],"ix":2},"o":{"a":0,"k":0,"ix":3},"m":1,"ix":2,"nm":"Trim Paths 1","mn":"ADBE Vector Filter - Trim","hd":false},{"ty":"st","c":{"a":0,"k":[1,0.878431432387,0.501960784314,1],"ix":3},"o":{"a":0,"k":100,"ix":4},"w":{"a":0,"k":20,"ix":5},"lc":1,"lj":1,"ml":10,"bm":0,"nm":"Stroke 1","mn":"ADBE Vector Graphic - Stroke","hd":false},{"ty":"tr","p":{"a":0,"k":[912.045,174.905],"ix":2},"a":{"a":0,"k":[0,0],"ix":1},"s":{"a":0,"k":[100,100],"ix":3},"r":{"a":0,"k":-180,"ix":6},"o":{"a":0,"k":100,"ix":7},"sk":{"a":0,"k":0,"ix":4},"sa":{"a":0,"k":0,"ix":5},"nm":"Transform"}],"nm":"Group 2","np":3,"cix":2,"bm":0,"ix":2,"mn":"ADBE Vector Group","hd":false},{"ty":"gr","it":[{"ind":0,"ty":"sh","ix":1,"ks":{"a":0,"k":{"i":[[0,0],[7.465,7.465],[7.465,7.465],[7.465,7.465],[7.466,7.466]],"o":[[-7.465,-7.465],[-7.465,-7.465],[-7.465,-7.465],[-7.465,-7.465],[0,0]],"v":[[29.86,29.861],[19.526,10.335],[0,0.001],[-10.333,-19.527],[-29.861,-29.861]],"c":false},"ix":2},"nm":"Path 1","mn":"ADBE Vector Shape - Group","hd":false},{"ty":"tm","s":{"a":1,"k":[{"i":{"x":[0.446],"y":[1]},"o":{"x":[0.546],"y":[0]},"t":90,"s":[0]},{"t":101,"s":[100]}],"ix":1},"e":{"a":1,"k":[{"i":{"x":[0.446],"y":[1]},"o":{"x":[0.626],"y":[0]},"t":100,"s":[0]},{"t":111,"s":[100]}],"ix":2},"o":{"a":0,"k":0,"ix":3},"m":1,"ix":2,"nm":"Trim Paths 1","mn":"ADBE Vector Filter - Trim","hd":false},{"ty":"st","c":{"a":0,"k":[1,0.878431432387,0.501960784314,1],"ix":3},"o":{"a":0,"k":100,"ix":4},"w":{"a":0,"k":20,"ix":5},"lc":1,"lj":1,"ml":10,"bm":0,"nm":"Stroke 1","mn":"ADBE Vector Graphic - Stroke","hd":false},{"ty":"tr","p":{"a":0,"k":[912.045,429.698],"ix":2},"a":{"a":0,"k":[0,0],"ix":1},"s":{"a":0,"k":[100,100],"ix":3},"r":{"a":0,"k":0,"ix":6},"o":{"a":0,"k":100,"ix":7},"sk":{"a":0,"k":0,"ix":4},"sa":{"a":0,"k":0,"ix":5},"nm":"Transform"}],"nm":"Group 3","np":3,"cix":2,"bm":0,"ix":3,"mn":"ADBE Vector Group","hd":false},{"ty":"gr","it":[{"ind":0,"ty":"sh","ix":1,"ks":{"a":0,"k":{"i":[[0,0],[7.465,7.465],[7.465,7.465],[7.465,7.465],[7.465,7.465]],"o":[[-7.465,-7.465],[-7.465,-7.465],[-7.465,-7.465],[-7.465,-7.465],[0,0]],"v":[[29.86,29.861],[19.526,10.335],[0,0.001],[-10.333,-19.527],[-29.861,-29.861]],"c":false},"ix":2},"nm":"Path 1","mn":"ADBE Vector Shape - Group","hd":false},{"ty":"tm","s":{"a":1,"k":[{"i":{"x":[0.446],"y":[1]},"o":{"x":[0.546],"y":[0]},"t":90,"s":[0]},{"t":101,"s":[100]}],"ix":1},"e":{"a":1,"k":[{"i":{"x":[0.446],"y":[1]},"o":{"x":[0.626],"y":[0]},"t":100,"s":[0]},{"t":111,"s":[100]}],"ix":2},"o":{"a":0,"k":0,"ix":3},"m":1,"ix":2,"nm":"Trim Paths 1","mn":"ADBE Vector Filter - Trim","hd":false},{"ty":"st","c":{"a":0,"k":[1,0.878431432387,0.501960784314,1],"ix":3},"o":{"a":0,"k":100,"ix":4},"w":{"a":0,"k":20,"ix":5},"lc":1,"lj":1,"ml":10,"bm":0,"nm":"Stroke 1","mn":"ADBE Vector Graphic - Stroke","hd":false},{"ty":"tr","p":{"a":0,"k":[661.848,179.501],"ix":2},"a":{"a":0,"k":[0,0],"ix":1},"s":{"a":0,"k":[100,100],"ix":3},"r":{"a":0,"k":0,"ix":6},"o":{"a":0,"k":100,"ix":7},"sk":{"a":0,"k":0,"ix":4},"sa":{"a":0,"k":0,"ix":5},"nm":"Transform"}],"nm":"Group 4","np":3,"cix":2,"bm":0,"ix":4,"mn":"ADBE Vector Group","hd":false},{"ty":"gr","it":[{"ind":0,"ty":"sh","ix":1,"ks":{"a":0,"k":{"i":[[0,0],[-10.557,0],[-10.557,0],[-10.557,0],[-10.557,0]],"o":[[10.557,0],[10.558,0],[10.557,0],[10.558,0],[0,0]],"v":[[-42.229,-3.25],[-21.115,3.25],[0,-3.25],[21.114,3.25],[42.229,-3.25]],"c":false},"ix":2},"nm":"Path 1","mn":"ADBE Vector Shape - Group","hd":false},{"ty":"tm","s":{"a":1,"k":[{"i":{"x":[0.446],"y":[1]},"o":{"x":[0.546],"y":[0]},"t":90,"s":[0]},{"t":101,"s":[100]}],"ix":1},"e":{"a":1,"k":[{"i":{"x":[0.446],"y":[1]},"o":{"x":[0.626],"y":[0]},"t":100,"s":[0]},{"t":111,"s":[100]}],"ix":2},"o":{"a":0,"k":0,"ix":3},"m":1,"ix":2,"nm":"Trim Paths 1","mn":"ADBE Vector Filter - Trim","hd":false},{"ty":"st","c":{"a":0,"k":[1,0.878431432387,0.501960784314,1],"ix":3},"o":{"a":0,"k":100,"ix":4},"w":{"a":0,"k":20,"ix":5},"lc":1,"lj":1,"ml":10,"bm":0,"nm":"Stroke 1","mn":"ADBE Vector Graphic - Stroke","hd":false},{"ty":"tr","p":{"a":0,"k":[570.095,302.302],"ix":2},"a":{"a":0,"k":[0,0],"ix":1},"s":{"a":0,"k":[100,100],"ix":3},"r":{"a":0,"k":0,"ix":6},"o":{"a":0,"k":100,"ix":7},"sk":{"a":0,"k":0,"ix":4},"sa":{"a":0,"k":0,"ix":5},"nm":"Transform"}],"nm":"Group 5","np":3,"cix":2,"bm":0,"ix":5,"mn":"ADBE Vector Group","hd":false},{"ty":"gr","it":[{"ind":0,"ty":"sh","ix":1,"ks":{"a":0,"k":{"i":[[0,0],[-10.558,0],[-10.557,0],[-10.557,0],[-10.557,0]],"o":[[10.557,0],[10.557,0],[10.557,0],[10.558,0],[0,0]],"v":[[-42.229,-3.25],[-21.114,3.25],[0,-3.25],[21.114,3.25],[42.229,-3.25]],"c":false},"ix":2},"nm":"Path 1","mn":"ADBE Vector Shape - Group","hd":false},{"ty":"tm","s":{"a":1,"k":[{"i":{"x":[0.446],"y":[1]},"o":{"x":[0.546],"y":[0]},"t":90,"s":[0]},{"t":101,"s":[100]}],"ix":1},"e":{"a":1,"k":[{"i":{"x":[0.446],"y":[1]},"o":{"x":[0.626],"y":[0]},"t":100,"s":[0]},{"t":111,"s":[100]}],"ix":2},"o":{"a":0,"k":0,"ix":3},"m":1,"ix":2,"nm":"Trim Paths 1","mn":"ADBE Vector Filter - Trim","hd":false},{"ty":"st","c":{"a":0,"k":[1,0.878431432387,0.501960784314,1],"ix":3},"o":{"a":0,"k":100,"ix":4},"w":{"a":0,"k":20,"ix":5},"lc":1,"lj":1,"ml":10,"bm":0,"nm":"Stroke 1","mn":"ADBE Vector Graphic - Stroke","hd":false},{"ty":"tr","p":{"a":0,"k":[1008.39,302.302],"ix":2},"a":{"a":0,"k":[0,0],"ix":1},"s":{"a":0,"k":[100,100],"ix":3},"r":{"a":0,"k":0,"ix":6},"o":{"a":0,"k":100,"ix":7},"sk":{"a":0,"k":0,"ix":4},"sa":{"a":0,"k":0,"ix":5},"nm":"Transform"}],"nm":"Group 6","np":3,"cix":2,"bm":0,"ix":6,"mn":"ADBE Vector Group","hd":false}],"ip":90,"op":147,"st":90,"ct":1,"bm":0},{"ddd":0,"ind":2,"ty":4,"nm":".ecailles.noclick","cl":"ecailles noclick","parent":13,"sr":1,"ks":{"o":{"a":0,"k":100,"ix":11},"r":{"a":0,"k":0,"ix":10},"p":{"a":0,"k":[540,817.51,0],"ix":2,"l":2},"a":{"a":0,"k":[290.074,762.459,0],"ix":1,"l":2},"s":{"a":1,"k":[{"i":{"x":[0.224,0.224,0.667],"y":[1,1,1]},"o":{"x":[0.185,0.185,0.333],"y":[0,0,0]},"t":63,"s":[167.974,154.84,100]},{"i":{"x":[0.224,0.224,0.667],"y":[1,1,1]},"o":{"x":[0.167,0.167,0.167],"y":[0,0,0]},"t":73,"s":[195.974,180.651,100]},{"i":{"x":[0.815,0.815,0.667],"y":[1,1,1]},"o":{"x":[0.776,0.776,0.333],"y":[0,0,0]},"t":82,"s":[195.974,180.651,100]},{"t":88,"s":[167.974,154.84,100]}],"ix":6,"l":2}},"ao":0,"shapes":[{"ty":"gr","it":[{"ind":0,"ty":"sh","ix":1,"ks":{"a":0,"k":{"i":[[0,0],[0,0],[0.061,5.717],[0,0]],"o":[[0,0],[-5.717,-0.061],[0,0],[0,0]],"v":[[15.237,15.237],[-4.561,15.024],[-15.024,4.561],[-15.237,-15.237]],"c":false},"ix":2},"nm":"Path 1","mn":"ADBE Vector Shape - Group","hd":false},{"ty":"fl","c":{"a":0,"k":[0.294117647059,0.745098039216,0.501960784314,1],"ix":4},"o":{"a":0,"k":100,"ix":5},"r":1,"bm":0,"nm":"Fill 1","mn":"ADBE Vector Graphic - Fill","hd":false},{"ty":"tr","p":{"a":0,"k":[158.504,785.653],"ix":2},"a":{"a":0,"k":[0,0],"ix":1},"s":{"a":0,"k":[100,100],"ix":3},"r":{"a":0,"k":0,"ix":6},"o":{"a":0,"k":100,"ix":7},"sk":{"a":0,"k":0,"ix":4},"sa":{"a":0,"k":0,"ix":5},"nm":"Transform"}],"nm":"Group 7","np":2,"cix":2,"bm":0,"ix":1,"mn":"ADBE Vector Group","hd":false},{"ty":"gr","it":[{"ind":0,"ty":"sh","ix":1,"ks":{"a":0,"k":{"i":[[0,0],[0,0],[0.061,5.717],[0,0]],"o":[[0,0],[-5.717,-0.061],[0,0],[0,0]],"v":[[15.237,15.237],[-4.561,15.024],[-15.024,4.561],[-15.237,-15.237]],"c":false},"ix":2},"nm":"Path 1","mn":"ADBE Vector Shape - Group","hd":false},{"ty":"fl","c":{"a":0,"k":[0.294117647059,0.745098039216,0.501960784314,1],"ix":4},"o":{"a":0,"k":100,"ix":5},"r":1,"bm":0,"nm":"Fill 1","mn":"ADBE Vector Graphic - Fill","hd":false},{"ty":"tr","p":{"a":0,"k":[188.979,816.127],"ix":2},"a":{"a":0,"k":[0,0],"ix":1},"s":{"a":0,"k":[100,100],"ix":3},"r":{"a":0,"k":0,"ix":6},"o":{"a":0,"k":100,"ix":7},"sk":{"a":0,"k":0,"ix":4},"sa":{"a":0,"k":0,"ix":5},"nm":"Transform"}],"nm":"Group 8","np":2,"cix":2,"bm":0,"ix":2,"mn":"ADBE Vector Group","hd":false},{"ty":"gr","it":[{"ind":0,"ty":"sh","ix":1,"ks":{"a":0,"k":{"i":[[0,0],[6.731,0.158],[1.905,1.894],[0.031,2.859],[0,0]],"o":[[-6.173,1.135],[-3.024,-0.079],[-1.893,-1.893],[0,0],[0,0]],"v":[[15.164,13.439],[-4.373,15.07],[-11.841,11.921],[-14.952,4.569],[-15.165,-15.229]],"c":false},"ix":2},"nm":"Path 1","mn":"ADBE Vector Shape - Group","hd":false},{"ty":"fl","c":{"a":0,"k":[0.294117647059,0.745098039216,0.501960784314,1],"ix":4},"o":{"a":0,"k":100,"ix":5},"r":1,"bm":0,"nm":"Fill 1","mn":"ADBE Vector Graphic - Fill","hd":false},{"ty":"tr","p":{"a":0,"k":[219.38,846.593],"ix":2},"a":{"a":0,"k":[0,0],"ix":1},"s":{"a":0,"k":[100,100],"ix":3},"r":{"a":0,"k":0,"ix":6},"o":{"a":0,"k":100,"ix":7},"sk":{"a":0,"k":0,"ix":4},"sa":{"a":0,"k":0,"ix":5},"nm":"Transform"}],"nm":"Group 9","np":2,"cix":2,"bm":0,"ix":3,"mn":"ADBE Vector Group","hd":false},{"ty":"gr","it":[{"ind":0,"ty":"sh","ix":1,"ks":{"a":0,"k":{"i":[[0,0],[6.25,-2.702],[1.452,0.016],[1.333,0.567],[0.991,1.055],[0.46,1.42],[0.804,6.256]],"o":[[-5.206,3.675],[-1.345,0.562],[-1.449,-0.02],[-1.34,-0.555],[-0.986,-1.062],[-2.205,-6.419],[0,0]],"v":[[17.941,2.814],[0.759,12.301],[-3.484,13.103],[-7.682,12.131],[-11.21,9.65],[-13.468,5.983],[-17.941,-13.119]],"c":false},"ix":2},"nm":"Path 1","mn":"ADBE Vector Shape - Group","hd":false},{"ty":"fl","c":{"a":0,"k":[0.294117647059,0.745098039216,0.501960784314,1],"ix":4},"o":{"a":0,"k":100,"ix":5},"r":1,"bm":0,"nm":"Fill 1","mn":"ADBE Vector Graphic - Fill","hd":false},{"ty":"tr","p":{"a":0,"k":[252.485,873.152],"ix":2},"a":{"a":0,"k":[0,0],"ix":1},"s":{"a":0,"k":[100,100],"ix":3},"r":{"a":0,"k":0,"ix":6},"o":{"a":0,"k":100,"ix":7},"sk":{"a":0,"k":0,"ix":4},"sa":{"a":0,"k":0,"ix":5},"nm":"Transform"}],"nm":"Group 10","np":2,"cix":2,"bm":0,"ix":4,"mn":"ADBE Vector Group","hd":false},{"ty":"gr","it":[{"ind":0,"ty":"sh","ix":1,"ks":{"a":0,"k":{"i":[[0,0],[0,0],[0,0],[0.99,-1.302],[2.316,-2.432],[2.898,-0.063],[1.996,2.199],[1.987,2.555],[0.908,1.315],[0,0],[0,0]],"o":[[0,0],[0,0],[-0.908,1.315],[-1.987,2.555],[-1.995,2.199],[-2.897,-0.063],[-2.315,-2.432],[-0.99,-1.302],[0,0],[0,0],[0,0]],"v":[[19.648,-9.464],[18.39,-7.415],[17.059,-5.437],[14.218,-1.464],[7.778,6.158],[0,9.464],[-7.778,6.158],[-14.218,-1.464],[-17.058,-5.437],[-18.39,-7.415],[-19.648,-9.464]],"c":false},"ix":2},"nm":"Path 1","mn":"ADBE Vector Shape - Group","hd":false},{"ty":"fl","c":{"a":0,"k":[0.294117647059,0.745098039216,0.501960784314,1],"ix":4},"o":{"a":0,"k":100,"ix":5},"r":1,"bm":0,"nm":"Fill 1","mn":"ADBE Vector Graphic - Fill","hd":false},{"ty":"tr","p":{"a":0,"k":[290.074,885.43],"ix":2},"a":{"a":0,"k":[0,0],"ix":1},"s":{"a":0,"k":[100,100],"ix":3},"r":{"a":0,"k":0,"ix":6},"o":{"a":0,"k":100,"ix":7},"sk":{"a":0,"k":0,"ix":4},"sa":{"a":0,"k":0,"ix":5},"nm":"Transform"}],"nm":"Group 11","np":2,"cix":2,"bm":0,"ix":5,"mn":"ADBE Vector Group","hd":false},{"ty":"gr","it":[{"ind":0,"ty":"sh","ix":1,"ks":{"a":0,"k":{"i":[[0,0],[2.204,-6.42],[0.987,-1.062],[1.34,-0.554],[1.449,-0.021],[1.345,0.561],[5.206,3.676]],"o":[[-0.803,6.256],[-0.461,1.42],[-0.991,1.055],[-1.334,0.567],[-1.451,0.015],[-6.249,-2.703],[0,0]],"v":[[17.941,-13.119],[13.469,5.984],[11.21,9.65],[7.683,12.131],[3.484,13.104],[-0.759,12.302],[-17.941,2.814]],"c":false},"ix":2},"nm":"Path 1","mn":"ADBE Vector Shape - Group","hd":false},{"ty":"fl","c":{"a":0,"k":[0.294117647059,0.745098039216,0.501960784314,1],"ix":4},"o":{"a":0,"k":100,"ix":5},"r":1,"bm":0,"nm":"Fill 1","mn":"ADBE Vector Graphic - Fill","hd":false},{"ty":"tr","p":{"a":0,"k":[327.662,873.152],"ix":2},"a":{"a":0,"k":[0,0],"ix":1},"s":{"a":0,"k":[100,100],"ix":3},"r":{"a":0,"k":0,"ix":6},"o":{"a":0,"k":100,"ix":7},"sk":{"a":0,"k":0,"ix":4},"sa":{"a":0,"k":0,"ix":5},"nm":"Transform"}],"nm":"Group 12","np":2,"cix":2,"bm":0,"ix":6,"mn":"ADBE Vector Group","hd":false},{"ty":"gr","it":[{"ind":0,"ty":"sh","ix":1,"ks":{"a":0,"k":{"i":[[0,0],[0,0],[1.894,-1.894],[3.023,-0.079],[6.174,1.135]],"o":[[0,0],[-0.031,2.859],[-1.905,1.893],[-6.732,0.158],[0,0]],"v":[[15.164,-15.229],[14.951,4.569],[11.84,11.922],[4.373,15.071],[-15.165,13.439]],"c":false},"ix":2},"nm":"Path 1","mn":"ADBE Vector Shape - Group","hd":false},{"ty":"fl","c":{"a":0,"k":[0.294117647059,0.745098039216,0.501960784314,1],"ix":4},"o":{"a":0,"k":100,"ix":5},"r":1,"bm":0,"nm":"Fill 1","mn":"ADBE Vector Graphic - Fill","hd":false},{"ty":"tr","p":{"a":0,"k":[360.768,846.593],"ix":2},"a":{"a":0,"k":[0,0],"ix":1},"s":{"a":0,"k":[100,100],"ix":3},"r":{"a":0,"k":0,"ix":6},"o":{"a":0,"k":100,"ix":7},"sk":{"a":0,"k":0,"ix":4},"sa":{"a":0,"k":0,"ix":5},"nm":"Transform"}],"nm":"Group 13","np":2,"cix":2,"bm":0,"ix":7,"mn":"ADBE Vector Group","hd":false},{"ty":"gr","it":[{"ind":0,"ty":"sh","ix":1,"ks":{"a":0,"k":{"i":[[0,0],[0,0],[5.717,-0.061],[0,0]],"o":[[0,0],[-0.062,5.718],[0,0],[0,0]],"v":[[15.237,-15.237],[15.024,4.561],[4.561,15.024],[-15.237,15.237]],"c":false},"ix":2},"nm":"Path 1","mn":"ADBE Vector Shape - Group","hd":false},{"ty":"fl","c":{"a":0,"k":[0.294117647059,0.745098039216,0.501960784314,1],"ix":4},"o":{"a":0,"k":100,"ix":5},"r":1,"bm":0,"nm":"Fill 1","mn":"ADBE Vector Graphic - Fill","hd":false},{"ty":"tr","p":{"a":0,"k":[391.169,816.127],"ix":2},"a":{"a":0,"k":[0,0],"ix":1},"s":{"a":0,"k":[100,100],"ix":3},"r":{"a":0,"k":0,"ix":6},"o":{"a":0,"k":100,"ix":7},"sk":{"a":0,"k":0,"ix":4},"sa":{"a":0,"k":0,"ix":5},"nm":"Transform"}],"nm":"Group 14","np":2,"cix":2,"bm":0,"ix":8,"mn":"ADBE Vector Group","hd":false},{"ty":"gr","it":[{"ind":0,"ty":"sh","ix":1,"ks":{"a":0,"k":{"i":[[0,0],[0,0],[5.717,-0.061],[0,0]],"o":[[0,0],[-0.062,5.718],[0,0],[0,0]],"v":[[15.238,-15.237],[15.025,4.561],[4.562,15.024],[-15.237,15.237]],"c":false},"ix":2},"nm":"Path 1","mn":"ADBE Vector Shape - Group","hd":false},{"ty":"fl","c":{"a":0,"k":[0.294117647059,0.745098039216,0.501960784314,1],"ix":4},"o":{"a":0,"k":100,"ix":5},"r":1,"bm":0,"nm":"Fill 1","mn":"ADBE Vector Graphic - Fill","hd":false},{"ty":"tr","p":{"a":0,"k":[421.643,785.652],"ix":2},"a":{"a":0,"k":[0,0],"ix":1},"s":{"a":0,"k":[100,100],"ix":3},"r":{"a":0,"k":0,"ix":6},"o":{"a":0,"k":100,"ix":7},"sk":{"a":0,"k":0,"ix":4},"sa":{"a":0,"k":0,"ix":5},"nm":"Transform"}],"nm":"Group 15","np":2,"cix":2,"bm":0,"ix":9,"mn":"ADBE Vector Group","hd":false},{"ty":"gr","it":[{"ind":0,"ty":"sh","ix":1,"ks":{"a":0,"k":{"i":[[0,0],[0,0],[-0.062,-5.717],[0,0]],"o":[[0,0],[5.717,0.062],[0,0],[0,0]],"v":[[-15.237,-15.237],[4.561,-15.024],[15.025,-4.561],[15.238,15.237]],"c":false},"ix":2},"nm":"Path 1","mn":"ADBE Vector Shape - Group","hd":false},{"ty":"fl","c":{"a":0,"k":[0.294117647059,0.745098039216,0.501960784314,1],"ix":4},"o":{"a":0,"k":100,"ix":5},"r":1,"bm":0,"nm":"Fill 1","mn":"ADBE Vector Graphic - Fill","hd":false},{"ty":"tr","p":{"a":0,"k":[421.644,737.265],"ix":2},"a":{"a":0,"k":[0,0],"ix":1},"s":{"a":0,"k":[100,100],"ix":3},"r":{"a":0,"k":0,"ix":6},"o":{"a":0,"k":100,"ix":7},"sk":{"a":0,"k":0,"ix":4},"sa":{"a":0,"k":0,"ix":5},"nm":"Transform"}],"nm":"Group 16","np":2,"cix":2,"bm":0,"ix":10,"mn":"ADBE Vector Group","hd":false},{"ty":"gr","it":[{"ind":0,"ty":"sh","ix":1,"ks":{"a":0,"k":{"i":[[0,0],[0,0],[-0.062,-5.717],[0,0]],"o":[[0,0],[5.717,0.062],[0,0],[0,0]],"v":[[-15.237,-15.237],[4.561,-15.024],[15.025,-4.561],[15.237,15.237]],"c":false},"ix":2},"nm":"Path 1","mn":"ADBE Vector Shape - Group","hd":false},{"ty":"fl","c":{"a":0,"k":[0.294117647059,0.745098039216,0.501960784314,1],"ix":4},"o":{"a":0,"k":100,"ix":5},"r":1,"bm":0,"nm":"Fill 1","mn":"ADBE Vector Graphic - Fill","hd":false},{"ty":"tr","p":{"a":0,"k":[391.169,706.791],"ix":2},"a":{"a":0,"k":[0,0],"ix":1},"s":{"a":0,"k":[100,100],"ix":3},"r":{"a":0,"k":0,"ix":6},"o":{"a":0,"k":100,"ix":7},"sk":{"a":0,"k":0,"ix":4},"sa":{"a":0,"k":0,"ix":5},"nm":"Transform"}],"nm":"Group 17","np":2,"cix":2,"bm":0,"ix":11,"mn":"ADBE Vector Group","hd":false},{"ty":"gr","it":[{"ind":0,"ty":"sh","ix":1,"ks":{"a":0,"k":{"i":[[0,0],[-6.731,-0.158],[-1.905,-1.894],[-0.031,-2.859],[0,0]],"o":[[6.173,-1.135],[3.024,0.079],[1.893,1.893],[0,0],[0,0]],"v":[[-15.164,-13.439],[4.372,-15.07],[11.841,-11.922],[14.952,-4.569],[15.165,15.229]],"c":false},"ix":2},"nm":"Path 1","mn":"ADBE Vector Shape - Group","hd":false},{"ty":"fl","c":{"a":0,"k":[0.294117647059,0.745098039216,0.501960784314,1],"ix":4},"o":{"a":0,"k":100,"ix":5},"r":1,"bm":0,"nm":"Fill 1","mn":"ADBE Vector Graphic - Fill","hd":false},{"ty":"tr","p":{"a":0,"k":[360.768,676.325],"ix":2},"a":{"a":0,"k":[0,0],"ix":1},"s":{"a":0,"k":[100,100],"ix":3},"r":{"a":0,"k":0,"ix":6},"o":{"a":0,"k":100,"ix":7},"sk":{"a":0,"k":0,"ix":4},"sa":{"a":0,"k":0,"ix":5},"nm":"Transform"}],"nm":"Group 18","np":2,"cix":2,"bm":0,"ix":12,"mn":"ADBE Vector Group","hd":false},{"ty":"gr","it":[{"ind":0,"ty":"sh","ix":1,"ks":{"a":0,"k":{"i":[[0,0],[-6.25,2.702],[-1.452,-0.016],[-1.333,-0.567],[-0.991,-1.055],[-0.46,-1.42],[-0.804,-6.256]],"o":[[5.206,-3.675],[1.345,-0.562],[1.449,0.02],[1.34,0.555],[0.986,1.062],[2.205,6.419],[0,0]],"v":[[-17.941,-2.814],[-0.759,-12.301],[3.484,-13.103],[7.682,-12.131],[11.21,-9.65],[13.468,-5.983],[17.941,13.119]],"c":false},"ix":2},"nm":"Path 1","mn":"ADBE Vector Shape - Group","hd":false},{"ty":"fl","c":{"a":0,"k":[0.294117647059,0.745098039216,0.501960784314,1],"ix":4},"o":{"a":0,"k":100,"ix":5},"r":1,"bm":0,"nm":"Fill 1","mn":"ADBE Vector Graphic - Fill","hd":false},{"ty":"tr","p":{"a":0,"k":[327.663,649.766],"ix":2},"a":{"a":0,"k":[0,0],"ix":1},"s":{"a":0,"k":[100,100],"ix":3},"r":{"a":0,"k":0,"ix":6},"o":{"a":0,"k":100,"ix":7},"sk":{"a":0,"k":0,"ix":4},"sa":{"a":0,"k":0,"ix":5},"nm":"Transform"}],"nm":"Group 19","np":2,"cix":2,"bm":0,"ix":13,"mn":"ADBE Vector Group","hd":false},{"ty":"gr","it":[{"ind":0,"ty":"sh","ix":1,"ks":{"a":0,"k":{"i":[[0,0],[0,0],[0,0],[-0.99,1.302],[-2.316,2.431],[-2.898,0.063],[-1.996,-2.2],[-1.987,-2.555],[-0.908,-1.315],[0,0],[0,0]],"o":[[0,0],[0,0],[0.908,-1.315],[1.987,-2.555],[1.995,-2.2],[2.897,0.063],[2.315,2.431],[0.99,1.302],[0,0],[0,0],[0,0]],"v":[[-19.648,9.464],[-18.39,7.415],[-17.059,5.436],[-14.218,1.464],[-7.778,-6.156],[0,-9.464],[7.778,-6.156],[14.218,1.464],[17.058,5.436],[18.39,7.415],[19.648,9.464]],"c":false},"ix":2},"nm":"Path 1","mn":"ADBE Vector Shape - Group","hd":false},{"ty":"fl","c":{"a":0,"k":[0.294117647059,0.745098039216,0.501960784314,1],"ix":4},"o":{"a":0,"k":100,"ix":5},"r":1,"bm":0,"nm":"Fill 1","mn":"ADBE Vector Graphic - Fill","hd":false},{"ty":"tr","p":{"a":0,"k":[290.074,637.489],"ix":2},"a":{"a":0,"k":[0,0],"ix":1},"s":{"a":0,"k":[100,100],"ix":3},"r":{"a":0,"k":0,"ix":6},"o":{"a":0,"k":100,"ix":7},"sk":{"a":0,"k":0,"ix":4},"sa":{"a":0,"k":0,"ix":5},"nm":"Transform"}],"nm":"Group 20","np":2,"cix":2,"bm":0,"ix":14,"mn":"ADBE Vector Group","hd":false},{"ty":"gr","it":[{"ind":0,"ty":"sh","ix":1,"ks":{"a":0,"k":{"i":[[0,0],[-2.204,6.42],[-0.987,1.062],[-1.339,0.554],[-1.449,0.021],[-1.345,-0.561],[-5.206,-3.676]],"o":[[0.803,-6.256],[0.461,-1.42],[0.991,-1.055],[1.334,-0.567],[1.451,-0.015],[6.249,2.703],[0,0]],"v":[[-17.941,13.119],[-13.469,-5.984],[-11.21,-9.65],[-7.683,-12.131],[-3.484,-13.104],[0.759,-12.302],[17.941,-2.814]],"c":false},"ix":2},"nm":"Path 1","mn":"ADBE Vector Shape - Group","hd":false},{"ty":"fl","c":{"a":0,"k":[0.294117647059,0.745098039216,0.501960784314,1],"ix":4},"o":{"a":0,"k":100,"ix":5},"r":1,"bm":0,"nm":"Fill 1","mn":"ADBE Vector Graphic - Fill","hd":false},{"ty":"tr","p":{"a":0,"k":[252.485,649.767],"ix":2},"a":{"a":0,"k":[0,0],"ix":1},"s":{"a":0,"k":[100,100],"ix":3},"r":{"a":0,"k":0,"ix":6},"o":{"a":0,"k":100,"ix":7},"sk":{"a":0,"k":0,"ix":4},"sa":{"a":0,"k":0,"ix":5},"nm":"Transform"}],"nm":"Group 21","np":2,"cix":2,"bm":0,"ix":15,"mn":"ADBE Vector Group","hd":false},{"ty":"gr","it":[{"ind":0,"ty":"sh","ix":1,"ks":{"a":0,"k":{"i":[[0,0],[0,0],[-1.894,1.894],[-3.023,0.079],[-6.174,-1.135]],"o":[[0,0],[0.031,-2.859],[1.905,-1.893],[6.732,-0.158],[0,0]],"v":[[-15.165,15.229],[-14.952,-4.569],[-11.84,-11.922],[-4.374,-15.071],[15.164,-13.439]],"c":false},"ix":2},"nm":"Path 1","mn":"ADBE Vector Shape - Group","hd":false},{"ty":"fl","c":{"a":0,"k":[0.294117647059,0.745098039216,0.501960784314,1],"ix":4},"o":{"a":0,"k":100,"ix":5},"r":1,"bm":0,"nm":"Fill 1","mn":"ADBE Vector Graphic - Fill","hd":false},{"ty":"tr","p":{"a":0,"k":[219.38,676.325],"ix":2},"a":{"a":0,"k":[0,0],"ix":1},"s":{"a":0,"k":[100,100],"ix":3},"r":{"a":0,"k":0,"ix":6},"o":{"a":0,"k":100,"ix":7},"sk":{"a":0,"k":0,"ix":4},"sa":{"a":0,"k":0,"ix":5},"nm":"Transform"}],"nm":"Group 22","np":2,"cix":2,"bm":0,"ix":16,"mn":"ADBE Vector Group","hd":false},{"ty":"gr","it":[{"ind":0,"ty":"sh","ix":1,"ks":{"a":0,"k":{"i":[[0,0],[0,0],[-5.717,0.061],[0,0]],"o":[[0,0],[0.062,-5.717],[0,0],[0,0]],"v":[[-15.237,15.237],[-15.024,-4.561],[-4.561,-15.024],[15.237,-15.237]],"c":false},"ix":2},"nm":"Path 1","mn":"ADBE Vector Shape - Group","hd":false},{"ty":"fl","c":{"a":0,"k":[0.294117647059,0.745098039216,0.501960784314,1],"ix":4},"o":{"a":0,"k":100,"ix":5},"r":1,"bm":0,"nm":"Fill 1","mn":"ADBE Vector Graphic - Fill","hd":false},{"ty":"tr","p":{"a":0,"k":[188.978,706.791],"ix":2},"a":{"a":0,"k":[0,0],"ix":1},"s":{"a":0,"k":[100,100],"ix":3},"r":{"a":0,"k":0,"ix":6},"o":{"a":0,"k":100,"ix":7},"sk":{"a":0,"k":0,"ix":4},"sa":{"a":0,"k":0,"ix":5},"nm":"Transform"}],"nm":"Group 23","np":2,"cix":2,"bm":0,"ix":17,"mn":"ADBE Vector Group","hd":false},{"ty":"gr","it":[{"ind":0,"ty":"sh","ix":1,"ks":{"a":0,"k":{"i":[[0,0],[0,0],[-5.717,0.061],[0,0]],"o":[[0,0],[0.062,-5.717],[0,0],[0,0]],"v":[[-15.237,15.237],[-15.024,-4.561],[-4.561,-15.024],[15.237,-15.237]],"c":false},"ix":2},"nm":"Path 1","mn":"ADBE Vector Shape - Group","hd":false},{"ty":"fl","c":{"a":0,"k":[0.294117647059,0.745098039216,0.501960784314,1],"ix":4},"o":{"a":0,"k":100,"ix":5},"r":1,"bm":0,"nm":"Fill 1","mn":"ADBE Vector Graphic - Fill","hd":false},{"ty":"tr","p":{"a":0,"k":[158.504,737.266],"ix":2},"a":{"a":0,"k":[0,0],"ix":1},"s":{"a":0,"k":[100,100],"ix":3},"r":{"a":0,"k":0,"ix":6},"o":{"a":0,"k":100,"ix":7},"sk":{"a":0,"k":0,"ix":4},"sa":{"a":0,"k":0,"ix":5},"nm":"Transform"}],"nm":"Group 24","np":2,"cix":2,"bm":0,"ix":18,"mn":"ADBE Vector Group","hd":false}],"ip":63,"op":88,"st":63,"ct":1,"bm":0},{"ddd":0,"ind":3,"ty":4,"nm":".impactLines.noclick","cl":"impactLines noclick","sr":1,"ks":{"o":{"a":0,"k":100,"ix":11},"r":{"a":0,"k":0,"ix":10},"p":{"a":0,"k":[546,370,0],"ix":2,"l":2},"a":{"a":0,"k":[-2,-176,0],"ix":1,"l":2},"s":{"a":0,"k":[118,118,100],"ix":6,"l":2}},"ao":0,"shapes":[{"ty":"gr","it":[{"ind":0,"ty":"sh","ix":1,"ks":{"a":0,"k":{"i":[[0,0],[0,0]],"o":[[0,0],[0,0]],"v":[[85.373,-122.576],[132.415,-171.483]],"c":false},"ix":2},"nm":"Path 1","mn":"ADBE Vector Shape - Group","hd":false},{"ty":"tm","s":{"a":1,"k":[{"i":{"x":[0.667],"y":[1]},"o":{"x":[1],"y":[0]},"t":34,"s":[0]},{"t":54,"s":[100]}],"ix":1},"e":{"a":1,"k":[{"i":{"x":[0.07],"y":[1]},"o":{"x":[0.177],"y":[0]},"t":29,"s":[0]},{"t":47,"s":[100]}],"ix":2},"o":{"a":0,"k":0,"ix":3},"m":1,"ix":2,"nm":"Trim Paths 1","mn":"ADBE Vector Filter - Trim","hd":false},{"ty":"st","c":{"a":0,"k":[0.917647118662,0.290196078431,0.407843167174,1],"ix":3},"o":{"a":0,"k":100,"ix":4},"w":{"a":0,"k":23,"ix":5},"lc":1,"lj":1,"ml":4,"bm":0,"nm":"Stroke 1","mn":"ADBE Vector Graphic - Stroke","hd":false},{"ty":"tr","p":{"a":0,"k":[0,0],"ix":2},"a":{"a":0,"k":[0,0],"ix":1},"s":{"a":0,"k":[100,100],"ix":3},"r":{"a":0,"k":0,"ix":6},"o":{"a":0,"k":100,"ix":7},"sk":{"a":0,"k":0,"ix":4},"sa":{"a":0,"k":0,"ix":5},"nm":"Transform"}],"nm":"Shape 1","np":4,"cix":2,"bm":0,"ix":1,"mn":"ADBE Vector Group","hd":false},{"ty":"gr","it":[{"ind":0,"ty":"sh","ix":1,"ks":{"a":0,"k":{"i":[[0,0],[0,0]],"o":[[0,0],[0,0]],"v":[[109.271,-119.013],[156.313,-167.92]],"c":false},"ix":2},"nm":"Path 1","mn":"ADBE Vector Shape - Group","hd":false},{"ty":"tm","s":{"a":1,"k":[{"i":{"x":[0.667],"y":[1]},"o":{"x":[1],"y":[0]},"t":34,"s":[0]},{"t":54,"s":[100]}],"ix":1},"e":{"a":1,"k":[{"i":{"x":[0.07],"y":[1]},"o":{"x":[0.177],"y":[0]},"t":29,"s":[0]},{"t":47,"s":[100]}],"ix":2},"o":{"a":0,"k":0,"ix":3},"m":1,"ix":2,"nm":"Trim Paths 1","mn":"ADBE Vector Filter - Trim","hd":false},{"ty":"st","c":{"a":0,"k":[0.917647118662,0.290196078431,0.407843167174,1],"ix":3},"o":{"a":0,"k":100,"ix":4},"w":{"a":0,"k":23,"ix":5},"lc":1,"lj":1,"ml":4,"bm":0,"nm":"Stroke 1","mn":"ADBE Vector Graphic - Stroke","hd":false},{"ty":"tr","p":{"a":0,"k":[0,0],"ix":2},"a":{"a":0,"k":[0,0],"ix":1},"s":{"a":0,"k":[100,100],"ix":3},"r":{"a":0,"k":-45,"ix":6},"o":{"a":0,"k":100,"ix":7},"sk":{"a":0,"k":0,"ix":4},"sa":{"a":0,"k":0,"ix":5},"nm":"Transform"}],"nm":"Shape 2","np":4,"cix":2,"bm":0,"ix":2,"mn":"ADBE Vector Group","hd":false},{"ty":"gr","it":[{"ind":0,"ty":"sh","ix":1,"ks":{"a":0,"k":{"i":[[0,0],[0,0]],"o":[[0,0],[0,0]],"v":[[124.263,-99.737],[171.306,-148.644]],"c":false},"ix":2},"nm":"Path 1","mn":"ADBE Vector Shape - Group","hd":false},{"ty":"tm","s":{"a":1,"k":[{"i":{"x":[0.667],"y":[1]},"o":{"x":[1],"y":[0]},"t":34,"s":[0]},{"t":54,"s":[100]}],"ix":1},"e":{"a":1,"k":[{"i":{"x":[0.07],"y":[1]},"o":{"x":[0.177],"y":[0]},"t":29,"s":[0]},{"t":47,"s":[100]}],"ix":2},"o":{"a":0,"k":0,"ix":3},"m":1,"ix":2,"nm":"Trim Paths 1","mn":"ADBE Vector Filter - Trim","hd":false},{"ty":"st","c":{"a":0,"k":[0.917647118662,0.290196078431,0.407843167174,1],"ix":3},"o":{"a":0,"k":100,"ix":4},"w":{"a":0,"k":23,"ix":5},"lc":1,"lj":1,"ml":4,"bm":0,"nm":"Stroke 1","mn":"ADBE Vector Graphic - Stroke","hd":false},{"ty":"tr","p":{"a":0,"k":[0,0],"ix":2},"a":{"a":0,"k":[0,0],"ix":1},"s":{"a":0,"k":[100,100],"ix":3},"r":{"a":0,"k":-90,"ix":6},"o":{"a":0,"k":100,"ix":7},"sk":{"a":0,"k":0,"ix":4},"sa":{"a":0,"k":0,"ix":5},"nm":"Transform"}],"nm":"Shape 3","np":4,"cix":2,"bm":0,"ix":3,"mn":"ADBE Vector Group","hd":false},{"ty":"gr","it":[{"ind":0,"ty":"sh","ix":1,"ks":{"a":0,"k":{"i":[[0,0],[0,0]],"o":[[0,0],[0,0]],"v":[[98.932,-59.017],[145.975,-107.924]],"c":false},"ix":2},"nm":"Path 1","mn":"ADBE Vector Shape - Group","hd":false},{"ty":"tm","s":{"a":1,"k":[{"i":{"x":[0.667],"y":[1]},"o":{"x":[1],"y":[0]},"t":34,"s":[0]},{"t":54,"s":[100]}],"ix":1},"e":{"a":1,"k":[{"i":{"x":[0.07],"y":[1]},"o":{"x":[0.177],"y":[0]},"t":29,"s":[0]},{"t":47,"s":[100]}],"ix":2},"o":{"a":0,"k":0,"ix":3},"m":1,"ix":2,"nm":"Trim Paths 1","mn":"ADBE Vector Filter - Trim","hd":false},{"ty":"st","c":{"a":0,"k":[0.917647118662,0.290196078431,0.407843167174,1],"ix":3},"o":{"a":0,"k":100,"ix":4},"w":{"a":0,"k":23,"ix":5},"lc":1,"lj":1,"ml":4,"bm":0,"nm":"Stroke 1","mn":"ADBE Vector Graphic - Stroke","hd":false},{"ty":"tr","p":{"a":0,"k":[0,0],"ix":2},"a":{"a":0,"k":[0,0],"ix":1},"s":{"a":0,"k":[100,100],"ix":3},"r":{"a":0,"k":-180,"ix":6},"o":{"a":0,"k":100,"ix":7},"sk":{"a":0,"k":0,"ix":4},"sa":{"a":0,"k":0,"ix":5},"nm":"Transform"}],"nm":"Shape 4","np":4,"cix":2,"bm":0,"ix":4,"mn":"ADBE Vector Group","hd":false},{"ty":"gr","it":[{"ind":0,"ty":"sh","ix":1,"ks":{"a":0,"k":{"i":[[0,0],[0,0]],"o":[[0,0],[0,0]],"v":[[73.915,-64.482],[120.958,-113.389]],"c":false},"ix":2},"nm":"Path 1","mn":"ADBE Vector Shape - Group","hd":false},{"ty":"tm","s":{"a":1,"k":[{"i":{"x":[0.667],"y":[1]},"o":{"x":[1],"y":[0]},"t":34,"s":[0]},{"t":54,"s":[100]}],"ix":1},"e":{"a":1,"k":[{"i":{"x":[0.07],"y":[1]},"o":{"x":[0.177],"y":[0]},"t":29,"s":[0]},{"t":47,"s":[100]}],"ix":2},"o":{"a":0,"k":0,"ix":3},"m":1,"ix":2,"nm":"Trim Paths 1","mn":"ADBE Vector Filter - Trim","hd":false},{"ty":"st","c":{"a":0,"k":[0.917647118662,0.290196078431,0.407843167174,1],"ix":3},"o":{"a":0,"k":100,"ix":4},"w":{"a":0,"k":23,"ix":5},"lc":1,"lj":1,"ml":4,"bm":0,"nm":"Stroke 1","mn":"ADBE Vector Graphic - Stroke","hd":false},{"ty":"tr","p":{"a":0,"k":[0,0],"ix":2},"a":{"a":0,"k":[0,0],"ix":1},"s":{"a":0,"k":[100,100],"ix":3},"r":{"a":0,"k":-225,"ix":6},"o":{"a":0,"k":100,"ix":7},"sk":{"a":0,"k":0,"ix":4},"sa":{"a":0,"k":0,"ix":5},"nm":"Transform"}],"nm":"Shape 5","np":4,"cix":2,"bm":0,"ix":5,"mn":"ADBE Vector Group","hd":false},{"ty":"gr","it":[{"ind":0,"ty":"sh","ix":1,"ks":{"a":0,"k":{"i":[[0,0],[0,0]],"o":[[0,0],[0,0]],"v":[[60.704,-85.331],[107.747,-134.238]],"c":false},"ix":2},"nm":"Path 1","mn":"ADBE Vector Shape - Group","hd":false},{"ty":"tm","s":{"a":1,"k":[{"i":{"x":[0.667],"y":[1]},"o":{"x":[1],"y":[0]},"t":34,"s":[0]},{"t":54,"s":[100]}],"ix":1},"e":{"a":1,"k":[{"i":{"x":[0.07],"y":[1]},"o":{"x":[0.177],"y":[0]},"t":29,"s":[0]},{"t":47,"s":[100]}],"ix":2},"o":{"a":0,"k":0,"ix":3},"m":1,"ix":2,"nm":"Trim Paths 1","mn":"ADBE Vector Filter - Trim","hd":false},{"ty":"st","c":{"a":0,"k":[0.917647118662,0.290196078431,0.407843167174,1],"ix":3},"o":{"a":0,"k":100,"ix":4},"w":{"a":0,"k":23,"ix":5},"lc":1,"lj":1,"ml":4,"bm":0,"nm":"Stroke 1","mn":"ADBE Vector Graphic - Stroke","hd":false},{"ty":"tr","p":{"a":0,"k":[0,0],"ix":2},"a":{"a":0,"k":[0,0],"ix":1},"s":{"a":0,"k":[100,100],"ix":3},"r":{"a":0,"k":-270,"ix":6},"o":{"a":0,"k":100,"ix":7},"sk":{"a":0,"k":0,"ix":4},"sa":{"a":0,"k":0,"ix":5},"nm":"Transform"}],"nm":"Shape 6","np":4,"cix":2,"bm":0,"ix":6,"mn":"ADBE Vector Group","hd":false}],"ip":29,"op":694,"st":2,"ct":1,"bm":0},{"ddd":0,"ind":4,"ty":4,"nm":".pupilleRose.noclick","cl":"pupilleRose noclick","parent":13,"sr":1,"ks":{"o":{"a":0,"k":100,"ix":11},"r":{"a":1,"k":[{"i":{"x":[0.643],"y":[1]},"o":{"x":[0.11],"y":[0]},"t":107,"s":[0]},{"t":140,"s":[385]}],"ix":10},"p":{"a":0,"k":[540,818.018,0],"ix":2,"l":2},"a":{"a":0,"k":[592.771,943.495,0],"ix":1,"l":2},"s":{"a":1,"k":[{"i":{"x":[0.902,0.902,0.667],"y":[1,1,1]},"o":{"x":[0.11,0.11,0.333],"y":[0,0,0]},"t":107,"s":[192.343,181.178,100]},{"t":138,"s":[1851.973,1759.543,100]}],"ix":6,"l":2}},"ao":0,"ef":[{"ty":28,"nm":"Set Matte","np":8,"mn":"ADBE Set Matte3","ix":1,"en":1,"ef":[{"ty":10,"nm":"Take Matte From Layer","mn":"ADBE Set Matte3-0001","ix":1,"v":{"a":0,"k":13,"ix":1}},{"ty":7,"nm":"Use For Matte","mn":"ADBE Set Matte3-0002","ix":2,"v":{"a":0,"k":4,"ix":2}},{"ty":7,"nm":"Invert Matte","mn":"ADBE Set Matte3-0003","ix":3,"v":{"a":0,"k":0,"ix":3}},{"ty":7,"nm":"If Layer Sizes Differ","mn":"ADBE Set Matte3-0004","ix":4,"v":{"a":0,"k":1,"ix":4}},{"ty":7,"nm":"Composite Matte with Original","mn":"ADBE Set Matte3-0005","ix":5,"v":{"a":0,"k":1,"ix":5}},{"ty":7,"nm":"Premultiply Matte Layer","mn":"ADBE Set Matte3-0006","ix":6,"v":{"a":0,"k":1,"ix":6}}]}],"shapes":[{"ty":"gr","it":[{"ind":0,"ty":"sh","ix":1,"ks":{"a":0,"k":{"i":[[0,0],[0,0],[0,0],[0,0]],"o":[[0,0],[0,0],[0,0],[0,0]],"v":[[0,48.439],[-48.439,0],[0,-48.439],[48.439,0]],"c":true},"ix":2},"nm":"Path 1","mn":"ADBE Vector Shape - Group","hd":false},{"ty":"fl","c":{"a":0,"k":[1,0.658823529412,1,1],"ix":4},"o":{"a":0,"k":100,"ix":5},"r":1,"bm":0,"nm":"Fill 1","mn":"ADBE Vector Graphic - Fill","hd":false},{"ty":"tr","p":{"a":0,"k":[592.771,943.495],"ix":2},"a":{"a":0,"k":[0,0],"ix":1},"s":{"a":0,"k":[100,100],"ix":3},"r":{"a":0,"k":0,"ix":6},"o":{"a":0,"k":100,"ix":7},"sk":{"a":0,"k":0,"ix":4},"sa":{"a":0,"k":0,"ix":5},"nm":"Transform"}],"nm":"Group 1","np":2,"cix":2,"bm":0,"ix":1,"mn":"ADBE Vector Group","hd":false}],"ip":107,"op":163,"st":107,"ct":1,"bm":0},{"ddd":0,"ind":5,"ty":4,"nm":".pupilleJaune.noclick ","cl":"pupilleJaune noclick","parent":13,"sr":1,"ks":{"o":{"a":0,"k":100,"ix":11},"r":{"a":1,"k":[{"i":{"x":[0.902],"y":[1]},"o":{"x":[0.11],"y":[0]},"t":81,"s":[0]},{"t":112,"s":[196]}],"ix":10},"p":{"a":0,"k":[540,814.405,0],"ix":2,"l":2},"a":{"a":0,"k":[213.494,394.758,0],"ix":1,"l":2},"s":{"a":1,"k":[{"i":{"x":[0.902,0.902,0.667],"y":[1,1,1]},"o":{"x":[0.11,0.11,0.333],"y":[0,0,0]},"t":81,"s":[192.343,181.178,100]},{"t":112,"s":[1851.973,1759.543,100]}],"ix":6,"l":2}},"ao":0,"ef":[{"ty":28,"nm":"Set Matte","np":8,"mn":"ADBE Set Matte3","ix":1,"en":1,"ef":[{"ty":10,"nm":"Take Matte From Layer","mn":"ADBE Set Matte3-0001","ix":1,"v":{"a":0,"k":13,"ix":1}},{"ty":7,"nm":"Use For Matte","mn":"ADBE Set Matte3-0002","ix":2,"v":{"a":0,"k":4,"ix":2}},{"ty":7,"nm":"Invert Matte","mn":"ADBE Set Matte3-0003","ix":3,"v":{"a":0,"k":0,"ix":3}},{"ty":7,"nm":"If Layer Sizes Differ","mn":"ADBE Set Matte3-0004","ix":4,"v":{"a":0,"k":1,"ix":4}},{"ty":7,"nm":"Composite Matte with Original","mn":"ADBE Set Matte3-0005","ix":5,"v":{"a":0,"k":1,"ix":5}},{"ty":7,"nm":"Premultiply Matte Layer","mn":"ADBE Set Matte3-0006","ix":6,"v":{"a":0,"k":1,"ix":6}}]}],"shapes":[{"ty":"gr","it":[{"ind":0,"ty":"sh","ix":1,"ks":{"a":0,"k":{"i":[[-1.227,-4.854],[0,0],[-2.736,1.241],[0,0],[3.03,-3.986],[0,0],[-2.676,-1.366],[0,0],[5.005,-0.116],[0,0],[-0.601,-2.944],[0,0],[3.211,3.841],[0,0],[1.927,-2.305],[0,0],[-1.001,4.905],[0,0],[3.004,0.07],[0,0],[-4.459,2.276],[0,0],[1.818,2.392],[0,0],[-4.56,-2.067],[0,0],[-0.736,2.913],[0,0]],"o":[[0,0],[0.736,2.913],[0,0],[4.559,-2.067],[0,0],[-1.819,2.392],[0,0],[4.459,2.276],[0,0],[-3.004,0.07],[0,0],[1.001,4.905],[0,0],[-1.928,-2.305],[0,0],[-3.211,3.841],[0,0],[0.601,-2.944],[0,0],[-5.005,-0.116],[0,0],[2.677,-1.366],[0,0],[-3.031,-3.986],[0,0],[2.737,1.241],[0,0],[1.226,-4.854]],"v":[[4.674,-41.591],[8.816,-25.201],[15.482,-21.991],[30.878,-28.971],[36.708,-21.661],[26.475,-8.205],[28.122,-0.992],[43.179,6.693],[41.1,15.808],[24.199,16.198],[19.585,21.982],[22.965,38.547],[14.542,42.603],[3.699,29.633],[-3.699,29.633],[-14.542,42.603],[-22.965,38.547],[-19.585,21.982],[-24.199,16.198],[-41.1,15.808],[-43.18,6.693],[-28.122,-0.992],[-26.475,-8.205],[-36.708,-21.661],[-30.878,-28.971],[-15.482,-21.991],[-8.816,-25.201],[-4.674,-41.591]],"c":true},"ix":2},"nm":"Path 1","mn":"ADBE Vector Shape - Group","hd":false},{"ty":"fl","c":{"a":0,"k":[1,0.878431432387,0.501960784314,1],"ix":4},"o":{"a":0,"k":100,"ix":5},"r":1,"bm":0,"nm":"Fill 1","mn":"ADBE Vector Graphic - Fill","hd":false},{"ty":"tr","p":{"a":0,"k":[213.494,395.197],"ix":2},"a":{"a":0,"k":[0,0],"ix":1},"s":{"a":0,"k":[100,100],"ix":3},"r":{"a":0,"k":0,"ix":6},"o":{"a":0,"k":100,"ix":7},"sk":{"a":0,"k":0,"ix":4},"sa":{"a":0,"k":0,"ix":5},"nm":"Transform"}],"nm":"Group 7","np":2,"cix":2,"bm":0,"ix":1,"mn":"ADBE Vector Group","hd":false}],"ip":81,"op":155,"st":81,"ct":1,"bm":0},{"ddd":0,"ind":6,"ty":4,"nm":".pupilleVerte.noclick ","cl":"pupilleVerte noclick","parent":13,"sr":1,"ks":{"o":{"a":0,"k":100,"ix":11},"r":{"a":1,"k":[{"i":{"x":[0.902],"y":[1]},"o":{"x":[0.11],"y":[0]},"t":53,"s":[0]},{"t":84,"s":[196]}],"ix":10},"p":{"a":0,"k":[540,816.432,0],"ix":2,"l":2},"a":{"a":0,"k":[206.497,667.76,0],"ix":1,"l":2},"s":{"a":1,"k":[{"i":{"x":[0.902,0.902,0.667],"y":[1,1,1]},"o":{"x":[0.11,0.11,0.333],"y":[0,0,0]},"t":53,"s":[192.343,181.178,100]},{"t":84,"s":[1851.973,1759.543,100]}],"ix":6,"l":2}},"ao":0,"ef":[{"ty":28,"nm":"Set Matte","np":8,"mn":"ADBE Set Matte3","ix":1,"en":1,"ef":[{"ty":10,"nm":"Take Matte From Layer","mn":"ADBE Set Matte3-0001","ix":1,"v":{"a":0,"k":13,"ix":1}},{"ty":7,"nm":"Use For Matte","mn":"ADBE Set Matte3-0002","ix":2,"v":{"a":0,"k":4,"ix":2}},{"ty":7,"nm":"Invert Matte","mn":"ADBE Set Matte3-0003","ix":3,"v":{"a":0,"k":0,"ix":3}},{"ty":7,"nm":"If Layer Sizes Differ","mn":"ADBE Set Matte3-0004","ix":4,"v":{"a":0,"k":1,"ix":4}},{"ty":7,"nm":"Composite Matte with Original","mn":"ADBE Set Matte3-0005","ix":5,"v":{"a":0,"k":1,"ix":5}},{"ty":7,"nm":"Premultiply Matte Layer","mn":"ADBE Set Matte3-0006","ix":6,"v":{"a":0,"k":1,"ix":6}}]}],"shapes":[{"ty":"gr","it":[{"ind":0,"ty":"sh","ix":1,"ks":{"a":0,"k":{"i":[[0,0],[7.015,-2.36],[0,0],[0,0],[6.144,4.13],[0,0],[0,0],[0.463,7.391],[0,0],[0,0],[-5.581,4.867],[0,0],[0,0],[-7.255,-1.464],[0,0],[0,0],[-4.098,-6.17],[0,0],[0,0],[2.401,-7.004],[0,0]],"o":[[2.36,7.019],[0,0],[0,0],[-4.13,6.144],[0,0],[0,0],[-7.39,0.463],[0,0],[0,0],[-4.867,-5.58],[0,0],[0,0],[1.468,-7.259],[0,0],[0,0],[6.167,-4.098],[0,0],[0,0],[7.004,2.401],[0,0],[0,0]],"v":[[38.771,8.006],[30.339,24.987],[22.421,27.649],[17.758,34.585],[-0.846,38.231],[-7.782,33.568],[-16.119,34.089],[-30.339,21.548],[-30.861,13.211],[-36.352,6.913],[-35.059,-12.002],[-28.758,-17.494],[-27.109,-25.683],[-11.316,-36.173],[-5.535,-35.007],[-0.628,-38.263],[17.956,-34.512],[22.577,-27.555],[30.482,-24.845],[38.818,-7.817],[36.109,0.087]],"c":true},"ix":2},"nm":"Path 1","mn":"ADBE Vector Shape - Group","hd":false},{"ty":"fl","c":{"a":0,"k":[0.294117647059,0.745098039216,0.501960784314,1],"ix":4},"o":{"a":0,"k":100,"ix":5},"r":1,"bm":0,"nm":"Fill 1","mn":"ADBE Vector Graphic - Fill","hd":false},{"ty":"tr","p":{"a":0,"k":[206.551,667.756],"ix":2},"a":{"a":0,"k":[0,0],"ix":1},"s":{"a":0,"k":[100,100],"ix":3},"r":{"a":0,"k":0,"ix":6},"o":{"a":0,"k":100,"ix":7},"sk":{"a":0,"k":0,"ix":4},"sa":{"a":0,"k":0,"ix":5},"nm":"Transform"}],"nm":"Group 10","np":2,"cix":2,"bm":0,"ix":1,"mn":"ADBE Vector Group","hd":false}],"ip":53,"op":155,"st":53,"ct":1,"bm":0},{"ddd":0,"ind":7,"ty":4,"nm":".pupilleRouge.noclick ","cl":"pupilleRouge noclick","parent":13,"sr":1,"ks":{"o":{"a":0,"k":100,"ix":11},"r":{"a":1,"k":[{"i":{"x":[0.902],"y":[1]},"o":{"x":[0.11],"y":[0]},"t":30,"s":[0]},{"t":49,"s":[196]}],"ix":10},"p":{"a":0,"k":[540,816.432,0],"ix":2,"l":2},"a":{"a":0,"k":[206.497,943.5,0],"ix":1,"l":2},"s":{"a":1,"k":[{"i":{"x":[0.902,0.902,0.667],"y":[1,1,1]},"o":{"x":[0.11,0.11,0.333],"y":[0,0,0]},"t":30,"s":[192.343,181.178,100]},{"t":49,"s":[1851.973,1759.543,100]}],"ix":6,"l":2}},"ao":0,"ef":[{"ty":28,"nm":"Set Matte","np":8,"mn":"ADBE Set Matte3","ix":1,"en":1,"ef":[{"ty":10,"nm":"Take Matte From Layer","mn":"ADBE Set Matte3-0001","ix":1,"v":{"a":0,"k":13,"ix":1}},{"ty":7,"nm":"Use For Matte","mn":"ADBE Set Matte3-0002","ix":2,"v":{"a":0,"k":4,"ix":2}},{"ty":7,"nm":"Invert Matte","mn":"ADBE Set Matte3-0003","ix":3,"v":{"a":0,"k":0,"ix":3}},{"ty":7,"nm":"If Layer Sizes Differ","mn":"ADBE Set Matte3-0004","ix":4,"v":{"a":0,"k":1,"ix":4}},{"ty":7,"nm":"Composite Matte with Original","mn":"ADBE Set Matte3-0005","ix":5,"v":{"a":0,"k":1,"ix":5}},{"ty":7,"nm":"Premultiply Matte Layer","mn":"ADBE Set Matte3-0006","ix":6,"v":{"a":0,"k":1,"ix":6}}]}],"shapes":[{"ty":"gr","it":[{"ind":0,"ty":"sh","ix":1,"ks":{"a":0,"k":{"i":[[0,0],[0,0],[-0.982,-3.726],[0,0],[0,0],[0,0],[2.736,-2.713],[0,0],[0,0],[0,0],[3.717,1.012],[0,0],[0,0],[0,0],[0.982,3.726],[0,0],[0,0],[0,0],[-2.735,2.712],[0,0],[0,0],[0,0],[-3.717,-1.013],[0,0]],"o":[[0,0],[-2.782,-2.665],[0,0],[0,0],[0,0],[0.917,-3.742],[0,0],[0,0],[0,0],[3.699,-1.077],[0,0],[0,0],[0,0],[2.782,2.666],[0,0],[0,0],[0,0],[-0.917,3.742],[0,0],[0,0],[0,0],[-3.699,1.077],[0,0],[0,0]],"v":[[34.895,36.21],[13.537,15.75],[7.207,19.479],[14.745,48.08],[-13.915,48.32],[-6.879,19.607],[-13.273,15.989],[-34.265,36.81],[-48.805,12.11],[-20.412,3.846],[-20.476,-3.5],[-49.005,-11.27],[-34.885,-36.21],[-13.546,-15.763],[-7.216,-19.49],[-14.745,-48.07],[13.915,-48.32],[6.878,-19.603],[13.271,-15.984],[34.265,-36.8],[48.805,-12.11],[20.412,-3.846],[20.476,3.5],[49.005,11.27]],"c":true},"ix":2},"nm":"Path 1","mn":"ADBE Vector Shape - Group","hd":false},{"ty":"fl","c":{"a":0,"k":[0.917647118662,0.290196078431,0.407843167174,1],"ix":4},"o":{"a":0,"k":100,"ix":5},"r":1,"bm":0,"nm":"Fill 1","mn":"ADBE Vector Graphic - Fill","hd":false},{"ty":"tr","p":{"a":0,"k":[206.497,943.5],"ix":2},"a":{"a":0,"k":[0,0],"ix":1},"s":{"a":0,"k":[100,100],"ix":3},"r":{"a":0,"k":0,"ix":6},"o":{"a":0,"k":100,"ix":7},"sk":{"a":0,"k":0,"ix":4},"sa":{"a":0,"k":0,"ix":5},"nm":"Transform"}],"nm":"Group 1","np":2,"cix":2,"bm":0,"ix":1,"mn":"ADBE Vector Group","hd":false}],"ip":30,"op":155,"st":30,"ct":1,"bm":0},{"ddd":0,"ind":8,"ty":4,"nm":".pupilleRose.noclick","cl":"pupilleRose noclick","parent":12,"sr":1,"ks":{"o":{"a":0,"k":100,"ix":11},"r":{"a":0,"k":0,"ix":10},"p":{"a":0,"k":[545.953,800.816,0],"ix":2,"l":2},"a":{"a":0,"k":[592.771,943.495,0],"ix":1,"l":2},"s":{"a":0,"k":[166.667,166.667,100],"ix":6,"l":2}},"ao":0,"shapes":[{"ty":"gr","it":[{"ind":0,"ty":"sh","ix":1,"ks":{"a":0,"k":{"i":[[0,0],[0,0],[0,0],[0,0]],"o":[[0,0],[0,0],[0,0],[0,0]],"v":[[0,48.439],[-48.439,0],[0,-48.439],[48.439,0]],"c":true},"ix":2},"nm":"Path 1","mn":"ADBE Vector Shape - Group","hd":false},{"ty":"fl","c":{"a":0,"k":[1,0.658823529412,1,1],"ix":4},"o":{"a":0,"k":100,"ix":5},"r":1,"bm":0,"nm":"Fill 1","mn":"ADBE Vector Graphic - Fill","hd":false},{"ty":"tr","p":{"a":0,"k":[592.771,943.495],"ix":2},"a":{"a":0,"k":[0,0],"ix":1},"s":{"a":0,"k":[100,100],"ix":3},"r":{"a":0,"k":0,"ix":6},"o":{"a":0,"k":100,"ix":7},"sk":{"a":0,"k":0,"ix":4},"sa":{"a":0,"k":0,"ix":5},"nm":"Transform"}],"nm":"Group 1","np":2,"cix":2,"bm":0,"ix":1,"mn":"ADBE Vector Group","hd":false}],"ip":117,"op":163,"st":123,"ct":1,"bm":0},{"ddd":0,"ind":9,"ty":4,"nm":".pupilleJaune.noclick","cl":"pupilleJaune noclick","parent":12,"sr":1,"ks":{"o":{"a":0,"k":100,"ix":11},"r":{"a":0,"k":0,"ix":10},"p":{"a":0,"k":[545.953,797.483,0],"ix":2,"l":2},"a":{"a":0,"k":[213.494,394.758,0],"ix":1,"l":2},"s":{"a":0,"k":[177.58,177.58,100],"ix":6,"l":2}},"ao":0,"shapes":[{"ty":"gr","it":[{"ind":0,"ty":"sh","ix":1,"ks":{"a":0,"k":{"i":[[-1.227,-4.854],[0,0],[-2.736,1.241],[0,0],[3.03,-3.986],[0,0],[-2.676,-1.366],[0,0],[5.005,-0.116],[0,0],[-0.601,-2.944],[0,0],[3.211,3.841],[0,0],[1.927,-2.305],[0,0],[-1.001,4.905],[0,0],[3.004,0.07],[0,0],[-4.459,2.276],[0,0],[1.818,2.392],[0,0],[-4.56,-2.067],[0,0],[-0.736,2.913],[0,0]],"o":[[0,0],[0.736,2.913],[0,0],[4.559,-2.067],[0,0],[-1.819,2.392],[0,0],[4.459,2.276],[0,0],[-3.004,0.07],[0,0],[1.001,4.905],[0,0],[-1.928,-2.305],[0,0],[-3.211,3.841],[0,0],[0.601,-2.944],[0,0],[-5.005,-0.116],[0,0],[2.677,-1.366],[0,0],[-3.031,-3.986],[0,0],[2.737,1.241],[0,0],[1.226,-4.854]],"v":[[4.674,-41.591],[8.816,-25.201],[15.482,-21.991],[30.878,-28.971],[36.708,-21.661],[26.475,-8.205],[28.122,-0.992],[43.179,6.693],[41.1,15.808],[24.199,16.198],[19.585,21.982],[22.965,38.547],[14.542,42.603],[3.699,29.633],[-3.699,29.633],[-14.542,42.603],[-22.965,38.547],[-19.585,21.982],[-24.199,16.198],[-41.1,15.808],[-43.18,6.693],[-28.122,-0.992],[-26.475,-8.205],[-36.708,-21.661],[-30.878,-28.971],[-15.482,-21.991],[-8.816,-25.201],[-4.674,-41.591]],"c":true},"ix":2},"nm":"Path 1","mn":"ADBE Vector Shape - Group","hd":false},{"ty":"fl","c":{"a":0,"k":[1,0.878431432387,0.501960784314,1],"ix":4},"o":{"a":0,"k":100,"ix":5},"r":1,"bm":0,"nm":"Fill 1","mn":"ADBE Vector Graphic - Fill","hd":false},{"ty":"tr","p":{"a":0,"k":[213.494,395.197],"ix":2},"a":{"a":0,"k":[0,0],"ix":1},"s":{"a":0,"k":[100,100],"ix":3},"r":{"a":0,"k":0,"ix":6},"o":{"a":0,"k":100,"ix":7},"sk":{"a":0,"k":0,"ix":4},"sa":{"a":0,"k":0,"ix":5},"nm":"Transform"}],"nm":"Group 7","np":2,"cix":2,"bm":0,"ix":1,"mn":"ADBE Vector Group","hd":false}],"ip":89,"op":117,"st":88,"ct":1,"bm":0},{"ddd":0,"ind":10,"ty":4,"nm":".pupilleVerte.noclick","cl":"pupilleVerte noclick","parent":12,"sr":1,"ks":{"o":{"a":0,"k":100,"ix":11},"r":{"a":0,"k":0,"ix":10},"p":{"a":0,"k":[542.62,800.816,0],"ix":2,"l":2},"a":{"a":0,"k":[206.497,667.76,0],"ix":1,"l":2},"s":{"a":0,"k":[204.545,204.545,100],"ix":6,"l":2}},"ao":0,"shapes":[{"ty":"gr","it":[{"ind":0,"ty":"sh","ix":1,"ks":{"a":0,"k":{"i":[[0,0],[7.015,-2.36],[0,0],[0,0],[6.144,4.13],[0,0],[0,0],[0.463,7.391],[0,0],[0,0],[-5.581,4.867],[0,0],[0,0],[-7.255,-1.464],[0,0],[0,0],[-4.098,-6.17],[0,0],[0,0],[2.401,-7.004],[0,0]],"o":[[2.36,7.019],[0,0],[0,0],[-4.13,6.144],[0,0],[0,0],[-7.39,0.463],[0,0],[0,0],[-4.867,-5.58],[0,0],[0,0],[1.468,-7.259],[0,0],[0,0],[6.167,-4.098],[0,0],[0,0],[7.004,2.401],[0,0],[0,0]],"v":[[38.771,8.006],[30.339,24.987],[22.421,27.649],[17.758,34.585],[-0.846,38.231],[-7.782,33.568],[-16.119,34.089],[-30.339,21.548],[-30.861,13.211],[-36.352,6.913],[-35.059,-12.002],[-28.758,-17.494],[-27.109,-25.683],[-11.316,-36.173],[-5.535,-35.007],[-0.628,-38.263],[17.956,-34.512],[22.577,-27.555],[30.482,-24.845],[38.818,-7.817],[36.109,0.087]],"c":true},"ix":2},"nm":"Path 1","mn":"ADBE Vector Shape - Group","hd":false},{"ty":"fl","c":{"a":0,"k":[0.294117647059,0.745098039216,0.501960784314,1],"ix":4},"o":{"a":0,"k":100,"ix":5},"r":1,"bm":0,"nm":"Fill 1","mn":"ADBE Vector Graphic - Fill","hd":false},{"ty":"tr","p":{"a":0,"k":[206.551,667.756],"ix":2},"a":{"a":0,"k":[0,0],"ix":1},"s":{"a":0,"k":[100,100],"ix":3},"r":{"a":0,"k":0,"ix":6},"o":{"a":0,"k":100,"ix":7},"sk":{"a":0,"k":0,"ix":4},"sa":{"a":0,"k":0,"ix":5},"nm":"Transform"}],"nm":"Group 10","np":2,"cix":2,"bm":0,"ix":1,"mn":"ADBE Vector Group","hd":false}],"ip":61,"op":89,"st":57,"ct":1,"bm":0},{"ddd":0,"ind":11,"ty":4,"nm":".pupilleRouge.noclick","cl":"pupilleRouge noclick","parent":12,"sr":1,"ks":{"o":{"a":0,"k":100,"ix":11},"r":{"a":0,"k":0,"ix":10},"p":{"a":0,"k":[545.953,800.816,0],"ix":2,"l":2},"a":{"a":0,"k":[206.497,943.5,0],"ix":1,"l":2},"s":{"a":0,"k":[166.667,166.667,100],"ix":6,"l":2}},"ao":0,"shapes":[{"ty":"gr","it":[{"ind":0,"ty":"sh","ix":1,"ks":{"a":0,"k":{"i":[[0,0],[0,0],[-0.982,-3.726],[0,0],[0,0],[0,0],[2.736,-2.713],[0,0],[0,0],[0,0],[3.717,1.012],[0,0],[0,0],[0,0],[0.982,3.726],[0,0],[0,0],[0,0],[-2.735,2.712],[0,0],[0,0],[0,0],[-3.717,-1.013],[0,0]],"o":[[0,0],[-2.782,-2.665],[0,0],[0,0],[0,0],[0.917,-3.742],[0,0],[0,0],[0,0],[3.699,-1.077],[0,0],[0,0],[0,0],[2.782,2.666],[0,0],[0,0],[0,0],[-0.917,3.742],[0,0],[0,0],[0,0],[-3.699,1.077],[0,0],[0,0]],"v":[[34.895,36.21],[13.537,15.75],[7.207,19.479],[14.745,48.08],[-13.915,48.32],[-6.879,19.607],[-13.273,15.989],[-34.265,36.81],[-48.805,12.11],[-20.412,3.846],[-20.476,-3.5],[-49.005,-11.27],[-34.885,-36.21],[-13.546,-15.763],[-7.216,-19.49],[-14.745,-48.07],[13.915,-48.32],[6.878,-19.603],[13.271,-15.984],[34.265,-36.8],[48.805,-12.11],[20.412,-3.846],[20.476,3.5],[49.005,11.27]],"c":true},"ix":2},"nm":"Path 1","mn":"ADBE Vector Shape - Group","hd":false},{"ty":"fl","c":{"a":0,"k":[0.917647118662,0.290196078431,0.407843167174,1],"ix":4},"o":{"a":0,"k":100,"ix":5},"r":1,"bm":0,"nm":"Fill 1","mn":"ADBE Vector Graphic - Fill","hd":false},{"ty":"tr","p":{"a":0,"k":[206.497,943.5],"ix":2},"a":{"a":0,"k":[0,0],"ix":1},"s":{"a":0,"k":[100,100],"ix":3},"r":{"a":0,"k":0,"ix":6},"o":{"a":0,"k":100,"ix":7},"sk":{"a":0,"k":0,"ix":4},"sa":{"a":0,"k":0,"ix":5},"nm":"Transform"}],"nm":"Group 1","np":2,"cix":2,"bm":0,"ix":1,"mn":"ADBE Vector Group","hd":false}],"ip":30,"op":61,"st":-1,"ct":1,"bm":0},{"ddd":0,"ind":12,"ty":4,"nm":".pupille-fill.noclick","cl":"pupille-fill noclick","parent":13,"sr":1,"ks":{"o":{"a":1,"k":[{"i":{"x":[0.833],"y":[0.833]},"o":{"x":[0.167],"y":[0.167]},"t":162,"s":[0]},{"t":163,"s":[100]}],"ix":11},"r":{"a":1,"k":[{"i":{"x":[0.009],"y":[1]},"o":{"x":[0.91],"y":[0]},"t":45,"s":[0]},{"i":{"x":[0.132],"y":[1]},"o":{"x":[0.89],"y":[0]},"t":75,"s":[160]},{"i":{"x":[0.058],"y":[1]},"o":{"x":[0.872],"y":[0]},"t":103,"s":[380]},{"i":{"x":[0.833],"y":[1]},"o":{"x":[0.872],"y":[0]},"t":131,"s":[547]},{"t":157,"s":[0]}],"ix":10},"p":{"a":1,"k":[{"i":{"x":0.256,"y":1},"o":{"x":0.248,"y":0},"t":61,"s":[540,816.667,0],"to":[0,0,0],"ti":[0,0,0]},{"i":{"x":0.567,"y":0.567},"o":{"x":0.315,"y":0.315},"t":70,"s":[598.476,816.667,0],"to":[0,0,0],"ti":[0,0,0]},{"i":{"x":0.208,"y":1},"o":{"x":0.333,"y":0},"t":89,"s":[598.476,816.667,0],"to":[0,0,0],"ti":[0,0,0]},{"i":{"x":0.559,"y":0.559},"o":{"x":0.333,"y":0.333},"t":102,"s":[497.42,816.667,0],"to":[0,0,0],"ti":[0,0,0]},{"i":{"x":0.171,"y":1},"o":{"x":0.333,"y":0},"t":117,"s":[497.42,816.667,0],"to":[0,0,0],"ti":[0,0,0]},{"i":{"x":0.667,"y":0.667},"o":{"x":0.333,"y":0.333},"t":129,"s":[539.234,876.794,0],"to":[0,0,0],"ti":[0,0,0]},{"i":{"x":0.667,"y":1},"o":{"x":0.333,"y":0},"t":140,"s":[539.234,876.794,0],"to":[0,0,0],"ti":[0,0,0]},{"i":{"x":0.667,"y":1},"o":{"x":0.875,"y":0},"t":159,"s":[539.234,783.47,0],"to":[0,0,0],"ti":[0,0,0]},{"i":{"x":0.359,"y":1},"o":{"x":0.333,"y":0},"t":164,"s":[539.234,909.939,0],"to":[0,0,0],"ti":[0,0,0]},{"i":{"x":0.513,"y":1},"o":{"x":0.333,"y":0},"t":167,"s":[539.234,901.274,0],"to":[0,0,0],"ti":[0,0,0]},{"t":173,"s":[539.234,821.274,0]}],"ix":2,"l":2},"a":{"a":0,"k":[545.954,800.812,0],"ix":1,"l":2},"s":{"a":1,"k":[{"i":{"x":[0.014,0.014,0.667],"y":[1,1,1]},"o":{"x":[0.23,0.23,0.333],"y":[0,0,0]},"t":30,"s":[0,0,100]},{"i":{"x":[0.667,0.667,0.667],"y":[1,1,1]},"o":{"x":[0.333,0.333,0.333],"y":[0,0,0]},"t":36.5,"s":[120,120,100]},{"i":{"x":[0.667,0.667,0.667],"y":[1,1,1]},"o":{"x":[0.333,0.333,0.333],"y":[0,0,0]},"t":43,"s":[90,90,100]},{"i":{"x":[0.667,0.667,0.667],"y":[1,1,1]},"o":{"x":[0.333,0.333,0.333],"y":[0,0,0]},"t":49.5,"s":[110,110,100]},{"i":{"x":[0.833,0.833,0.833],"y":[1,1,1]},"o":{"x":[0.167,0.167,0.167],"y":[0,0,0]},"t":56,"s":[100,100,100]},{"i":{"x":[0.833,0.833,0.833],"y":[1,1,1]},"o":{"x":[0.167,0.167,0.167],"y":[0,0,0]},"t":63,"s":[120,120,100]},{"i":{"x":[0.833,0.833,0.833],"y":[1,1,1]},"o":{"x":[0.167,0.167,0.167],"y":[0,0,0]},"t":70,"s":[90,90,100]},{"i":{"x":[0.667,0.667,0.667],"y":[1,1,1]},"o":{"x":[0.167,0.167,0.167],"y":[0,0,0]},"t":76,"s":[100,100,100]},{"i":{"x":[0.833,0.833,0.833],"y":[1,1,1]},"o":{"x":[0.167,0.167,0.167],"y":[0,0,0]},"t":86,"s":[100,100,100]},{"i":{"x":[0.833,0.833,0.833],"y":[1,1,1]},"o":{"x":[0.167,0.167,0.167],"y":[0,0,0]},"t":93,"s":[120,120,100]},{"i":{"x":[0.833,0.833,0.833],"y":[1,1,1]},"o":{"x":[0.167,0.167,0.167],"y":[0,0,0]},"t":100,"s":[90,90,100]},{"i":{"x":[0.667,0.667,0.667],"y":[1,1,1]},"o":{"x":[0.167,0.167,0.167],"y":[0,0,0]},"t":106,"s":[100,100,100]},{"i":{"x":[0.833,0.833,0.833],"y":[1,1,1]},"o":{"x":[0.167,0.167,0.167],"y":[0,0,0]},"t":113,"s":[100,100,100]},{"i":{"x":[0.833,0.833,0.833],"y":[1,1,1]},"o":{"x":[0.167,0.167,0.167],"y":[0,0,0]},"t":120,"s":[120,120,100]},{"i":{"x":[0.833,0.833,0.833],"y":[1,1,1]},"o":{"x":[0.167,0.167,0.167],"y":[0,0,0]},"t":127,"s":[90,90,100]},{"i":{"x":[0.667,0.667,0.667],"y":[1,1,1]},"o":{"x":[0.167,0.167,0.167],"y":[0,0,0]},"t":133,"s":[100,100,100]},{"i":{"x":[0.833,0.833,0.833],"y":[1,1,1]},"o":{"x":[0.167,0.167,0.167],"y":[0,0,0]},"t":148,"s":[100,100,100]},{"i":{"x":[0.576,0.576,0.576],"y":[1.085,0.967,-1.442]},"o":{"x":[0.229,0.229,0.229],"y":[0,0,0]},"t":164,"s":[100,100,100]},{"i":{"x":[0.842,0.842,0.842],"y":[1,1,1]},"o":{"x":[0.292,0.292,0.292],"y":[0.062,-0.048,2.805]},"t":167,"s":[117.217,55.217,100]},{"i":{"x":[0.833,0.833,0.833],"y":[1,1,1]},"o":{"x":[0.167,0.167,0.167],"y":[0,0,0]},"t":172,"s":[90,90,100]},{"i":{"x":[0.667,0.667,0.667],"y":[1,1,1]},"o":{"x":[0.167,0.167,0.167],"y":[0,0,0]},"t":178,"s":[100,100,100]},{"i":{"x":[0.376,0.376,0.667],"y":[1,1,1]},"o":{"x":[0.333,0.333,0.333],"y":[0,0,0]},"t":201,"s":[100,100,100]},{"i":{"x":[0.357,0.357,0.667],"y":[1,1,1]},"o":{"x":[0.333,0.333,0.333],"y":[0,0,0]},"t":209,"s":[110,110,100]},{"t":218,"s":[0,0,100]}],"ix":6,"l":2}},"ao":0,"shapes":[{"ty":"gr","it":[{"ind":0,"ty":"sh","ix":1,"ks":{"a":0,"k":{"i":[[0,-46.434],[46.434,0],[0,46.481],[-46.481,0]],"o":[[0,46.481],[-46.481,0],[0,-46.434],[46.434,0]],"v":[[84.167,-0.024],[0.023,84.167],[-84.168,-0.024],[0.023,-84.168]],"c":true},"ix":2},"nm":"Path 1","mn":"ADBE Vector Shape - Group","hd":false},{"ty":"fl","c":{"a":0,"k":[0.345098039216,0.337254901961,1,1],"ix":4},"o":{"a":0,"k":100,"ix":5},"r":1,"bm":0,"nm":"Fill 1","mn":"ADBE Vector Graphic - Fill","hd":false},{"ty":"tr","p":{"a":0,"k":[545.954,800.812],"ix":2},"a":{"a":0,"k":[0,0],"ix":1},"s":{"a":0,"k":[100,100],"ix":3},"r":{"a":0,"k":0,"ix":6},"o":{"a":0,"k":100,"ix":7},"sk":{"a":0,"k":0,"ix":4},"sa":{"a":0,"k":0,"ix":5},"nm":"Transform"}],"nm":"Group 2","np":2,"cix":2,"bm":0,"ix":1,"mn":"ADBE Vector Group","hd":false}],"ip":30,"op":232,"st":0,"ct":1,"bm":0},{"ddd":0,"ind":13,"ty":4,"nm":".eye-fill.noclick","cl":"eye-fill noclick","sr":1,"ks":{"o":{"a":0,"k":100,"ix":11},"r":{"a":1,"k":[{"i":{"x":[0.667],"y":[1]},"o":{"x":[0.333],"y":[0]},"t":128,"s":[0]},{"i":{"x":[0.667],"y":[1]},"o":{"x":[0.333],"y":[0]},"t":132,"s":[10]},{"i":{"x":[0.667],"y":[1]},"o":{"x":[0.333],"y":[0]},"t":135,"s":[-10]},{"i":{"x":[0.667],"y":[1]},"o":{"x":[0.333],"y":[0]},"t":138,"s":[5]},{"i":{"x":[0.667],"y":[1]},"o":{"x":[0.333],"y":[0]},"t":141,"s":[-5]},{"i":{"x":[0.667],"y":[1]},"o":{"x":[0.333],"y":[0]},"t":143.203,"s":[2]},{"i":{"x":[0.667],"y":[1]},"o":{"x":[0.333],"y":[0]},"t":146,"s":[-2]},{"i":{"x":[0.667],"y":[1]},"o":{"x":[0.333],"y":[0]},"t":148,"s":[1]},{"t":150,"s":[0]}],"ix":10},"p":{"a":1,"k":[{"i":{"x":0.667,"y":1},"o":{"x":0.333,"y":0},"t":0,"s":[540,540,0],"to":[0,0,0],"ti":[0,0,0]},{"i":{"x":0.667,"y":0.667},"o":{"x":0.057,"y":0.057},"t":24,"s":[540,542,0],"to":[0,0,0],"ti":[0,0,0]},{"i":{"x":0.759,"y":0.977},"o":{"x":0.869,"y":0.084},"t":104,"s":[540,542,0],"to":[0,0,0],"ti":[0,0,0]},{"i":{"x":0.261,"y":1},"o":{"x":0.453,"y":0.034},"t":132,"s":[540,485,0],"to":[0,0,0],"ti":[0,0,0]},{"i":{"x":0.261,"y":0.261},"o":{"x":0.821,"y":0.821},"t":142,"s":[540,459.06,0],"to":[0,0,0],"ti":[0,0,0]},{"i":{"x":0.667,"y":1},"o":{"x":0.821,"y":0},"t":157,"s":[540,459.06,0],"to":[0,0,0],"ti":[0,0,0]},{"t":163,"s":[540,540,0]}],"ix":2,"l":2},"a":{"a":0,"k":[540,820.726,0],"ix":1,"l":2},"s":{"a":1,"k":[{"i":{"x":[0,0.009,0.667],"y":[0.873,0.944,1]},"o":{"x":[0.125,0.125,0.333],"y":[0,0,0]},"t":0,"s":[60,60,100]},{"i":{"x":[0.386,0.532,0.602],"y":[0.82,0.859,1]},"o":{"x":[0.555,0.74,0.264],"y":[0,0,0]},"t":22,"s":[44,49,100]},{"i":{"x":[0.612,0.637,0.647],"y":[1.015,0.688,1]},"o":{"x":[0.296,0.317,0.313],"y":[-0.082,0.894,0]},"t":31,"s":[70,65,100]},{"i":{"x":[0.833,0.833,0.833],"y":[0.833,0.833,1]},"o":{"x":[0.277,0.288,0.315],"y":[0.021,-0.033,0]},"t":36,"s":[53,66,100]},{"i":{"x":[0.833,0.833,0.833],"y":[0.833,0.833,0.833]},"o":{"x":[0.167,0.167,0.167],"y":[0.167,0.167,0.167]},"t":40,"s":[60,60,100]},{"i":{"x":[0.833,0.833,0.833],"y":[0.833,0.833,0.833]},"o":{"x":[0.167,0.167,0.167],"y":[0.167,0.167,0.167]},"t":131,"s":[60,60,100]},{"i":{"x":[0.833,0.833,0.833],"y":[0.833,0.833,0.833]},"o":{"x":[0.167,0.167,0.167],"y":[0.167,0.167,0.167]},"t":138,"s":[53,66,100]},{"i":{"x":[0,0,0.833],"y":[1,1,1]},"o":{"x":[0.167,0.167,0.167],"y":[0,0,0]},"t":140,"s":[60,60,100]},{"i":{"x":[0,0,0.833],"y":[1,1,1]},"o":{"x":[0.167,0.167,0.167],"y":[0,0,0]},"t":153,"s":[60,60,100]},{"i":{"x":[0.833,0.833,0.833],"y":[1,1,1]},"o":{"x":[0.167,0.167,0.167],"y":[0,0,0]},"t":162,"s":[38,77,100]},{"i":{"x":[0.833,0.833,0.833],"y":[1,1,1]},"o":{"x":[0.167,0.167,0.167],"y":[0,0,0]},"t":164,"s":[72,31,100]},{"i":{"x":[0.833,0.833,0.833],"y":[1,1,1]},"o":{"x":[0.167,0.167,0.167],"y":[0,0,0]},"t":169,"s":[49,73,100]},{"i":{"x":[0.833,0.833,0.833],"y":[1,1,1]},"o":{"x":[0.167,0.167,0.167],"y":[0,0,0]},"t":173,"s":[66,55,100]},{"i":{"x":[0.842,0.842,0.667],"y":[1,1,1]},"o":{"x":[0.167,0.167,0.167],"y":[0,0,0]},"t":178,"s":[60,60,100]},{"i":{"x":[0.835,0.835,0.667],"y":[1,1,1]},"o":{"x":[0.158,0.158,0.333],"y":[0,0,0]},"t":205,"s":[60,60,100]},{"i":{"x":[0.835,0.835,0.667],"y":[1,1,1]},"o":{"x":[0.158,0.158,0.333],"y":[0,0,0]},"t":212,"s":[68,68,100]},{"t":220,"s":[60,60,100]}],"ix":6,"l":2}},"ao":0,"shapes":[{"ty":"gr","it":[{"ind":0,"ty":"sh","ix":1,"ks":{"a":0,"k":{"i":[[59.353,0],[45.285,-45.285],[0,0],[0,0],[-59.353,0],[-45.286,45.285],[0,0],[0,0]],"o":[[-59.353,0],[0,0],[0,0],[45.285,45.285],[59.353,0],[0,0],[0,0],[-45.286,-45.285]],"v":[[0,-210.872],[-163.992,-142.944],[-306.937,0],[-163.992,142.944],[0,210.872],[163.992,142.944],[306.937,0],[163.992,-142.944]],"c":true},"ix":2},"nm":"Path 1","mn":"ADBE Vector Shape - Group","hd":false},{"ind":1,"ty":"sh","ix":2,"ks":{"a":1,"k":[{"i":{"x":0.833,"y":0.833},"o":{"x":0.498,"y":0},"t":34,"s":[{"i":[[-51.925,0],[-36.717,-36.717],[0,0],[0,0],[51.925,0],[36.716,36.717],[0,0],[0,0]],"o":[[51.925,0],[0,0],[0,0],[-36.717,36.717],[-51.925,0],[0,0],[0,0],[36.716,-36.717]],"v":[[0,-173.35],[137.459,-116.412],[253.872,0],[137.459,116.412],[0,173.35],[-137.458,116.412],[-253.872,0],[-137.458,-116.412]],"c":true}]},{"i":{"x":0.342,"y":1},"o":{"x":0.167,"y":0.167},"t":36.316,"s":[{"i":[[-35.052,-0.01],[-23.349,-23.349],[0.01,-27.614],[18.095,-18.095],[35.052,0.015],[23.349,23.349],[-0.01,27.609],[-18.09,18.09]],"o":[[35.052,0.01],[18.09,18.09],[-0.01,27.614],[-23.349,23.349],[-35.047,-0.015],[-18.09,-18.09],[0.01,-27.614],[23.354,-23.354]],"v":[[0.797,-125.178],[91.183,-87.727],[137.153,-0.356],[91.183,87.016],[0.797,124.467],[-89.588,87.016],[-135.558,-0.356],[-89.588,-87.727]],"c":true}]},{"i":{"x":0.073,"y":1},"o":{"x":0.167,"y":0},"t":49.316,"s":[{"i":[[-39.485,-0.014],[-25.866,-25.866],[0.014,-39.485],[25.873,-25.873],[39.485,0.021],[25.866,25.866],[-0.014,39.478],[-25.866,25.866]],"o":[[39.485,0.014],[25.866,25.866],[-0.014,39.485],[-25.866,25.866],[-39.478,-0.021],[-25.866,-25.866],[0.014,-39.485],[25.873,-25.873]],"v":[[0.961,-143.406],[102.049,-101.517],[143.938,-0.429],[102.049,100.659],[0.961,142.548],[-100.127,100.659],[-142.016,-0.429],[-100.127,-101.517]],"c":true}]},{"i":{"x":0.645,"y":1},"o":{"x":0.927,"y":0},"t":201,"s":[{"i":[[-39.485,-0.014],[-25.866,-25.866],[0.014,-39.485],[25.873,-25.873],[39.485,0.021],[25.866,25.866],[-0.014,39.478],[-25.866,25.866]],"o":[[39.485,0.014],[25.866,25.866],[-0.014,39.485],[-25.866,25.866],[-39.478,-0.021],[-25.866,-25.866],[0.014,-39.485],[25.873,-25.873]],"v":[[0.961,-143.406],[102.049,-101.517],[143.938,-0.429],[102.049,100.659],[0.961,142.548],[-100.127,100.659],[-142.016,-0.429],[-100.127,-101.517]],"c":true}]},{"t":220,"s":[{"i":[[-51.925,0],[-36.717,-36.717],[0,0],[0,0],[51.925,0],[36.716,36.717],[0,0],[0,0]],"o":[[51.925,0],[0,0],[0,0],[-36.717,36.717],[-51.925,0],[0,0],[0,0],[36.716,-36.717]],"v":[[0,-173.35],[137.459,-116.412],[253.872,0],[137.459,116.412],[0,173.35],[-137.458,116.412],[-253.872,0],[-137.458,-116.412]],"c":true}]}],"ix":2},"nm":"Path 2","mn":"ADBE Vector Shape - Group","hd":false},{"ty":"mm","mm":1,"nm":"Merge Paths 1","mn":"ADBE Vector Filter - Merge","hd":false},{"ty":"fl","c":{"a":0,"k":[0.345098039216,0.337254901961,1,1],"ix":4},"o":{"a":0,"k":100,"ix":5},"r":1,"bm":0,"nm":"Fill 1","mn":"ADBE Vector Graphic - Fill","hd":false},{"ty":"tr","p":{"a":0,"k":[540,815.559],"ix":2},"a":{"a":0,"k":[0,0],"ix":1},"s":{"a":0,"k":[100,100],"ix":3},"r":{"a":0,"k":0,"ix":6},"o":{"a":0,"k":100,"ix":7},"sk":{"a":0,"k":0,"ix":4},"sa":{"a":0,"k":0,"ix":5},"nm":"Transform"}],"nm":"Group 1","np":4,"cix":2,"bm":0,"ix":1,"mn":"ADBE Vector Group","hd":false},{"ty":"gr","it":[{"ind":0,"ty":"sh","ix":1,"ks":{"a":0,"k":{"i":[[-51.925,0],[-36.717,-36.717],[0,0],[0,0],[51.925,0],[36.716,36.717],[0,0],[0,0]],"o":[[51.925,0],[0,0],[0,0],[-36.717,36.717],[-51.925,0],[0,0],[0,0],[36.716,-36.717]],"v":[[540,642.209],[677.459,699.147],[793.872,815.559],[677.459,931.972],[540,988.91],[402.541,931.972],[286.128,815.559],[402.541,699.147]],"c":true},"ix":2},"nm":"Path 1","mn":"ADBE Vector Shape - Group","hd":false},{"ty":"tr","p":{"a":0,"k":[0,0],"ix":2},"a":{"a":0,"k":[0,0],"ix":1},"s":{"a":0,"k":[100,100],"ix":3},"r":{"a":0,"k":0,"ix":6},"o":{"a":0,"k":100,"ix":7},"sk":{"a":0,"k":0,"ix":4},"sa":{"a":0,"k":0,"ix":5},"nm":"Transform"}],"nm":"Group 2","np":1,"cix":2,"bm":0,"ix":2,"mn":"ADBE Vector Group","hd":false}],"ip":0,"op":280,"st":1,"ct":1,"bm":0},{"ddd":0,"ind":14,"ty":4,"nm":".cilles.noclick","cl":"cilles noclick","parent":13,"sr":1,"ks":{"o":{"a":0,"k":100,"ix":11},"r":{"a":0,"k":0,"ix":10},"p":{"a":0,"k":[540,815.559,0],"ix":2,"l":2},"a":{"a":0,"k":[531.714,887.699,0],"ix":1,"l":2},"s":{"a":0,"k":[171.698,171.698,100],"ix":6,"l":2}},"ao":0,"shapes":[{"ty":"gr","it":[{"ind":0,"ty":"sh","ix":1,"ks":{"a":0,"k":{"i":[[0,0],[0,0]],"o":[[0,0],[0,0]],"v":[[13.971,-13.971],[-13.971,13.971]],"c":false},"ix":2},"nm":"Path 1","mn":"ADBE Vector Shape - Group","hd":false},{"ty":"tm","s":{"a":1,"k":[{"i":{"x":[0.147],"y":[1]},"o":{"x":[0.333],"y":[0]},"t":173,"s":[0]},{"t":183,"s":[100]}],"ix":1},"e":{"a":1,"k":[{"i":{"x":[0],"y":[1]},"o":{"x":[0.2],"y":[0]},"t":0,"s":[100]},{"i":{"x":[0.265],"y":[1]},"o":{"x":[0.167],"y":[0]},"t":20,"s":[60]},{"i":{"x":[0.265],"y":[1]},"o":{"x":[0.167],"y":[0]},"t":26,"s":[0]},{"i":{"x":[0.8],"y":[1]},"o":{"x":[0.735],"y":[0]},"t":163,"s":[0]},{"t":173,"s":[100]}],"ix":2},"o":{"a":0,"k":0,"ix":3},"m":1,"ix":2,"nm":"Trim Paths 1","mn":"ADBE Vector Filter - Trim","hd":false},{"ty":"st","c":{"a":0,"k":[0.345098039216,0.337254901961,1,1],"ix":3},"o":{"a":0,"k":100,"ix":4},"w":{"a":0,"k":23,"ix":5},"lc":1,"lj":1,"ml":10,"bm":0,"nm":"Stroke 1","mn":"ADBE Vector Graphic - Stroke","hd":false},{"ty":"fl","c":{"a":0,"k":[0.345098039216,0.337254901961,1,1],"ix":4},"o":{"a":0,"k":100,"ix":5},"r":1,"bm":0,"nm":"Fill 1","mn":"ADBE Vector Graphic - Fill","hd":false},{"ty":"tr","p":{"a":0,"k":[389.936,951.511],"ix":2},"a":{"a":0,"k":[0,0],"ix":1},"s":{"a":0,"k":[100,100],"ix":3},"r":{"a":0,"k":0,"ix":6},"o":{"a":0,"k":100,"ix":7},"sk":{"a":0,"k":0,"ix":4},"sa":{"a":0,"k":0,"ix":5},"nm":"Transform"}],"nm":"Group 1","np":4,"cix":2,"bm":0,"ix":1,"mn":"ADBE Vector Group","hd":false},{"ty":"gr","it":[{"ind":0,"ty":"sh","ix":1,"ks":{"a":0,"k":{"i":[[0,0],[0,0]],"o":[[0,0],[0,0]],"v":[[-13.971,-13.971],[13.971,13.971]],"c":false},"ix":2},"nm":"Path 1","mn":"ADBE Vector Shape - Group","hd":false},{"ty":"tm","s":{"a":1,"k":[{"i":{"x":[0.147],"y":[1]},"o":{"x":[0.333],"y":[0]},"t":173,"s":[0]},{"t":183,"s":[100]}],"ix":1},"e":{"a":1,"k":[{"i":{"x":[0],"y":[1]},"o":{"x":[0.2],"y":[0]},"t":0,"s":[100]},{"i":{"x":[0.265],"y":[1]},"o":{"x":[0.167],"y":[0]},"t":20,"s":[60]},{"i":{"x":[0.265],"y":[1]},"o":{"x":[0.167],"y":[0]},"t":26,"s":[0]},{"i":{"x":[0.8],"y":[1]},"o":{"x":[0.735],"y":[0]},"t":163,"s":[0]},{"t":173,"s":[100]}],"ix":2},"o":{"a":0,"k":0,"ix":3},"m":1,"ix":2,"nm":"Trim Paths 1","mn":"ADBE Vector Filter - Trim","hd":false},{"ty":"st","c":{"a":0,"k":[0.345098039216,0.337254901961,1,1],"ix":3},"o":{"a":0,"k":100,"ix":4},"w":{"a":0,"k":23,"ix":5},"lc":1,"lj":1,"ml":10,"bm":0,"nm":"Stroke 1","mn":"ADBE Vector Graphic - Stroke","hd":false},{"ty":"fl","c":{"a":0,"k":[0.345098039216,0.337254901961,1,1],"ix":4},"o":{"a":0,"k":100,"ix":5},"r":1,"bm":0,"nm":"Fill 1","mn":"ADBE Vector Graphic - Fill","hd":false},{"ty":"tr","p":{"a":0,"k":[673.492,951.511],"ix":2},"a":{"a":0,"k":[0,0],"ix":1},"s":{"a":0,"k":[100,100],"ix":3},"r":{"a":0,"k":0,"ix":6},"o":{"a":0,"k":100,"ix":7},"sk":{"a":0,"k":0,"ix":4},"sa":{"a":0,"k":0,"ix":5},"nm":"Transform"}],"nm":"Group 2","np":4,"cix":2,"bm":0,"ix":2,"mn":"ADBE Vector Group","hd":false},{"ty":"gr","it":[{"ind":0,"ty":"sh","ix":1,"ks":{"a":0,"k":{"i":[[0,0],[0,0]],"o":[[0,0],[0,0]],"v":[[-9.168,-17.502],[9.167,17.502]],"c":false},"ix":2},"nm":"Path 1","mn":"ADBE Vector Shape - Group","hd":false},{"ty":"tm","s":{"a":1,"k":[{"i":{"x":[0.147],"y":[1]},"o":{"x":[0.333],"y":[0]},"t":173,"s":[0]},{"t":183,"s":[100]}],"ix":1},"e":{"a":1,"k":[{"i":{"x":[0],"y":[1]},"o":{"x":[0.2],"y":[0]},"t":0,"s":[100]},{"i":{"x":[0.265],"y":[1]},"o":{"x":[0.167],"y":[0]},"t":20,"s":[60]},{"i":{"x":[0.265],"y":[1]},"o":{"x":[0.167],"y":[0]},"t":26,"s":[0]},{"i":{"x":[0.8],"y":[1]},"o":{"x":[0.735],"y":[0]},"t":163,"s":[0]},{"t":173,"s":[100]}],"ix":2},"o":{"a":0,"k":0,"ix":3},"m":1,"ix":2,"nm":"Trim Paths 1","mn":"ADBE Vector Filter - Trim","hd":false},{"ty":"st","c":{"a":0,"k":[0.345098039216,0.337254901961,1,1],"ix":3},"o":{"a":0,"k":100,"ix":4},"w":{"a":0,"k":23,"ix":5},"lc":1,"lj":1,"ml":10,"bm":0,"nm":"Stroke 1","mn":"ADBE Vector Graphic - Stroke","hd":false},{"ty":"fl","c":{"a":0,"k":[0.345098039216,0.337254901961,1,1],"ix":4},"o":{"a":0,"k":100,"ix":5},"r":1,"bm":0,"nm":"Fill 1","mn":"ADBE Vector Graphic - Fill","hd":false},{"ty":"tr","p":{"a":0,"k":[606.303,1007.959],"ix":2},"a":{"a":0,"k":[0,0],"ix":1},"s":{"a":0,"k":[100,100],"ix":3},"r":{"a":0,"k":0,"ix":6},"o":{"a":0,"k":100,"ix":7},"sk":{"a":0,"k":0,"ix":4},"sa":{"a":0,"k":0,"ix":5},"nm":"Transform"}],"nm":"Group 3","np":4,"cix":2,"bm":0,"ix":3,"mn":"ADBE Vector Group","hd":false},{"ty":"gr","it":[{"ind":0,"ty":"sh","ix":1,"ks":{"a":0,"k":{"i":[[0,0],[0,0]],"o":[[0,0],[0,0]],"v":[[9.168,-17.502],[-9.167,17.502]],"c":false},"ix":2},"nm":"Path 1","mn":"ADBE Vector Shape - Group","hd":false},{"ty":"st","c":{"a":0,"k":[0.345098039216,0.337254901961,1,1],"ix":3},"o":{"a":0,"k":100,"ix":4},"w":{"a":0,"k":23,"ix":5},"lc":1,"lj":1,"ml":10,"bm":0,"nm":"Stroke 1","mn":"ADBE Vector Graphic - Stroke","hd":false},{"ty":"fl","c":{"a":0,"k":[0.345098039216,0.337254901961,1,1],"ix":4},"o":{"a":0,"k":100,"ix":5},"r":1,"bm":0,"nm":"Fill 1","mn":"ADBE Vector Graphic - Fill","hd":false},{"ty":"tm","s":{"a":1,"k":[{"i":{"x":[0.147],"y":[1]},"o":{"x":[0.333],"y":[0]},"t":173,"s":[0]},{"t":183,"s":[100]}],"ix":1},"e":{"a":1,"k":[{"i":{"x":[0],"y":[1]},"o":{"x":[0.2],"y":[0]},"t":0,"s":[100]},{"i":{"x":[0.265],"y":[1]},"o":{"x":[0.167],"y":[0]},"t":20,"s":[60]},{"i":{"x":[0.265],"y":[1]},"o":{"x":[0.167],"y":[0]},"t":26,"s":[0]},{"i":{"x":[0.8],"y":[1]},"o":{"x":[0.735],"y":[0]},"t":163,"s":[0]},{"t":173,"s":[100]}],"ix":2},"o":{"a":0,"k":0,"ix":3},"m":1,"ix":4,"nm":"Trim Paths 2","mn":"ADBE Vector Filter - Trim","hd":false},{"ty":"tr","p":{"a":0,"k":[457.239,1007.988],"ix":2},"a":{"a":0,"k":[0,0],"ix":1},"s":{"a":0,"k":[100,100],"ix":3},"r":{"a":0,"k":0,"ix":6},"o":{"a":0,"k":100,"ix":7},"sk":{"a":0,"k":0,"ix":4},"sa":{"a":0,"k":0,"ix":5},"nm":"Transform"}],"nm":"Group 4","np":4,"cix":2,"bm":0,"ix":4,"mn":"ADBE Vector Group","hd":false},{"ty":"gr","it":[{"ind":0,"ty":"sh","ix":1,"ks":{"a":0,"k":{"i":[[0,0],[0,0]],"o":[[0,0],[0,0]],"v":[[531.989,1006.424],[531.989,1045.938]],"c":false},"ix":2},"nm":"Path 1","mn":"ADBE Vector Shape - Group","hd":false},{"ty":"st","c":{"a":0,"k":[0.345098039216,0.337254901961,1,1],"ix":3},"o":{"a":0,"k":100,"ix":4},"w":{"a":0,"k":23,"ix":5},"lc":1,"lj":1,"ml":10,"bm":0,"nm":"Stroke 1","mn":"ADBE Vector Graphic - Stroke","hd":false},{"ty":"tm","s":{"a":1,"k":[{"i":{"x":[0.147],"y":[1]},"o":{"x":[0.333],"y":[0]},"t":173,"s":[0]},{"t":183,"s":[100]}],"ix":1},"e":{"a":1,"k":[{"i":{"x":[0],"y":[1]},"o":{"x":[0.2],"y":[0]},"t":0,"s":[100]},{"i":{"x":[0.265],"y":[1]},"o":{"x":[0.167],"y":[0]},"t":20,"s":[60]},{"i":{"x":[0.265],"y":[1]},"o":{"x":[0.167],"y":[0]},"t":26,"s":[0]},{"i":{"x":[0.8],"y":[1]},"o":{"x":[0.735],"y":[0]},"t":163,"s":[0]},{"t":173,"s":[100]}],"ix":2},"o":{"a":0,"k":0,"ix":3},"m":1,"ix":3,"nm":"Trim Paths 2","mn":"ADBE Vector Filter - Trim","hd":false},{"ty":"tr","p":{"a":0,"k":[0,0],"ix":2},"a":{"a":0,"k":[0,0],"ix":1},"s":{"a":0,"k":[100,100],"ix":3},"r":{"a":0,"k":0,"ix":6},"o":{"a":0,"k":100,"ix":7},"sk":{"a":0,"k":0,"ix":4},"sa":{"a":0,"k":0,"ix":5},"nm":"Transform"}],"nm":"Group 5","np":3,"cix":2,"bm":0,"ix":5,"mn":"ADBE Vector Group","hd":false}],"ip":0,"op":215,"st":0,"ct":1,"bm":0},{"ddd":0,"ind":15,"ty":4,"nm":".cilles.noclick","cl":"cilles noclick","parent":13,"sr":1,"ks":{"o":{"a":0,"k":100,"ix":11},"r":{"a":0,"k":0,"ix":10},"p":{"a":0,"k":[540,815.559,0],"ix":2,"l":2},"a":{"a":0,"k":[531.714,887.699,0],"ix":1,"l":2},"s":{"a":0,"k":[171.698,171.698,100],"ix":6,"l":2}},"ao":0,"shapes":[{"ty":"gr","it":[{"ind":0,"ty":"sh","ix":1,"ks":{"a":0,"k":{"i":[[0,0],[0,0]],"o":[[0,0],[0,0]],"v":[[13.971,-13.971],[-13.971,13.971]],"c":false},"ix":2},"nm":"Path 1","mn":"ADBE Vector Shape - Group","hd":false},{"ty":"tm","s":{"a":0,"k":0,"ix":1},"e":{"a":1,"k":[{"i":{"x":[0],"y":[1]},"o":{"x":[0.2],"y":[0]},"t":0,"s":[100]},{"i":{"x":[0.265],"y":[1]},"o":{"x":[0.167],"y":[0]},"t":20,"s":[60]},{"i":{"x":[0.757],"y":[1]},"o":{"x":[0.167],"y":[0]},"t":26,"s":[0]},{"i":{"x":[0.256],"y":[1]},"o":{"x":[0.243],"y":[0]},"t":219,"s":[0]},{"t":232,"s":[100]}],"ix":2},"o":{"a":0,"k":0,"ix":3},"m":1,"ix":2,"nm":"Trim Paths 1","mn":"ADBE Vector Filter - Trim","hd":false},{"ty":"st","c":{"a":0,"k":[0.345098039216,0.337254901961,1,1],"ix":3},"o":{"a":0,"k":100,"ix":4},"w":{"a":0,"k":23,"ix":5},"lc":1,"lj":1,"ml":10,"bm":0,"nm":"Stroke 1","mn":"ADBE Vector Graphic - Stroke","hd":false},{"ty":"fl","c":{"a":0,"k":[0.345098039216,0.337254901961,1,1],"ix":4},"o":{"a":0,"k":100,"ix":5},"r":1,"bm":0,"nm":"Fill 1","mn":"ADBE Vector Graphic - Fill","hd":false},{"ty":"tr","p":{"a":0,"k":[389.936,951.511],"ix":2},"a":{"a":0,"k":[0,0],"ix":1},"s":{"a":0,"k":[100,100],"ix":3},"r":{"a":0,"k":0,"ix":6},"o":{"a":0,"k":100,"ix":7},"sk":{"a":0,"k":0,"ix":4},"sa":{"a":0,"k":0,"ix":5},"nm":"Transform"}],"nm":"Group 1","np":4,"cix":2,"bm":0,"ix":1,"mn":"ADBE Vector Group","hd":false},{"ty":"gr","it":[{"ind":0,"ty":"sh","ix":1,"ks":{"a":0,"k":{"i":[[0,0],[0,0]],"o":[[0,0],[0,0]],"v":[[-13.971,-13.971],[13.971,13.971]],"c":false},"ix":2},"nm":"Path 1","mn":"ADBE Vector Shape - Group","hd":false},{"ty":"tm","s":{"a":0,"k":0,"ix":1},"e":{"a":1,"k":[{"i":{"x":[0],"y":[1]},"o":{"x":[0.2],"y":[0]},"t":0,"s":[100]},{"i":{"x":[0.265],"y":[1]},"o":{"x":[0.167],"y":[0]},"t":20,"s":[60]},{"i":{"x":[0.757],"y":[1]},"o":{"x":[0.167],"y":[0]},"t":26,"s":[0]},{"i":{"x":[0.256],"y":[1]},"o":{"x":[0.243],"y":[0]},"t":219,"s":[0]},{"t":232,"s":[100]}],"ix":2},"o":{"a":0,"k":0,"ix":3},"m":1,"ix":2,"nm":"Trim Paths 1","mn":"ADBE Vector Filter - Trim","hd":false},{"ty":"st","c":{"a":0,"k":[0.345098039216,0.337254901961,1,1],"ix":3},"o":{"a":0,"k":100,"ix":4},"w":{"a":0,"k":23,"ix":5},"lc":1,"lj":1,"ml":10,"bm":0,"nm":"Stroke 1","mn":"ADBE Vector Graphic - Stroke","hd":false},{"ty":"fl","c":{"a":0,"k":[0.345098039216,0.337254901961,1,1],"ix":4},"o":{"a":0,"k":100,"ix":5},"r":1,"bm":0,"nm":"Fill 1","mn":"ADBE Vector Graphic - Fill","hd":false},{"ty":"tr","p":{"a":0,"k":[673.492,951.511],"ix":2},"a":{"a":0,"k":[0,0],"ix":1},"s":{"a":0,"k":[100,100],"ix":3},"r":{"a":0,"k":0,"ix":6},"o":{"a":0,"k":100,"ix":7},"sk":{"a":0,"k":0,"ix":4},"sa":{"a":0,"k":0,"ix":5},"nm":"Transform"}],"nm":"Group 2","np":4,"cix":2,"bm":0,"ix":2,"mn":"ADBE Vector Group","hd":false},{"ty":"gr","it":[{"ind":0,"ty":"sh","ix":1,"ks":{"a":0,"k":{"i":[[0,0],[0,0]],"o":[[0,0],[0,0]],"v":[[-9.168,-17.502],[9.167,17.502]],"c":false},"ix":2},"nm":"Path 1","mn":"ADBE Vector Shape - Group","hd":false},{"ty":"tm","s":{"a":0,"k":0,"ix":1},"e":{"a":1,"k":[{"i":{"x":[0],"y":[1]},"o":{"x":[0.2],"y":[0]},"t":0,"s":[100]},{"i":{"x":[0.265],"y":[1]},"o":{"x":[0.167],"y":[0]},"t":20,"s":[60]},{"i":{"x":[0.757],"y":[1]},"o":{"x":[0.167],"y":[0]},"t":26,"s":[0]},{"i":{"x":[0.256],"y":[1]},"o":{"x":[0.243],"y":[0]},"t":216,"s":[0]},{"t":229,"s":[100]}],"ix":2},"o":{"a":0,"k":0,"ix":3},"m":1,"ix":2,"nm":"Trim Paths 1","mn":"ADBE Vector Filter - Trim","hd":false},{"ty":"st","c":{"a":0,"k":[0.345098039216,0.337254901961,1,1],"ix":3},"o":{"a":0,"k":100,"ix":4},"w":{"a":0,"k":23,"ix":5},"lc":1,"lj":1,"ml":10,"bm":0,"nm":"Stroke 1","mn":"ADBE Vector Graphic - Stroke","hd":false},{"ty":"fl","c":{"a":0,"k":[0.345098039216,0.337254901961,1,1],"ix":4},"o":{"a":0,"k":100,"ix":5},"r":1,"bm":0,"nm":"Fill 1","mn":"ADBE Vector Graphic - Fill","hd":false},{"ty":"tr","p":{"a":0,"k":[606.303,1007.959],"ix":2},"a":{"a":0,"k":[0,0],"ix":1},"s":{"a":0,"k":[100,100],"ix":3},"r":{"a":0,"k":0,"ix":6},"o":{"a":0,"k":100,"ix":7},"sk":{"a":0,"k":0,"ix":4},"sa":{"a":0,"k":0,"ix":5},"nm":"Transform"}],"nm":"Group 3","np":4,"cix":2,"bm":0,"ix":3,"mn":"ADBE Vector Group","hd":false},{"ty":"gr","it":[{"ind":0,"ty":"sh","ix":1,"ks":{"a":0,"k":{"i":[[0,0],[0,0]],"o":[[0,0],[0,0]],"v":[[9.168,-17.502],[-9.167,17.502]],"c":false},"ix":2},"nm":"Path 1","mn":"ADBE Vector Shape - Group","hd":false},{"ty":"st","c":{"a":0,"k":[0.345098039216,0.337254901961,1,1],"ix":3},"o":{"a":0,"k":100,"ix":4},"w":{"a":0,"k":23,"ix":5},"lc":1,"lj":1,"ml":10,"bm":0,"nm":"Stroke 1","mn":"ADBE Vector Graphic - Stroke","hd":false},{"ty":"fl","c":{"a":0,"k":[0.345098039216,0.337254901961,1,1],"ix":4},"o":{"a":0,"k":100,"ix":5},"r":1,"bm":0,"nm":"Fill 1","mn":"ADBE Vector Graphic - Fill","hd":false},{"ty":"tm","s":{"a":0,"k":0,"ix":1},"e":{"a":1,"k":[{"i":{"x":[0],"y":[1]},"o":{"x":[0.2],"y":[0]},"t":0,"s":[100]},{"i":{"x":[0.265],"y":[1]},"o":{"x":[0.167],"y":[0]},"t":20,"s":[60]},{"i":{"x":[0.757],"y":[1]},"o":{"x":[0.167],"y":[0]},"t":26,"s":[0]},{"i":{"x":[0.256],"y":[1]},"o":{"x":[0.243],"y":[0]},"t":216,"s":[0]},{"t":229,"s":[100]}],"ix":2},"o":{"a":0,"k":0,"ix":3},"m":1,"ix":4,"nm":"Trim Paths 2","mn":"ADBE Vector Filter - Trim","hd":false},{"ty":"tr","p":{"a":0,"k":[457.239,1007.988],"ix":2},"a":{"a":0,"k":[0,0],"ix":1},"s":{"a":0,"k":[100,100],"ix":3},"r":{"a":0,"k":0,"ix":6},"o":{"a":0,"k":100,"ix":7},"sk":{"a":0,"k":0,"ix":4},"sa":{"a":0,"k":0,"ix":5},"nm":"Transform"}],"nm":"Group 4","np":4,"cix":2,"bm":0,"ix":4,"mn":"ADBE Vector Group","hd":false},{"ty":"gr","it":[{"ind":0,"ty":"sh","ix":1,"ks":{"a":0,"k":{"i":[[0,0],[0,0]],"o":[[0,0],[0,0]],"v":[[531.989,1006.424],[531.989,1045.938]],"c":false},"ix":2},"nm":"Path 1","mn":"ADBE Vector Shape - Group","hd":false},{"ty":"st","c":{"a":0,"k":[0.345098039216,0.337254901961,1,1],"ix":3},"o":{"a":0,"k":100,"ix":4},"w":{"a":0,"k":23,"ix":5},"lc":1,"lj":1,"ml":10,"bm":0,"nm":"Stroke 1","mn":"ADBE Vector Graphic - Stroke","hd":false},{"ty":"tm","s":{"a":0,"k":0,"ix":1},"e":{"a":1,"k":[{"i":{"x":[0],"y":[1]},"o":{"x":[0.2],"y":[0]},"t":0,"s":[100]},{"i":{"x":[0.265],"y":[1]},"o":{"x":[0.167],"y":[0]},"t":20,"s":[60]},{"i":{"x":[0.757],"y":[1]},"o":{"x":[0.167],"y":[0]},"t":26,"s":[0]},{"i":{"x":[0.256],"y":[1]},"o":{"x":[0.243],"y":[0]},"t":213,"s":[0]},{"t":226,"s":[100]}],"ix":2},"o":{"a":0,"k":0,"ix":3},"m":1,"ix":3,"nm":"Trim Paths 2","mn":"ADBE Vector Filter - Trim","hd":false},{"ty":"tr","p":{"a":0,"k":[0,0],"ix":2},"a":{"a":0,"k":[0,0],"ix":1},"s":{"a":0,"k":[100,100],"ix":3},"r":{"a":0,"k":0,"ix":6},"o":{"a":0,"k":100,"ix":7},"sk":{"a":0,"k":0,"ix":4},"sa":{"a":0,"k":0,"ix":5},"nm":"Transform"}],"nm":"Group 5","np":3,"cix":2,"bm":0,"ix":5,"mn":"ADBE Vector Group","hd":false}],"ip":0,"op":280,"st":0,"ct":1,"bm":0},{"ddd":0,"ind":16,"ty":4,"nm":".hitbox","cl":"hitbox","sr":1,"ks":{"o":{"a":0,"k":100,"ix":11},"r":{"a":0,"k":0,"ix":10},"p":{"a":0,"k":[540,540,0],"ix":2,"l":2},"a":{"a":0,"k":[0,0,0],"ix":1,"l":2},"s":{"a":0,"k":[120.814,120.814,100],"ix":6,"l":2}},"ao":0,"shapes":[{"ty":"gr","it":[{"d":1,"ty":"el","s":{"a":0,"k":[1080,1080],"ix":2},"p":{"a":0,"k":[0,0],"ix":3},"nm":"Ellipse Path 1","mn":"ADBE Vector Shape - Ellipse","hd":false},{"ty":"fl","c":{"a":0,"k":[0.931110097848,0.930284926471,1,1],"ix":4},"o":{"a":0,"k":100,"ix":5},"r":1,"bm":0,"nm":"Fill 1","mn":"ADBE Vector Graphic - Fill","hd":false},{"ty":"tr","p":{"a":0,"k":[0,0],"ix":2},"a":{"a":0,"k":[0,0],"ix":1},"s":{"a":0,"k":[38.807,38.807],"ix":3},"r":{"a":0,"k":0,"ix":6},"o":{"a":0,"k":100,"ix":7},"sk":{"a":0,"k":0,"ix":4},"sa":{"a":0,"k":0,"ix":5},"nm":"Transform"}],"nm":"Ellipse 1","np":3,"cix":2,"bm":0,"ix":1,"mn":"ADBE Vector Group","hd":false}],"ip":0,"op":256,"st":1,"ct":1,"bm":0}],"markers":[{"tm":0,"cm":"open-start","dr":0},{"tm":183,"cm":"open-end","dr":0},{"tm":201,"cm":"close-start","dr":0},{"tm":230,"cm":"close-end","dr":0}],"props":{}}