{"v":"5.12.1","fr":60,"ip":0,"op":92,"w":1080,"h":1080,"nm":"Standard","ddd":0,"assets":[],"layers":[{"ddd":0,"ind":1,"ty":4,"nm":".pupille-fill.noclick","cl":"pupille-fill noclick","sr":1,"ks":{"o":{"a":0,"k":100,"ix":11},"r":{"a":0,"k":0,"ix":10},"p":{"a":0,"k":[540,540,0],"ix":2,"l":2},"a":{"a":0,"k":[545.954,800.812,0],"ix":1,"l":2},"s":{"a":1,"k":[{"i":{"x":[0.667,0.667,0.667],"y":[1,1,1]},"o":{"x":[0.643,0.643,0.333],"y":[0,0,0]},"t":3,"s":[0,0,100]},{"i":{"x":[0.667,0.667,0.667],"y":[1,1,1]},"o":{"x":[0.624,0.624,0.333],"y":[0,0,0]},"t":11.5,"s":[80,80,100]},{"i":{"x":[0.667,0.667,0.667],"y":[1,1,1]},"o":{"x":[0.167,0.167,0.167],"y":[0,0,0]},"t":20,"s":[60,60,100]},{"i":{"x":[0.376,0.376,0.667],"y":[1,1,1]},"o":{"x":[0.333,0.333,0.333],"y":[0,0,0]},"t":34.5,"s":[60,60,100]},{"i":{"x":[0.357,0.357,0.667],"y":[1,1,1]},"o":{"x":[0.333,0.333,0.333],"y":[0,0,0]},"t":43,"s":[80,80,100]},{"t":51.5,"s":[0,0,100]}],"ix":6,"l":2}},"ao":0,"shapes":[{"ty":"gr","it":[{"ind":0,"ty":"sh","ix":1,"ks":{"a":0,"k":{"i":[[0,-46.434],[46.434,0],[0,46.481],[-46.481,0]],"o":[[0,46.481],[-46.481,0],[0,-46.434],[46.434,0]],"v":[[84.167,-0.024],[0.023,84.167],[-84.168,-0.024],[0.023,-84.168]],"c":true},"ix":2},"nm":"Path 1","mn":"ADBE Vector Shape - Group","hd":false},{"ty":"fl","c":{"a":0,"k":[0.345098039216,0.337254901961,1,1],"ix":4},"o":{"a":0,"k":100,"ix":5},"r":1,"bm":0,"nm":"Fill 1","mn":"ADBE Vector Graphic - Fill","hd":false},{"ty":"tr","p":{"a":0,"k":[545.954,800.812],"ix":2},"a":{"a":0,"k":[0,0],"ix":1},"s":{"a":0,"k":[100,100],"ix":3},"r":{"a":0,"k":0,"ix":6},"o":{"a":0,"k":100,"ix":7},"sk":{"a":0,"k":0,"ix":4},"sa":{"a":0,"k":0,"ix":5},"nm":"Transform"}],"nm":"Group 2","np":2,"cix":2,"bm":0,"ix":1,"mn":"ADBE Vector Group","hd":false}],"ip":0,"op":86,"st":-6,"ct":1,"bm":0},{"ddd":0,"ind":2,"ty":4,"nm":".eye-fill.noclick","cl":"eye-fill noclick","sr":1,"ks":{"o":{"a":0,"k":100,"ix":11},"r":{"a":0,"k":0,"ix":10},"p":{"a":0,"k":[540,540,0],"ix":2,"l":2},"a":{"a":0,"k":[540,815.559,0],"ix":1,"l":2},"s":{"a":1,"k":[{"i":{"x":[0.842,0.842,0.667],"y":[1,1,1]},"o":{"x":[0.165,0.165,0.333],"y":[0,0,0]},"t":2,"s":[60,60,100]},{"i":{"x":[0.842,0.842,0.667],"y":[1,1,1]},"o":{"x":[0.165,0.165,0.333],"y":[0,0,0]},"t":9,"s":[68,68,100]},{"i":{"x":[0.842,0.842,0.667],"y":[1,1,1]},"o":{"x":[0.167,0.167,0.167],"y":[0,0,0]},"t":17,"s":[60,60,100]},{"i":{"x":[0.835,0.835,0.667],"y":[1,1,1]},"o":{"x":[0.158,0.158,0.333],"y":[0,0,0]},"t":38,"s":[60,60,100]},{"i":{"x":[0.835,0.835,0.667],"y":[1,1,1]},"o":{"x":[0.158,0.158,0.333],"y":[0,0,0]},"t":45,"s":[68,68,100]},{"t":53,"s":[60,60,100]}],"ix":6,"l":2}},"ao":0,"shapes":[{"ty":"gr","it":[{"ind":0,"ty":"sh","ix":1,"ks":{"a":0,"k":{"i":[[59.353,0],[45.285,-45.285],[0,0],[0,0],[-59.353,0],[-45.286,45.285],[0,0],[0,0]],"o":[[-59.353,0],[0,0],[0,0],[45.285,45.285],[59.353,0],[0,0],[0,0],[-45.286,-45.285]],"v":[[0,-210.872],[-163.992,-142.944],[-306.937,0],[-163.992,142.944],[0,210.872],[163.992,142.944],[306.937,0],[163.992,-142.944]],"c":true},"ix":2},"nm":"Path 1","mn":"ADBE Vector Shape - Group","hd":false},{"ind":1,"ty":"sh","ix":2,"ks":{"a":1,"k":[{"i":{"x":0.073,"y":1},"o":{"x":0.355,"y":0},"t":1,"s":[{"i":[[-51.925,0],[-36.717,-36.717],[0,0],[0,0],[51.925,0],[36.716,36.717],[0,0],[0,0]],"o":[[51.925,0],[0,0],[0,0],[-36.717,36.717],[-51.925,0],[0,0],[0,0],[36.716,-36.717]],"v":[[0,-173.35],[137.459,-116.412],[253.872,0],[137.459,116.412],[0,173.35],[-137.458,116.412],[-253.872,0],[-137.458,-116.412]],"c":true}]},{"i":{"x":0.073,"y":1},"o":{"x":0.167,"y":0},"t":20,"s":[{"i":[[-39.485,-0.014],[-25.866,-25.866],[0.014,-39.485],[25.873,-25.873],[39.485,0.021],[25.866,25.866],[-0.014,39.478],[-25.866,25.866]],"o":[[39.485,0.014],[25.866,25.866],[-0.014,39.485],[-25.866,25.866],[-39.478,-0.021],[-25.866,-25.866],[0.014,-39.485],[25.873,-25.873]],"v":[[0.961,-143.406],[102.049,-101.517],[143.938,-0.429],[102.049,100.659],[0.961,142.548],[-100.127,100.659],[-142.016,-0.429],[-100.127,-101.517]],"c":true}]},{"i":{"x":0.645,"y":1},"o":{"x":0.927,"y":0},"t":34,"s":[{"i":[[-39.485,-0.014],[-25.866,-25.866],[0.014,-39.485],[25.873,-25.873],[39.485,0.021],[25.866,25.866],[-0.014,39.478],[-25.866,25.866]],"o":[[39.485,0.014],[25.866,25.866],[-0.014,39.485],[-25.866,25.866],[-39.478,-0.021],[-25.866,-25.866],[0.014,-39.485],[25.873,-25.873]],"v":[[0.961,-143.406],[102.049,-101.517],[143.938,-0.429],[102.049,100.659],[0.961,142.548],[-100.127,100.659],[-142.016,-0.429],[-100.127,-101.517]],"c":true}]},{"t":53,"s":[{"i":[[-51.925,0],[-36.717,-36.717],[0,0],[0,0],[51.925,0],[36.716,36.717],[0,0],[0,0]],"o":[[51.925,0],[0,0],[0,0],[-36.717,36.717],[-51.925,0],[0,0],[0,0],[36.716,-36.717]],"v":[[0,-173.35],[137.459,-116.412],[253.872,0],[137.459,116.412],[0,173.35],[-137.458,116.412],[-253.872,0],[-137.458,-116.412]],"c":true}]}],"ix":2},"nm":"Path 2","mn":"ADBE Vector Shape - Group","hd":false},{"ty":"mm","mm":1,"nm":"Merge Paths 1","mn":"ADBE Vector Filter - Merge","hd":false},{"ty":"fl","c":{"a":0,"k":[0.345098039216,0.337254901961,1,1],"ix":4},"o":{"a":0,"k":100,"ix":5},"r":1,"bm":0,"nm":"Fill 1","mn":"ADBE Vector Graphic - Fill","hd":false},{"ty":"tr","p":{"a":0,"k":[540,815.559],"ix":2},"a":{"a":0,"k":[0,0],"ix":1},"s":{"a":0,"k":[100,100],"ix":3},"r":{"a":0,"k":0,"ix":6},"o":{"a":0,"k":100,"ix":7},"sk":{"a":0,"k":0,"ix":4},"sa":{"a":0,"k":0,"ix":5},"nm":"Transform"}],"nm":"Group 1","np":4,"cix":2,"bm":0,"ix":1,"mn":"ADBE Vector Group","hd":false}],"ip":0,"op":93,"st":1,"ct":1,"bm":0},{"ddd":0,"ind":3,"ty":4,"nm":".cilles.noclick","cl":"cilles noclick","sr":1,"ks":{"o":{"a":0,"k":100,"ix":11},"r":{"a":0,"k":0,"ix":10},"p":{"a":0,"k":[540,540,0],"ix":2,"l":2},"a":{"a":0,"k":[531.714,887.699,0],"ix":1,"l":2},"s":{"a":1,"k":[{"i":{"x":[0.842,0.842,0.667],"y":[1,1,1]},"o":{"x":[0.165,0.165,0.333],"y":[0,0,0]},"t":2,"s":[103,103,100]},{"i":{"x":[0.842,0.842,0.667],"y":[1,1,1]},"o":{"x":[0.165,0.165,0.333],"y":[0,0,0]},"t":9,"s":[116,116,100]},{"i":{"x":[0.842,0.842,0.667],"y":[1,1,1]},"o":{"x":[0.167,0.167,0.167],"y":[0,0,0]},"t":17,"s":[103,103,100]},{"i":{"x":[0.835,0.835,0.667],"y":[1,1,1]},"o":{"x":[0.158,0.158,0.333],"y":[0,0,0]},"t":38,"s":[103,103,100]},{"i":{"x":[0.835,0.835,0.667],"y":[1,1,1]},"o":{"x":[0.158,0.158,0.333],"y":[0,0,0]},"t":45,"s":[116,116,100]},{"t":53,"s":[103,103,100]}],"ix":6,"l":2}},"ao":0,"shapes":[{"ty":"gr","it":[{"ind":0,"ty":"sh","ix":1,"ks":{"a":0,"k":{"i":[[0,0],[0,0]],"o":[[0,0],[0,0]],"v":[[13.971,-13.971],[-13.971,13.971]],"c":false},"ix":2},"nm":"Path 1","mn":"ADBE Vector Shape - Group","hd":false},{"ty":"tm","s":{"a":0,"k":0,"ix":1},"e":{"a":1,"k":[{"i":{"x":[0.757],"y":[1]},"o":{"x":[0.744],"y":[0]},"t":2,"s":[100]},{"i":{"x":[0.757],"y":[1]},"o":{"x":[0.333],"y":[0]},"t":15,"s":[0]},{"i":{"x":[0.256],"y":[1]},"o":{"x":[0.243],"y":[0]},"t":41,"s":[0]},{"t":54,"s":[100]}],"ix":2},"o":{"a":0,"k":0,"ix":3},"m":1,"ix":2,"nm":"Trim Paths 1","mn":"ADBE Vector Filter - Trim","hd":false},{"ty":"st","c":{"a":0,"k":[0.345098039216,0.337254901961,1,1],"ix":3},"o":{"a":0,"k":100,"ix":4},"w":{"a":0,"k":23,"ix":5},"lc":1,"lj":1,"ml":10,"bm":0,"nm":"Stroke 1","mn":"ADBE Vector Graphic - Stroke","hd":false},{"ty":"fl","c":{"a":0,"k":[0.345098039216,0.337254901961,1,1],"ix":4},"o":{"a":0,"k":100,"ix":5},"r":1,"bm":0,"nm":"Fill 1","mn":"ADBE Vector Graphic - Fill","hd":false},{"ty":"tr","p":{"a":0,"k":[389.936,951.511],"ix":2},"a":{"a":0,"k":[0,0],"ix":1},"s":{"a":0,"k":[100,100],"ix":3},"r":{"a":0,"k":0,"ix":6},"o":{"a":0,"k":100,"ix":7},"sk":{"a":0,"k":0,"ix":4},"sa":{"a":0,"k":0,"ix":5},"nm":"Transform"}],"nm":"Group 1","np":4,"cix":2,"bm":0,"ix":1,"mn":"ADBE Vector Group","hd":false},{"ty":"gr","it":[{"ind":0,"ty":"sh","ix":1,"ks":{"a":0,"k":{"i":[[0,0],[0,0]],"o":[[0,0],[0,0]],"v":[[-13.971,-13.971],[13.971,13.971]],"c":false},"ix":2},"nm":"Path 1","mn":"ADBE Vector Shape - Group","hd":false},{"ty":"tm","s":{"a":0,"k":0,"ix":1},"e":{"a":1,"k":[{"i":{"x":[0.757],"y":[1]},"o":{"x":[0.744],"y":[0]},"t":2,"s":[100]},{"i":{"x":[0.757],"y":[1]},"o":{"x":[0.333],"y":[0]},"t":15,"s":[0]},{"i":{"x":[0.256],"y":[1]},"o":{"x":[0.243],"y":[0]},"t":41,"s":[0]},{"t":54,"s":[100]}],"ix":2},"o":{"a":0,"k":0,"ix":3},"m":1,"ix":2,"nm":"Trim Paths 1","mn":"ADBE Vector Filter - Trim","hd":false},{"ty":"st","c":{"a":0,"k":[0.345098039216,0.337254901961,1,1],"ix":3},"o":{"a":0,"k":100,"ix":4},"w":{"a":0,"k":23,"ix":5},"lc":1,"lj":1,"ml":10,"bm":0,"nm":"Stroke 1","mn":"ADBE Vector Graphic - Stroke","hd":false},{"ty":"fl","c":{"a":0,"k":[0.345098039216,0.337254901961,1,1],"ix":4},"o":{"a":0,"k":100,"ix":5},"r":1,"bm":0,"nm":"Fill 1","mn":"ADBE Vector Graphic - Fill","hd":false},{"ty":"tr","p":{"a":0,"k":[673.492,951.511],"ix":2},"a":{"a":0,"k":[0,0],"ix":1},"s":{"a":0,"k":[100,100],"ix":3},"r":{"a":0,"k":0,"ix":6},"o":{"a":0,"k":100,"ix":7},"sk":{"a":0,"k":0,"ix":4},"sa":{"a":0,"k":0,"ix":5},"nm":"Transform"}],"nm":"Group 2","np":4,"cix":2,"bm":0,"ix":2,"mn":"ADBE Vector Group","hd":false},{"ty":"gr","it":[{"ind":0,"ty":"sh","ix":1,"ks":{"a":0,"k":{"i":[[0,0],[0,0]],"o":[[0,0],[0,0]],"v":[[-9.168,-17.502],[9.167,17.502]],"c":false},"ix":2},"nm":"Path 1","mn":"ADBE Vector Shape - Group","hd":false},{"ty":"tm","s":{"a":0,"k":0,"ix":1},"e":{"a":1,"k":[{"i":{"x":[0.757],"y":[1]},"o":{"x":[0.744],"y":[0]},"t":5,"s":[100]},{"i":{"x":[0.757],"y":[1]},"o":{"x":[0.167],"y":[0]},"t":18,"s":[0]},{"i":{"x":[0.256],"y":[1]},"o":{"x":[0.243],"y":[0]},"t":38,"s":[0]},{"t":51,"s":[100]}],"ix":2},"o":{"a":0,"k":0,"ix":3},"m":1,"ix":2,"nm":"Trim Paths 1","mn":"ADBE Vector Filter - Trim","hd":false},{"ty":"st","c":{"a":0,"k":[0.345098039216,0.337254901961,1,1],"ix":3},"o":{"a":0,"k":100,"ix":4},"w":{"a":0,"k":23,"ix":5},"lc":1,"lj":1,"ml":10,"bm":0,"nm":"Stroke 1","mn":"ADBE Vector Graphic - Stroke","hd":false},{"ty":"fl","c":{"a":0,"k":[0.345098039216,0.337254901961,1,1],"ix":4},"o":{"a":0,"k":100,"ix":5},"r":1,"bm":0,"nm":"Fill 1","mn":"ADBE Vector Graphic - Fill","hd":false},{"ty":"tr","p":{"a":0,"k":[606.303,1007.959],"ix":2},"a":{"a":0,"k":[0,0],"ix":1},"s":{"a":0,"k":[100,100],"ix":3},"r":{"a":0,"k":0,"ix":6},"o":{"a":0,"k":100,"ix":7},"sk":{"a":0,"k":0,"ix":4},"sa":{"a":0,"k":0,"ix":5},"nm":"Transform"}],"nm":"Group 3","np":4,"cix":2,"bm":0,"ix":3,"mn":"ADBE Vector Group","hd":false},{"ty":"gr","it":[{"ind":0,"ty":"sh","ix":1,"ks":{"a":0,"k":{"i":[[0,0],[0,0]],"o":[[0,0],[0,0]],"v":[[9.168,-17.502],[-9.167,17.502]],"c":false},"ix":2},"nm":"Path 1","mn":"ADBE Vector Shape - Group","hd":false},{"ty":"st","c":{"a":0,"k":[0.345098039216,0.337254901961,1,1],"ix":3},"o":{"a":0,"k":100,"ix":4},"w":{"a":0,"k":23,"ix":5},"lc":1,"lj":1,"ml":10,"bm":0,"nm":"Stroke 1","mn":"ADBE Vector Graphic - Stroke","hd":false},{"ty":"fl","c":{"a":0,"k":[0.345098039216,0.337254901961,1,1],"ix":4},"o":{"a":0,"k":100,"ix":5},"r":1,"bm":0,"nm":"Fill 1","mn":"ADBE Vector Graphic - Fill","hd":false},{"ty":"tm","s":{"a":0,"k":0,"ix":1},"e":{"a":1,"k":[{"i":{"x":[0.757],"y":[1]},"o":{"x":[0.744],"y":[0]},"t":5,"s":[100]},{"i":{"x":[0.757],"y":[1]},"o":{"x":[0.167],"y":[0]},"t":18,"s":[0]},{"i":{"x":[0.256],"y":[1]},"o":{"x":[0.243],"y":[0]},"t":38,"s":[0]},{"t":51,"s":[100]}],"ix":2},"o":{"a":0,"k":0,"ix":3},"m":1,"ix":4,"nm":"Trim Paths 2","mn":"ADBE Vector Filter - Trim","hd":false},{"ty":"tr","p":{"a":0,"k":[457.239,1007.988],"ix":2},"a":{"a":0,"k":[0,0],"ix":1},"s":{"a":0,"k":[100,100],"ix":3},"r":{"a":0,"k":0,"ix":6},"o":{"a":0,"k":100,"ix":7},"sk":{"a":0,"k":0,"ix":4},"sa":{"a":0,"k":0,"ix":5},"nm":"Transform"}],"nm":"Group 4","np":4,"cix":2,"bm":0,"ix":4,"mn":"ADBE Vector Group","hd":false},{"ty":"gr","it":[{"ind":0,"ty":"sh","ix":1,"ks":{"a":0,"k":{"i":[[0,0],[0,0]],"o":[[0,0],[0,0]],"v":[[531.989,1006.424],[531.989,1045.938]],"c":false},"ix":2},"nm":"Path 1","mn":"ADBE Vector Shape - Group","hd":false},{"ty":"st","c":{"a":0,"k":[0.345098039216,0.337254901961,1,1],"ix":3},"o":{"a":0,"k":100,"ix":4},"w":{"a":0,"k":23,"ix":5},"lc":1,"lj":1,"ml":10,"bm":0,"nm":"Stroke 1","mn":"ADBE Vector Graphic - Stroke","hd":false},{"ty":"tm","s":{"a":0,"k":0,"ix":1},"e":{"a":1,"k":[{"i":{"x":[0.757],"y":[1]},"o":{"x":[0.744],"y":[0]},"t":8,"s":[100]},{"i":{"x":[0.757],"y":[1]},"o":{"x":[0.167],"y":[0]},"t":21,"s":[0]},{"i":{"x":[0.256],"y":[1]},"o":{"x":[0.243],"y":[0]},"t":35,"s":[0]},{"t":48,"s":[100]}],"ix":2},"o":{"a":0,"k":0,"ix":3},"m":1,"ix":3,"nm":"Trim Paths 2","mn":"ADBE Vector Filter - Trim","hd":false},{"ty":"tr","p":{"a":0,"k":[0,0],"ix":2},"a":{"a":0,"k":[0,0],"ix":1},"s":{"a":0,"k":[100,100],"ix":3},"r":{"a":0,"k":0,"ix":6},"o":{"a":0,"k":100,"ix":7},"sk":{"a":0,"k":0,"ix":4},"sa":{"a":0,"k":0,"ix":5},"nm":"Transform"}],"nm":"Group 5","np":3,"cix":2,"bm":0,"ix":5,"mn":"ADBE Vector Group","hd":false}],"ip":0,"op":92,"st":0,"ct":1,"bm":0},{"ddd":0,"ind":4,"ty":4,"nm":".hitbox","cl":"hitbox","sr":1,"ks":{"o":{"a":0,"k":100,"ix":11},"r":{"a":0,"k":0,"ix":10},"p":{"a":0,"k":[540,540,0],"ix":2,"l":2},"a":{"a":0,"k":[0,0,0],"ix":1,"l":2},"s":{"a":0,"k":[120.814,120.814,100],"ix":6,"l":2}},"ao":0,"shapes":[{"ty":"gr","it":[{"d":1,"ty":"el","s":{"a":0,"k":[1080,1080],"ix":2},"p":{"a":0,"k":[0,0],"ix":3},"nm":"Ellipse Path 1","mn":"ADBE Vector Shape - Ellipse","hd":false},{"ty":"fl","c":{"a":0,"k":[0.931110097848,0.930284926471,1,1],"ix":4},"o":{"a":0,"k":100,"ix":5},"r":1,"bm":0,"nm":"Fill 1","mn":"ADBE Vector Graphic - Fill","hd":false},{"ty":"tr","p":{"a":0,"k":[0,0],"ix":2},"a":{"a":0,"k":[0,0],"ix":1},"s":{"a":0,"k":[38.807,38.807],"ix":3},"r":{"a":0,"k":0,"ix":6},"o":{"a":0,"k":100,"ix":7},"sk":{"a":0,"k":0,"ix":4},"sa":{"a":0,"k":0,"ix":5},"nm":"Transform"}],"nm":"Ellipse 1","np":3,"cix":2,"bm":0,"ix":1,"mn":"ADBE Vector Group","hd":false}],"ip":0,"op":93,"st":1,"ct":1,"bm":0}],"markers":[{"tm":2,"cm":"open-start","dr":0},{"tm":21,"cm":"open-end","dr":0},{"tm":35,"cm":"close-start","dr":0},{"tm":54,"cm":"close-end","dr":0}],"props":{}}