{"v":"5.12.1","fr":35,"ip":0,"op":151,"w":820,"h":820,"nm":"final01","ddd":0,"assets":[],"layers":[{"ddd":0,"ind":1,"ty":4,"nm":"Shape Layer 2","tt":1,"tp":2,"sr":1,"ks":{"o":{"a":0,"k":100,"ix":11},"r":{"a":0,"k":0,"ix":10},"p":{"a":0,"k":[410,410,0],"ix":2,"l":2},"a":{"a":0,"k":[0,0,0],"ix":1,"l":2},"s":{"a":0,"k":[55,55,100],"ix":6,"l":2}},"ao":0,"shapes":[{"ty":"gr","it":[{"ty":"rc","d":1,"s":{"a":0,"k":[820,820],"ix":2},"p":{"a":0,"k":[0,0],"ix":3},"r":{"a":0,"k":0,"ix":4},"nm":"Rectangle Path 1","mn":"ADBE Vector Shape - Rect","hd":false},{"ty":"fl","c":{"a":0,"k":[1,0,0.968627510819,1],"ix":4},"o":{"a":0,"k":100,"ix":5},"r":1,"bm":0,"nm":"Fill 1","mn":"ADBE Vector Graphic - Fill","hd":false},{"ty":"tr","p":{"a":0,"k":[0,0],"ix":2},"a":{"a":0,"k":[0,0],"ix":1},"s":{"a":0,"k":[100,100],"ix":3},"r":{"a":0,"k":0,"ix":6},"o":{"a":0,"k":100,"ix":7},"sk":{"a":0,"k":0,"ix":4},"sa":{"a":0,"k":0,"ix":5},"nm":"Transform"}],"nm":"Rectangle 1","np":3,"cix":2,"bm":0,"ix":1,"mn":"ADBE Vector Group","hd":false}],"ip":0,"op":350,"st":0,"ct":1,"bm":0},{"ddd":0,"ind":2,"ty":4,"nm":"Calque 2 Outlines 2","td":1,"sr":1,"ks":{"o":{"a":0,"k":100,"ix":11},"r":{"a":0,"k":0,"ix":10},"p":{"a":1,"k":[{"i":{"x":0.638,"y":1},"o":{"x":0.707,"y":0},"t":74,"s":[410.945,-10.4,0],"to":[0,0,0],"ti":[0,0,0]},{"i":{"x":0.638,"y":1},"o":{"x":0.167,"y":0},"t":109,"s":[410.945,452.6,0],"to":[0,0,0],"ti":[0,0,0]},{"t":119,"s":[410.945,405.6,0]}],"ix":2,"l":2},"a":{"a":0,"k":[420.945,297.638,0],"ix":1,"l":2},"s":{"a":0,"k":[108,108,100],"ix":6,"l":2}},"ao":0,"shapes":[{"ty":"gr","it":[{"ind":0,"ty":"sh","ix":1,"ks":{"a":0,"k":{"i":[[4.206,5.086],[0,0],[5.086,-4.206],[0,0],[0,0],[6.6,0],[0,0],[0,-6.6],[0,0],[0,0],[4.206,-5.086],[0,0],[-5.087,-4.206],[0,0],[-2.715,0.014],[-2.243,1.856],[0,0]],"o":[[0,0],[-4.206,-5.086],[0,0],[0,0],[0,-6.6],[0,0],[-6.6,0],[0,0],[0,0],[-5.087,-4.206],[0,0],[-4.206,5.086],[0,0],[2.244,1.856],[2.716,0.014],[0,0],[5.086,-4.206]],"v":[[101.476,32.287],[98.392,28.557],[81.497,26.957],[13.855,83.147],[13.814,-116.164],[1.814,-128.164],[-4.91,-128.164],[-16.91,-116.164],[-15.077,83.147],[-81.496,26.957],[-98.391,28.557],[-101.476,32.287],[-99.875,49.182],[-7.692,125.414],[0,128.15],[7.692,125.414],[99.876,49.182]],"c":true},"ix":2},"nm":"Path 1","mn":"ADBE Vector Shape - Group","hd":false},{"ty":"fl","c":{"a":0,"k":[1,0,0.968627510819,1],"ix":4},"o":{"a":0,"k":100,"ix":5},"r":1,"bm":0,"nm":"Fill 1","mn":"ADBE Vector Graphic - Fill","hd":false},{"ty":"tr","p":{"a":0,"k":[430.207,304.247],"ix":2},"a":{"a":0,"k":[0,0],"ix":1},"s":{"a":0,"k":[100,100],"ix":3},"r":{"a":0,"k":0,"ix":6},"o":{"a":0,"k":100,"ix":7},"sk":{"a":0,"k":0,"ix":4},"sa":{"a":0,"k":0,"ix":5},"nm":"Transform"}],"nm":"Group 1","np":2,"cix":2,"bm":0,"ix":1,"mn":"ADBE Vector Group","hd":false}],"ip":74,"op":136,"st":74,"ct":1,"bm":0},{"ddd":0,"ind":3,"ty":4,"nm":"Shape Layer 1","tt":1,"tp":4,"sr":1,"ks":{"o":{"a":0,"k":100,"ix":11},"r":{"a":0,"k":0,"ix":10},"p":{"a":0,"k":[410,410,0],"ix":2,"l":2},"a":{"a":0,"k":[0,0,0],"ix":1,"l":2},"s":{"a":0,"k":[55,55,100],"ix":6,"l":2}},"ao":0,"shapes":[{"ty":"gr","it":[{"ty":"rc","d":1,"s":{"a":0,"k":[820,820],"ix":2},"p":{"a":0,"k":[0,0],"ix":3},"r":{"a":0,"k":0,"ix":4},"nm":"Rectangle Path 1","mn":"ADBE Vector Shape - Rect","hd":false},{"ty":"fl","c":{"a":0,"k":[1,0,0.968627510819,1],"ix":4},"o":{"a":0,"k":100,"ix":5},"r":1,"bm":0,"nm":"Fill 1","mn":"ADBE Vector Graphic - Fill","hd":false},{"ty":"tr","p":{"a":0,"k":[0,0],"ix":2},"a":{"a":0,"k":[0,0],"ix":1},"s":{"a":0,"k":[100,100],"ix":3},"r":{"a":0,"k":0,"ix":6},"o":{"a":0,"k":100,"ix":7},"sk":{"a":0,"k":0,"ix":4},"sa":{"a":0,"k":0,"ix":5},"nm":"Transform"}],"nm":"Rectangle 1","np":3,"cix":2,"bm":0,"ix":1,"mn":"ADBE Vector Group","hd":false}],"ip":0,"op":350,"st":0,"ct":1,"bm":0},{"ddd":0,"ind":4,"ty":4,"nm":"Calque 2 Outlines","td":1,"sr":1,"ks":{"o":{"a":0,"k":100,"ix":11},"r":{"a":0,"k":0,"ix":10},"p":{"a":1,"k":[{"i":{"x":0.431,"y":0.545},"o":{"x":0.346,"y":0},"t":-1,"s":[410.945,403.638,0],"to":[0,0,0],"ti":[0,0,0]},{"i":{"x":0.211,"y":1},"o":{"x":0.314,"y":0.057},"t":12,"s":[410.945,363.6,0],"to":[0,0,0],"ti":[0,0,0]},{"t":59,"s":[410.945,997.6,0],"h":1}],"ix":2,"l":2},"a":{"a":0,"k":[420.945,297.638,0],"ix":1,"l":2},"s":{"a":0,"k":[108,108,100],"ix":6,"l":2}},"ao":0,"shapes":[{"ty":"gr","it":[{"ind":0,"ty":"sh","ix":1,"ks":{"a":0,"k":{"i":[[4.206,5.086],[0,0],[5.086,-4.206],[0,0],[0,0],[6.6,0],[0,0],[0,-6.6],[0,0],[0,0],[4.206,-5.086],[0,0],[-5.087,-4.206],[0,0],[-2.715,0.014],[-2.243,1.856],[0,0]],"o":[[0,0],[-4.206,-5.086],[0,0],[0,0],[0,-6.6],[0,0],[-6.6,0],[0,0],[0,0],[-5.087,-4.206],[0,0],[-4.206,5.086],[0,0],[2.244,1.856],[2.716,0.014],[0,0],[5.086,-4.206]],"v":[[101.476,32.287],[98.392,28.557],[81.497,26.957],[13.855,83.147],[13.814,-116.164],[1.814,-128.164],[-4.91,-128.164],[-16.91,-116.164],[-15.077,83.147],[-81.496,26.957],[-98.391,28.557],[-101.476,32.287],[-99.875,49.182],[-7.692,125.414],[0,128.15],[7.692,125.414],[99.876,49.182]],"c":true},"ix":2},"nm":"Path 1","mn":"ADBE Vector Shape - Group","hd":false},{"ty":"fl","c":{"a":0,"k":[0.898613963408,0,1,1],"ix":4},"o":{"a":0,"k":100,"ix":5},"r":1,"bm":0,"nm":"Fill 1","mn":"ADBE Vector Graphic - Fill","hd":false},{"ty":"tr","p":{"a":0,"k":[430.207,304.247],"ix":2},"a":{"a":0,"k":[0,0],"ix":1},"s":{"a":0,"k":[100,100],"ix":3},"r":{"a":0,"k":0,"ix":6},"o":{"a":0,"k":100,"ix":7},"sk":{"a":0,"k":0,"ix":4},"sa":{"a":0,"k":0,"ix":5},"nm":"Transform"}],"nm":"Group 1","np":2,"cix":2,"bm":0,"ix":1,"mn":"ADBE Vector Group","hd":false}],"ip":0,"op":56,"st":0,"ct":1,"bm":0},{"ddd":0,"ind":5,"ty":4,"nm":"Calque 1 Outlines 2","sr":1,"ks":{"o":{"a":1,"k":[{"i":{"x":[0.754],"y":[1]},"o":{"x":[0.245],"y":[0]},"t":31,"s":[100]},{"t":46,"s":[0]}],"ix":11},"r":{"a":0,"k":0,"ix":10},"p":{"a":0,"k":[410.945,409.638,0],"ix":2,"l":2},"a":{"a":0,"k":[420.945,297.638,0],"ix":1,"l":2},"s":{"a":0,"k":[108,108,100],"ix":6,"l":2}},"ao":0,"shapes":[{"ty":"gr","it":[{"ind":0,"ty":"sh","ix":1,"ks":{"a":0,"k":{"i":[[0,-30.878],[0,0],[30.878,0],[0,0],[0,30.878],[0,0],[-30.878,0],[0,0]],"o":[[0,0],[0,30.878],[0,0],[-30.878,0],[0,0],[0,-30.878],[0,0],[30.878,0]],"v":[[208.164,-152.254],[208.164,152.254],[152.254,208.163],[-152.253,208.163],[-208.163,152.254],[-208.163,-152.254],[-152.253,-208.163],[152.254,-208.163]],"c":true},"ix":2},"nm":"Path 1","mn":"ADBE Vector Shape - Group","hd":false},{"ty":"st","c":{"a":0,"k":[1,0,0.968627510819,1],"ix":3},"o":{"a":0,"k":100,"ix":4},"w":{"a":0,"k":30,"ix":5},"lc":2,"lj":2,"bm":0,"nm":"Stroke 1","mn":"ADBE Vector Graphic - Stroke","hd":false},{"ty":"tr","p":{"a":0,"k":[420.461,298],"ix":2},"a":{"a":0,"k":[0,0],"ix":1},"s":{"a":0,"k":[100,100],"ix":3},"r":{"a":0,"k":0,"ix":6},"o":{"a":0,"k":100,"ix":7},"sk":{"a":0,"k":0,"ix":4},"sa":{"a":0,"k":0,"ix":5},"nm":"Transform"}],"nm":"Group 1","np":2,"cix":2,"bm":0,"ix":1,"mn":"ADBE Vector Group","hd":false}],"ip":0,"op":47,"st":0,"ct":1,"bm":0},{"ddd":0,"ind":6,"ty":4,"nm":"Calque 1 Outlines","sr":1,"ks":{"o":{"a":1,"k":[{"i":{"x":[1],"y":[1]},"o":{"x":[0.167],"y":[0]},"t":73,"s":[0]},{"t":90,"s":[100]}],"ix":11},"r":{"a":0,"k":0,"ix":10},"p":{"a":0,"k":[410.945,409.638,0],"ix":2,"l":2},"a":{"a":0,"k":[420.945,297.638,0],"ix":1,"l":2},"s":{"a":0,"k":[108,108,100],"ix":6,"l":2}},"ao":0,"shapes":[{"ty":"gr","it":[{"ind":0,"ty":"sh","ix":1,"ks":{"a":0,"k":{"i":[[0,-30.878],[0,0],[30.878,0],[0,0],[0,30.878],[0,0],[-30.878,0],[0,0]],"o":[[0,0],[0,30.878],[0,0],[-30.878,0],[0,0],[0,-30.878],[0,0],[30.878,0]],"v":[[208.164,-152.254],[208.164,152.254],[152.254,208.163],[-152.253,208.163],[-208.163,152.254],[-208.163,-152.254],[-152.253,-208.163],[152.254,-208.163]],"c":true},"ix":2},"nm":"Path 1","mn":"ADBE Vector Shape - Group","hd":false},{"ty":"st","c":{"a":0,"k":[1,0,0.968906656901,1],"ix":3},"o":{"a":0,"k":100,"ix":4},"w":{"a":0,"k":30,"ix":5},"lc":2,"lj":2,"bm":0,"nm":"Stroke 1","mn":"ADBE Vector Graphic - Stroke","hd":false},{"ty":"tr","p":{"a":0,"k":[420.461,298],"ix":2},"a":{"a":0,"k":[0,0],"ix":1},"s":{"a":0,"k":[100,100],"ix":3},"r":{"a":0,"k":0,"ix":6},"o":{"a":0,"k":100,"ix":7},"sk":{"a":0,"k":0,"ix":4},"sa":{"a":0,"k":0,"ix":5},"nm":"Transform"}],"nm":"Group 1","np":2,"cix":2,"bm":0,"ix":1,"mn":"ADBE Vector Group","hd":false}],"ip":57,"op":145,"st":57,"ct":1,"bm":0},{"ddd":0,"ind":7,"ty":4,"nm":"boutonfinalvert Outlines","sr":1,"ks":{"o":{"a":1,"k":[{"i":{"x":[0.612],"y":[0.982]},"o":{"x":[0.406],"y":[0]},"t":32,"s":[0]},{"i":{"x":[0.612],"y":[-1.076]},"o":{"x":[0.167],"y":[0]},"t":51,"s":[100]},{"i":{"x":[1],"y":[1]},"o":{"x":[0.167],"y":[0]},"t":73,"s":[100]},{"t":90,"s":[0]}],"ix":11},"r":{"a":0,"k":0,"ix":10},"p":{"a":0,"k":[518,454,0],"ix":2,"l":2},"a":{"a":0,"k":[421,298,0],"ix":1,"l":2},"s":{"a":0,"k":[108,108,100],"ix":6,"l":2}},"ao":0,"shapes":[{"ty":"gr","it":[{"ind":0,"ty":"sh","ix":1,"ks":{"a":0,"k":{"i":[[0,0],[0,0],[0,0]],"o":[[0,0],[0,0],[0,0]],"v":[[-104.887,14.27],[-24.973,111.308],[104.887,-111.309]],"c":false},"ix":2},"nm":"Path 1","mn":"ADBE Vector Shape - Group","hd":false},{"ty":"st","c":{"a":0,"k":[0,1,0.468848613664,1],"ix":3},"o":{"a":0,"k":100,"ix":4},"w":{"a":0,"k":34,"ix":5},"lc":2,"lj":2,"bm":0,"nm":"Stroke 1","mn":"ADBE Vector Graphic - Stroke","hd":false},{"ty":"tr","p":{"a":0,"k":[322.959,257.505],"ix":2},"a":{"a":0,"k":[0,0],"ix":1},"s":{"a":0,"k":[100,100],"ix":3},"r":{"a":0,"k":0,"ix":6},"o":{"a":0,"k":100,"ix":7},"sk":{"a":0,"k":0,"ix":4},"sa":{"a":0,"k":0,"ix":5},"nm":"Transform"}],"nm":"Group 1","np":2,"cix":2,"bm":0,"ix":1,"mn":"ADBE Vector Group","hd":false},{"ty":"gr","it":[{"ind":0,"ty":"sh","ix":1,"ks":{"a":0,"k":{"i":[[0,-30.878],[0,0],[30.878,0],[0,0],[0,30.878],[0,0],[-30.878,0],[0,0]],"o":[[0,0],[0,30.878],[0,0],[-30.878,0],[0,0],[0,-30.878],[0,0],[30.878,0]],"v":[[208.164,-152.254],[208.164,152.254],[152.254,208.163],[-152.253,208.163],[-208.163,152.254],[-208.163,-152.254],[-152.253,-208.163],[152.254,-208.163]],"c":true},"ix":2},"nm":"Path 1","mn":"ADBE Vector Shape - Group","hd":false},{"ty":"st","c":{"a":0,"k":[0,1,0.468848613664,1],"ix":3},"o":{"a":0,"k":100,"ix":4},"w":{"a":0,"k":30,"ix":5},"lc":2,"lj":2,"bm":0,"nm":"Stroke 1","mn":"ADBE Vector Graphic - Stroke","hd":false},{"ty":"tr","p":{"a":0,"k":[322.959,257.506],"ix":2},"a":{"a":0,"k":[0,0],"ix":1},"s":{"a":0,"k":[100,100],"ix":3},"r":{"a":0,"k":0,"ix":6},"o":{"a":0,"k":100,"ix":7},"sk":{"a":0,"k":0,"ix":4},"sa":{"a":0,"k":0,"ix":5},"nm":"Transform"}],"nm":"Group 2","np":2,"cix":2,"bm":0,"ix":2,"mn":"ADBE Vector Group","hd":false}],"ip":19,"op":350,"st":0,"ct":1,"bm":0}],"markers":[{"tm":0,"cm":"open-start","dr":0},{"tm":57,"cm":"open-end","dr":0},{"tm":68,"cm":"close-start","dr":0},{"tm":123,"cm":"close-end","dr":0}],"props":{}}