{"v":"5.12.1","fr":35,"ip":0,"op":358,"w":1600,"h":1600,"nm":"overtop","ddd":0,"assets":[],"fonts":{"list":[{"fName":"ArialRoundedMTBold","fFamily":"Arial Rounded MT Bold","fStyle":"Regular","ascent":74.0203857421875}]},"layers":[{"ddd":0,"ind":1,"ty":3,"nm":"objet","sr":1,"ks":{"o":{"a":0,"k":0},"r":{"a":0,"k":0},"p":{"a":0,"k":[339,477,0]},"a":{"a":0,"k":[0,0,0]},"s":{"a":0,"k":[108,108,100]}},"ao":0,"ip":0,"op":223,"st":0,"bm":0},{"ddd":0,"ind":2,"ty":4,"nm":"Shape Layer 4","tt":1,"tp":5,"sr":1,"ks":{"o":{"a":0,"k":100},"r":{"a":0,"k":0},"p":{"a":1,"k":[{"i":{"x":0.105,"y":0.736},"o":{"x":0.559,"y":0.165},"t":155,"s":[776,1604,0],"to":[0,0,0],"ti":[0,0,0]},{"t":210,"s":[776,2213,0]}]},"a":{"a":0,"k":[0,0,0]},"s":{"a":0,"k":[208,208,100]}},"ao":0,"shapes":[{"ty":"gr","it":[{"d":1,"ty":"el","s":{"a":0,"k":[663.531,663.531]},"p":{"a":0,"k":[0,0]},"nm":"Ellipse Path 1","hd":false},{"ty":"fl","c":{"a":0,"k":[0,0,0,1]},"o":{"a":0,"k":100},"r":1,"bm":0,"nm":"Fill 1","hd":false},{"ty":"tr","p":{"a":0,"k":[3.765,-220.235]},"a":{"a":0,"k":[0,0]},"s":{"a":0,"k":[100,100]},"r":{"a":0,"k":0},"o":{"a":0,"k":100},"sk":{"a":0,"k":0},"sa":{"a":0,"k":0},"nm":"Transform"}],"nm":"Ellipse 1","bm":0,"hd":false}],"ip":129,"op":223,"st":0,"ct":1,"bm":0},{"ddd":0,"ind":3,"ty":5,"nm":"0%","sr":1,"ks":{"o":{"a":0,"k":100},"r":{"a":0,"k":0},"p":{"a":0,"k":[826.336,956.134,0]},"a":{"a":0,"k":[0,0,0]},"s":{"a":0,"k":[87,87,100]}},"ao":0,"t":{"d":{"k":[{"s":{"sz":[420,422],"ps":[-242,-235],"s":145,"f":"ArialRoundedMTBold","t":"0%","ca":0,"j":2,"tr":0,"lh":174,"ls":0,"fc":[0,0,0]},"t":31},{"s":{"sz":[420,422],"ps":[-242,-235],"s":145,"f":"ArialRoundedMTBold","t":"1%","ca":0,"j":2,"tr":0,"lh":174,"ls":0,"fc":[0,0,0]},"t":32},{"s":{"sz":[420,422],"ps":[-242,-235],"s":145,"f":"ArialRoundedMTBold","t":"2%","ca":0,"j":2,"tr":0,"lh":174,"ls":0,"fc":[0,0,0]},"t":33},{"s":{"sz":[420,422],"ps":[-242,-235],"s":145,"f":"ArialRoundedMTBold","t":"4%","ca":0,"j":2,"tr":0,"lh":174,"ls":0,"fc":[0,0,0]},"t":34},{"s":{"sz":[420,422],"ps":[-242,-235],"s":145,"f":"ArialRoundedMTBold","t":"5%","ca":0,"j":2,"tr":0,"lh":174,"ls":0,"fc":[0,0,0]},"t":35},{"s":{"sz":[420,422],"ps":[-242,-235],"s":145,"f":"ArialRoundedMTBold","t":"6%","ca":0,"j":2,"tr":0,"lh":174,"ls":0,"fc":[0,0,0]},"t":36},{"s":{"sz":[420,422],"ps":[-242,-235],"s":145,"f":"ArialRoundedMTBold","t":"8%","ca":0,"j":2,"tr":0,"lh":174,"ls":0,"fc":[0,0,0]},"t":37},{"s":{"sz":[420,422],"ps":[-242,-235],"s":145,"f":"ArialRoundedMTBold","t":"9%","ca":0,"j":2,"tr":0,"lh":174,"ls":0,"fc":[0,0,0]},"t":38},{"s":{"sz":[420,422],"ps":[-242,-235],"s":145,"f":"ArialRoundedMTBold","t":"11%","ca":0,"j":2,"tr":0,"lh":174,"ls":0,"fc":[0,0,0]},"t":39},{"s":{"sz":[420,422],"ps":[-242,-235],"s":145,"f":"ArialRoundedMTBold","t":"13%","ca":0,"j":2,"tr":0,"lh":174,"ls":0,"fc":[0,0,0]},"t":40},{"s":{"sz":[420,422],"ps":[-242,-235],"s":145,"f":"ArialRoundedMTBold","t":"15%","ca":0,"j":2,"tr":0,"lh":174,"ls":0,"fc":[0,0,0]},"t":41},{"s":{"sz":[420,422],"ps":[-242,-235],"s":145,"f":"ArialRoundedMTBold","t":"17%","ca":0,"j":2,"tr":0,"lh":174,"ls":0,"fc":[0,0,0]},"t":42},{"s":{"sz":[420,422],"ps":[-242,-235],"s":145,"f":"ArialRoundedMTBold","t":"19%","ca":0,"j":2,"tr":0,"lh":174,"ls":0,"fc":[0,0,0]},"t":43},{"s":{"sz":[420,422],"ps":[-242,-235],"s":145,"f":"ArialRoundedMTBold","t":"21%","ca":0,"j":2,"tr":0,"lh":174,"ls":0,"fc":[0,0,0]},"t":44},{"s":{"sz":[420,422],"ps":[-242,-235],"s":145,"f":"ArialRoundedMTBold","t":"23%","ca":0,"j":2,"tr":0,"lh":174,"ls":0,"fc":[0,0,0]},"t":45},{"s":{"sz":[420,422],"ps":[-242,-235],"s":145,"f":"ArialRoundedMTBold","t":"25%","ca":0,"j":2,"tr":0,"lh":174,"ls":0,"fc":[0,0,0]},"t":46},{"s":{"sz":[420,422],"ps":[-242,-235],"s":145,"f":"ArialRoundedMTBold","t":"27%","ca":0,"j":2,"tr":0,"lh":174,"ls":0,"fc":[0,0,0]},"t":47},{"s":{"sz":[420,422],"ps":[-242,-235],"s":145,"f":"ArialRoundedMTBold","t":"28%","ca":0,"j":2,"tr":0,"lh":174,"ls":0,"fc":[0,0,0]},"t":48},{"s":{"sz":[420,422],"ps":[-242,-235],"s":145,"f":"ArialRoundedMTBold","t":"30%","ca":0,"j":2,"tr":0,"lh":174,"ls":0,"fc":[0,0,0]},"t":49},{"s":{"sz":[420,422],"ps":[-242,-235],"s":145,"f":"ArialRoundedMTBold","t":"32%","ca":0,"j":2,"tr":0,"lh":174,"ls":0,"fc":[0,0,0]},"t":50},{"s":{"sz":[420,422],"ps":[-242,-235],"s":145,"f":"ArialRoundedMTBold","t":"34%","ca":0,"j":2,"tr":0,"lh":174,"ls":0,"fc":[0,0,0]},"t":51},{"s":{"sz":[420,422],"ps":[-242,-235],"s":145,"f":"ArialRoundedMTBold","t":"36%","ca":0,"j":2,"tr":0,"lh":174,"ls":0,"fc":[0,0,0]},"t":52},{"s":{"sz":[420,422],"ps":[-242,-235],"s":145,"f":"ArialRoundedMTBold","t":"38%","ca":0,"j":2,"tr":0,"lh":174,"ls":0,"fc":[0,0,0]},"t":53},{"s":{"sz":[420,422],"ps":[-242,-235],"s":145,"f":"ArialRoundedMTBold","t":"40%","ca":0,"j":2,"tr":0,"lh":174,"ls":0,"fc":[0,0,0]},"t":54},{"s":{"sz":[420,422],"ps":[-242,-235],"s":145,"f":"ArialRoundedMTBold","t":"42%","ca":0,"j":2,"tr":0,"lh":174,"ls":0,"fc":[0,0,0]},"t":55},{"s":{"sz":[420,422],"ps":[-242,-235],"s":145,"f":"ArialRoundedMTBold","t":"44%","ca":0,"j":2,"tr":0,"lh":174,"ls":0,"fc":[0,0,0]},"t":56},{"s":{"sz":[420,422],"ps":[-242,-235],"s":145,"f":"ArialRoundedMTBold","t":"46%","ca":0,"j":2,"tr":0,"lh":174,"ls":0,"fc":[0,0,0]},"t":57},{"s":{"sz":[420,422],"ps":[-242,-235],"s":145,"f":"ArialRoundedMTBold","t":"48%","ca":0,"j":2,"tr":0,"lh":174,"ls":0,"fc":[0,0,0]},"t":58},{"s":{"sz":[420,422],"ps":[-242,-235],"s":145,"f":"ArialRoundedMTBold","t":"49%","ca":0,"j":2,"tr":0,"lh":174,"ls":0,"fc":[0,0,0]},"t":59},{"s":{"sz":[420,422],"ps":[-242,-235],"s":145,"f":"ArialRoundedMTBold","t":"50%","ca":0,"j":2,"tr":0,"lh":174,"ls":0,"fc":[0,0,0]},"t":60},{"s":{"sz":[420,422],"ps":[-242,-235],"s":145,"f":"ArialRoundedMTBold","t":"51%","ca":0,"j":2,"tr":0,"lh":174,"ls":0,"fc":[0,0,0]},"t":61},{"s":{"sz":[420,422],"ps":[-242,-235],"s":145,"f":"ArialRoundedMTBold","t":"52%","ca":0,"j":2,"tr":0,"lh":174,"ls":0,"fc":[0,0,0]},"t":64},{"s":{"sz":[420,422],"ps":[-242,-235],"s":145,"f":"ArialRoundedMTBold","t":"53%","ca":0,"j":2,"tr":0,"lh":174,"ls":0,"fc":[0,0,0]},"t":66},{"s":{"sz":[420,422],"ps":[-242,-235],"s":145,"f":"ArialRoundedMTBold","t":"53%","ca":0,"j":2,"tr":0,"lh":174,"ls":0,"fc":[0,0,0]},"t":67},{"s":{"sz":[420,422],"ps":[-242,-235],"s":145,"f":"ArialRoundedMTBold","t":"54%","ca":0,"j":2,"tr":0,"lh":174,"ls":0,"fc":[0,0,0]},"t":68},{"s":{"sz":[420,422],"ps":[-242,-235],"s":145,"f":"ArialRoundedMTBold","t":"55%","ca":0,"j":2,"tr":0,"lh":174,"ls":0,"fc":[0,0,0]},"t":70},{"s":{"sz":[420,422],"ps":[-242,-235],"s":145,"f":"ArialRoundedMTBold","t":"56%","ca":0,"j":2,"tr":0,"lh":174,"ls":0,"fc":[0,0,0]},"t":71},{"s":{"sz":[420,422],"ps":[-242,-235],"s":145,"f":"ArialRoundedMTBold","t":"57%","ca":0,"j":2,"tr":0,"lh":174,"ls":0,"fc":[0,0,0]},"t":72},{"s":{"sz":[420,422],"ps":[-242,-235],"s":145,"f":"ArialRoundedMTBold","t":"58%","ca":0,"j":2,"tr":0,"lh":174,"ls":0,"fc":[0,0,0]},"t":73},{"s":{"sz":[420,422],"ps":[-242,-235],"s":145,"f":"ArialRoundedMTBold","t":"59%","ca":0,"j":2,"tr":0,"lh":174,"ls":0,"fc":[0,0,0]},"t":78},{"s":{"sz":[420,422],"ps":[-242,-235],"s":145,"f":"ArialRoundedMTBold","t":"60%","ca":0,"j":2,"tr":0,"lh":174,"ls":0,"fc":[0,0,0]},"t":79},{"s":{"sz":[420,422],"ps":[-242,-235],"s":145,"f":"ArialRoundedMTBold","t":"61%","ca":0,"j":2,"tr":0,"lh":174,"ls":0,"fc":[0,0,0]},"t":80},{"s":{"sz":[420,422],"ps":[-242,-235],"s":145,"f":"ArialRoundedMTBold","t":"62%","ca":0,"j":2,"tr":0,"lh":174,"ls":0,"fc":[0,0,0]},"t":81},{"s":{"sz":[420,422],"ps":[-242,-235],"s":145,"f":"ArialRoundedMTBold","t":"63%","ca":0,"j":2,"tr":0,"lh":174,"ls":0,"fc":[0,0,0]},"t":82},{"s":{"sz":[420,422],"ps":[-242,-235],"s":145,"f":"ArialRoundedMTBold","t":"64%","ca":0,"j":2,"tr":0,"lh":174,"ls":0,"fc":[0,0,0]},"t":83},{"s":{"sz":[420,422],"ps":[-242,-235],"s":145,"f":"ArialRoundedMTBold","t":"65%","ca":0,"j":2,"tr":0,"lh":174,"ls":0,"fc":[0,0,0]},"t":84},{"s":{"sz":[420,422],"ps":[-242,-235],"s":145,"f":"ArialRoundedMTBold","t":"66%","ca":0,"j":2,"tr":0,"lh":174,"ls":0,"fc":[0,0,0]},"t":90},{"s":{"sz":[420,422],"ps":[-242,-235],"s":145,"f":"ArialRoundedMTBold","t":"67%","ca":0,"j":2,"tr":0,"lh":174,"ls":0,"fc":[0,0,0]},"t":91},{"s":{"sz":[420,422],"ps":[-242,-235],"s":145,"f":"ArialRoundedMTBold","t":"68%","ca":0,"j":2,"tr":0,"lh":174,"ls":0,"fc":[0,0,0]},"t":92},{"s":{"sz":[420,422],"ps":[-242,-235],"s":145,"f":"ArialRoundedMTBold","t":"69%","ca":0,"j":2,"tr":0,"lh":174,"ls":0,"fc":[0,0,0]},"t":93},{"s":{"sz":[420,422],"ps":[-242,-235],"s":145,"f":"ArialRoundedMTBold","t":"70%","ca":0,"j":2,"tr":0,"lh":174,"ls":0,"fc":[0,0,0]},"t":94},{"s":{"sz":[420,422],"ps":[-242,-235],"s":145,"f":"ArialRoundedMTBold","t":"71%","ca":0,"j":2,"tr":0,"lh":174,"ls":0,"fc":[0,0,0]},"t":95},{"s":{"sz":[420,422],"ps":[-242,-235],"s":145,"f":"ArialRoundedMTBold","t":"72%","ca":0,"j":2,"tr":0,"lh":174,"ls":0,"fc":[0,0,0]},"t":96},{"s":{"sz":[420,422],"ps":[-242,-235],"s":145,"f":"ArialRoundedMTBold","t":"73%","ca":0,"j":2,"tr":0,"lh":174,"ls":0,"fc":[0,0,0]},"t":97},{"s":{"sz":[420,422],"ps":[-242,-235],"s":145,"f":"ArialRoundedMTBold","t":"74%","ca":0,"j":2,"tr":0,"lh":174,"ls":0,"fc":[0,0,0]},"t":98},{"s":{"sz":[420,422],"ps":[-242,-235],"s":145,"f":"ArialRoundedMTBold","t":"75%","ca":0,"j":2,"tr":0,"lh":174,"ls":0,"fc":[0,0,0]},"t":99},{"s":{"sz":[420,422],"ps":[-242,-235],"s":145,"f":"ArialRoundedMTBold","t":"76%","ca":0,"j":2,"tr":0,"lh":174,"ls":0,"fc":[0,0,0]},"t":100},{"s":{"sz":[420,422],"ps":[-242,-235],"s":145,"f":"ArialRoundedMTBold","t":"78%","ca":0,"j":2,"tr":0,"lh":174,"ls":0,"fc":[0,0,0]},"t":101},{"s":{"sz":[420,422],"ps":[-242,-235],"s":145,"f":"ArialRoundedMTBold","t":"79%","ca":0,"j":2,"tr":0,"lh":174,"ls":0,"fc":[0,0,0]},"t":102},{"s":{"sz":[420,422],"ps":[-242,-235],"s":145,"f":"ArialRoundedMTBold","t":"81%","ca":0,"j":2,"tr":0,"lh":174,"ls":0,"fc":[0,0,0]},"t":103},{"s":{"sz":[420,422],"ps":[-242,-235],"s":145,"f":"ArialRoundedMTBold","t":"83%","ca":0,"j":2,"tr":0,"lh":174,"ls":0,"fc":[0,0,0]},"t":104},{"s":{"sz":[420,422],"ps":[-242,-235],"s":145,"f":"ArialRoundedMTBold","t":"84%","ca":0,"j":2,"tr":0,"lh":174,"ls":0,"fc":[0,0,0]},"t":105},{"s":{"sz":[420,422],"ps":[-242,-235],"s":145,"f":"ArialRoundedMTBold","t":"88%","ca":0,"j":2,"tr":0,"lh":174,"ls":0,"fc":[0,0,0]},"t":106},{"s":{"sz":[420,422],"ps":[-242,-235],"s":145,"f":"ArialRoundedMTBold","t":"91%","ca":0,"j":2,"tr":0,"lh":174,"ls":0,"fc":[0,0,0]},"t":107},{"s":{"sz":[420,422],"ps":[-242,-235],"s":145,"f":"ArialRoundedMTBold","t":"95%","ca":0,"j":2,"tr":0,"lh":174,"ls":0,"fc":[0,0,0]},"t":108},{"s":{"sz":[420,422],"ps":[-242,-235],"s":145,"f":"ArialRoundedMTBold","t":"98%","ca":0,"j":2,"tr":0,"lh":174,"ls":0,"fc":[0,0,0]},"t":109},{"s":{"sz":[420,422],"ps":[-242,-235],"s":145,"f":"ArialRoundedMTBold","t":"100%","ca":0,"j":2,"tr":0,"lh":174,"ls":0,"fc":[0,0,0]},"t":110}]},"p":{},"m":{"g":1,"a":{"a":0,"k":[0,0]}},"a":[]},"ip":30,"op":157,"st":0,"ct":1,"bm":0},{"ddd":0,"ind":4,"ty":4,"nm":"pourcentage!!","sr":1,"ks":{"o":{"a":0,"k":100},"r":{"a":0,"k":0},"p":{"a":0,"k":[800,800,0]},"a":{"a":0,"k":[0,0,0]},"s":{"a":0,"k":[100,100,100]}},"ao":0,"shapes":[],"ip":0,"op":358,"st":0,"ct":1,"bm":0},{"ddd":0,"ind":5,"ty":5,"nm":"  ","td":1,"sr":1,"ks":{"o":{"a":0,"k":100},"r":{"a":0,"k":0},"p":{"a":0,"k":[736.159,878.416,0]},"a":{"a":0,"k":[0,0,0]},"s":{"a":0,"k":[87,87,100]}},"ao":0,"ef":[{"ty":5,"nm":"Slider Control","np":3,"mn":"ADBE Slider Control","ix":1,"en":1,"ef":[{"ty":0,"nm":"Slider","mn":"ADBE Slider Control-0001","ix":1,"v":{"a":0,"k":100}}]}],"t":{"d":{"k":[{"s":{"sz":[400,290],"ps":[-128,-145],"s":145,"f":"ArialRoundedMTBold","t":"  ","ca":0,"j":2,"tr":0,"lh":174,"ls":0,"fc":[0,0,0]},"t":0}],"x":"var $bm_rt;\n$bm_rt = $bm_sum(effect('Slider Control')('Slider').value.toFixed(), '%');"},"p":{},"m":{"g":1,"a":{"a":0,"k":[0,0]}},"a":[]},"ip":152,"op":224,"st":0,"ct":1,"bm":0},{"ddd":0,"ind":6,"ty":4,"nm":"masque fin","tt":1,"tp":7,"sr":1,"ks":{"o":{"a":0,"k":100},"r":{"a":0,"k":0},"p":{"a":0,"k":[800,800,0]},"a":{"a":0,"k":[0,0,0]},"s":{"a":1,"k":[{"t":102,"s":[50,50,100],"h":1},{"t":120,"s":[30,30,100],"h":1}]}},"ao":0,"shapes":[{"ty":"gr","it":[{"ty":"rc","d":1,"s":{"a":0,"k":[1600,1600]},"p":{"a":0,"k":[0,0]},"r":{"a":0,"k":273},"nm":"Rectangle Path 1","hd":false},{"ty":"st","c":{"a":0,"k":[0,1,0.470588265213,1]},"o":{"a":0,"k":100},"w":{"a":0,"k":2},"lc":1,"lj":1,"ml":4,"bm":0,"nm":"Stroke 1","hd":false},{"ty":"fl","c":{"a":0,"k":[0,1,0.470588265213,1]},"o":{"a":0,"k":100},"r":1,"bm":0,"nm":"Fill 1","hd":false},{"ty":"tr","p":{"a":0,"k":[0,0]},"a":{"a":0,"k":[0,0]},"s":{"a":0,"k":[100,100]},"r":{"a":0,"k":0},"o":{"a":0,"k":100},"sk":{"a":0,"k":0},"sa":{"a":0,"k":0},"nm":"Transform"}],"nm":"Rectangle 1","bm":0,"hd":false}],"ip":151,"op":221,"st":4,"ct":1,"bm":0},{"ddd":0,"ind":7,"ty":4,"nm":"Shape Layer 3","td":1,"sr":1,"ks":{"o":{"a":0,"k":100},"r":{"a":0,"k":0},"p":{"a":1,"k":[{"i":{"x":0.105,"y":0.736},"o":{"x":0.559,"y":0.165},"t":155,"s":[776,1604,0],"to":[0,0,0],"ti":[0,0,0]},{"t":210,"s":[776,2213,0]}]},"a":{"a":0,"k":[0,0,0]},"s":{"a":0,"k":[208,208,100]}},"ao":0,"shapes":[{"ty":"gr","it":[{"d":1,"ty":"el","s":{"a":0,"k":[663.531,663.531]},"p":{"a":0,"k":[0,0]},"nm":"Ellipse Path 1","hd":false},{"ty":"st","c":{"a":0,"k":[0,1,0.470588265213,1]},"o":{"a":0,"k":100},"w":{"a":0,"k":0},"lc":1,"lj":1,"ml":4,"bm":0,"nm":"Stroke 1","hd":false},{"ty":"fl","c":{"a":0,"k":[0,1,0.470588265213,1]},"o":{"a":0,"k":100},"r":1,"bm":0,"nm":"Fill 1","hd":false},{"ty":"tr","p":{"a":0,"k":[3.765,-220.235]},"a":{"a":0,"k":[0,0]},"s":{"a":0,"k":[100,100]},"r":{"a":0,"k":0},"o":{"a":0,"k":100},"sk":{"a":0,"k":0},"sa":{"a":0,"k":0},"nm":"Transform"}],"nm":"Ellipse 1","bm":0,"hd":false}],"ip":0,"op":214,"st":0,"ct":1,"bm":0},{"ddd":0,"ind":8,"ty":4,"nm":"Shape Layer 1","tt":1,"tp":9,"sr":1,"ks":{"o":{"a":0,"k":100},"r":{"a":0,"k":0},"p":{"a":0,"k":[800,800,0]},"a":{"a":0,"k":[0,0,0]},"s":{"a":1,"k":[{"t":98,"s":[50,50,100],"h":1},{"t":116,"s":[30,30,100],"h":1}]}},"ao":0,"shapes":[{"ty":"gr","it":[{"ty":"rc","d":1,"s":{"a":0,"k":[1600,1600]},"p":{"a":0,"k":[0,0]},"r":{"a":0,"k":273},"nm":"Rectangle Path 1","hd":false},{"ty":"st","c":{"a":0,"k":[0,1,0.470588265213,1]},"o":{"a":0,"k":100},"w":{"a":0,"k":2},"lc":1,"lj":1,"ml":4,"bm":0,"nm":"Stroke 1","hd":false},{"ty":"fl","c":{"a":0,"k":[0,1,0.470588265213,1]},"o":{"a":0,"k":100},"r":1,"bm":0,"nm":"Fill 1","hd":false},{"ty":"tr","p":{"a":0,"k":[0,0]},"a":{"a":0,"k":[0,0]},"s":{"a":0,"k":[100,100]},"r":{"a":0,"k":0},"o":{"a":0,"k":100},"sk":{"a":0,"k":0},"sa":{"a":0,"k":0},"nm":"Transform"}],"nm":"Rectangle 1","bm":0,"hd":false}],"ip":0,"op":152,"st":0,"ct":1,"bm":0},{"ddd":0,"ind":9,"ty":4,"nm":"etoile","parent":1,"td":1,"sr":1,"ks":{"o":{"a":0,"k":100},"r":{"a":1,"k":[{"i":{"x":[0.833],"y":[0.833]},"o":{"x":[0.167],"y":[0.167]},"t":27,"s":[0]},{"t":149,"s":[720]}]},"p":{"a":1,"k":[{"i":{"x":0.833,"y":0.833},"o":{"x":0.167,"y":0.167},"t":12,"s":[435.274,89.838,0],"to":[-0.309,0,0],"ti":[0.309,0,0]},{"i":{"x":0.833,"y":0.833},"o":{"x":0.167,"y":0.167},"t":31,"s":[435.274,89.838,0],"to":[-0.309,0,0],"ti":[0,0,0]},{"i":{"x":0.833,"y":0.833},"o":{"x":0.167,"y":0.167},"t":37.971,"s":[268.208,89.838,0],"to":[-30.878,0,0],"ti":[0,-30.878,0]},{"i":{"x":0.833,"y":0.833},"o":{"x":0.167,"y":0.167},"t":42.617,"s":[212.298,145.746,0],"to":[0,0,0],"ti":[0,0,0]},{"i":{"x":0.833,"y":0.833},"o":{"x":0.167,"y":0.167},"t":50.471,"s":[212.298,450.255,0],"to":[0,30.878,0],"ti":[-30.878,0,0]},{"i":{"x":0.833,"y":0.833},"o":{"x":0.167,"y":0.167},"t":55,"s":[268.208,506.163,0],"to":[0,0,0],"ti":[0,0,0]},{"i":{"x":0.833,"y":0.833},"o":{"x":0.167,"y":0.167},"t":65,"s":[572.716,506.163,0],"to":[29.957,0,0],"ti":[0,0,0]},{"i":{"x":0.833,"y":0.833},"o":{"x":0.167,"y":0.167},"t":97,"s":[628.559,423,0],"to":[0,0,0],"ti":[0,-30.878,0]},{"i":{"x":0.833,"y":0.833},"o":{"x":0.167,"y":0.167},"t":105,"s":[628.625,145.746,0],"to":[0,-30.878,0],"ti":[30.878,0,0]},{"i":{"x":0.833,"y":0.833},"o":{"x":0.167,"y":0.167},"t":105.353,"s":[572.716,89.838,0],"to":[0,0,0],"ti":[66.792,0,0]},{"i":{"x":0.833,"y":0.833},"o":{"x":0.167,"y":0.167},"t":110,"s":[445.835,89.838,0],"to":[-2.35,0,0],"ti":[97.678,-65.106,0]},{"i":{"x":0.833,"y":0.833},"o":{"x":0.167,"y":0.167},"t":117,"s":[266.505,201.952,0],"to":[-1.296,12.123,0],"ti":[-8.655,-6.938,0]},{"i":{"x":0.833,"y":0.833},"o":{"x":0.167,"y":0.167},"t":126,"s":[541.859,468.982,0],"to":[8.136,6.521,0],"ti":[-49.751,107.467,0]},{"i":{"x":0.833,"y":0.833},"o":{"x":0.167,"y":0.167},"t":130,"s":[597.085,355.052,0],"to":[4.398,-6.188,0],"ti":[332.196,87.443,0]},{"i":{"x":0.833,"y":0.833},"o":{"x":0.167,"y":0.167},"t":137,"s":[260.275,265.738,0],"to":[-27.834,-6.665,0],"ti":[66.09,12.826,0]},{"t":142,"s":[430.815,299.172,0]}]},"a":{"a":0,"k":[309,254,0]},"s":{"a":1,"k":[{"i":{"x":[0.833,0.833,0.833],"y":[0.833,0.833,0.833]},"o":{"x":[0.167,0.167,0.167],"y":[0.167,0.167,0.167]},"t":113,"s":[140,140,100]},{"i":{"x":[0.833,0.833,0.833],"y":[0.833,0.833,0.833]},"o":{"x":[0.167,0.167,0.167],"y":[0.167,0.167,0.167]},"t":140,"s":[140,140,100]},{"t":148,"s":[1388,1388,100]}]}},"ao":0,"shapes":[{"ty":"gr","it":[{"ind":0,"ty":"sh","ks":{"a":0,"k":{"i":[[-1.041,-3.204],[0,0],[0,0],[2.726,-1.98],[0,0],[0,0],[2.725,1.981],[0,0],[0,0],[-1.041,3.204],[0,0],[0,0],[-3.37,0],[0,0],[0,0]],"o":[[0,0],[0,0],[3.369,0],[0,0],[0,0],[1.041,3.204],[0,0],[0,0],[-2.726,1.981],[0,0],[0,0],[-2.725,-1.98],[0,0],[0,0],[1.041,-3.204]],"v":[[3.308,-36.126],[11.163,-11.949],[36.584,-11.949],[38.628,-5.658],[18.062,9.284],[25.918,33.46],[20.566,37.348],[0,22.408],[-20.565,37.348],[-25.918,33.46],[-18.062,9.284],[-38.628,-5.658],[-36.583,-11.949],[-11.163,-11.949],[-3.309,-36.126]],"c":true}},"nm":"Path 1","hd":false},{"ty":"tm","s":{"a":0,"k":0},"e":{"a":0,"k":100},"o":{"a":0,"k":0},"m":1,"nm":"Trim Paths 1","hd":false},{"ty":"fl","c":{"a":0,"k":[0,1,0.47058826685,1]},"o":{"a":0,"k":100},"r":1,"bm":0,"nm":"Fill 1","hd":false},{"ty":"tr","p":{"a":0,"k":[310.431,249.665]},"a":{"a":0,"k":[0,0]},"s":{"a":0,"k":[100,100]},"r":{"a":0,"k":0},"o":{"a":0,"k":100},"sk":{"a":0,"k":0},"sa":{"a":0,"k":0},"nm":"Transform"}],"nm":"Group 1","bm":0,"hd":false}],"ip":12,"op":152,"st":0,"ct":1,"bm":0},{"ddd":0,"ind":10,"ty":4,"nm":"Calque 1 Outlines 3","sr":1,"ks":{"o":{"a":0,"k":100},"r":{"a":0,"k":0},"p":{"a":0,"k":[800.522,799.609,0]},"a":{"a":0,"k":[420.945,297.638,0]},"s":{"a":0,"k":[108,108,100]}},"ao":0,"shapes":[{"ty":"gr","it":[{"ind":0,"ty":"sh","ks":{"a":0,"k":{"i":[[0,0],[0,0],[0,-30.878],[0,0],[30.878,0],[0,0],[0,30.878],[0,0],[-30.878,0]],"o":[[0,0],[30.878,0],[0,0],[0,30.878],[0,0],[-30.878,0],[0,0],[0,-30.878],[0,0]],"v":[[9.259,-208.163],[152.254,-208.163],[208.164,-152.254],[208.164,152.254],[152.254,208.163],[-152.253,208.163],[-208.163,152.254],[-208.163,-152.254],[-152.253,-208.163]],"c":true}},"nm":"Path 1","hd":false},{"ty":"st","c":{"a":1,"k":[{"i":{"x":[0.667],"y":[1]},"o":{"x":[0.333],"y":[0]},"t":196,"s":[0,1,0.470588265213,1]},{"t":217,"s":[0,0,0,1]}]},"o":{"a":0,"k":100},"w":{"a":0,"k":30},"lc":2,"lj":2,"bm":0,"nm":"Stroke 1","hd":false},{"ty":"tr","p":{"a":0,"k":[420.461,298]},"a":{"a":0,"k":[0,0]},"s":{"a":0,"k":[100,100]},"r":{"a":0,"k":0},"o":{"a":0,"k":100},"sk":{"a":0,"k":0},"sa":{"a":0,"k":0},"nm":"Transform"}],"nm":"Group 1","bm":0,"hd":false},{"ty":"tm","s":{"a":1,"k":[{"i":{"x":[0.833],"y":[0.833]},"o":{"x":[0.167],"y":[0.167]},"t":31,"s":[100]},{"i":{"x":[0.833],"y":[0.833]},"o":{"x":[0.167],"y":[0.167]},"t":64,"s":[100]},{"i":{"x":[0.833],"y":[0.833]},"o":{"x":[0.167],"y":[0.167]},"t":100,"s":[100]},{"t":110,"s":[100]}]},"e":{"a":1,"k":[{"i":{"x":[0.833],"y":[0.833]},"o":{"x":[0.167],"y":[0.167]},"t":31,"s":[100]},{"i":{"x":[0.833],"y":[0.833]},"o":{"x":[0.167],"y":[0.167]},"t":41,"s":[84.315]},{"i":{"x":[0.833],"y":[0.833]},"o":{"x":[0.167],"y":[0.167]},"t":51,"s":[65.13]},{"i":{"x":[0.833],"y":[0.833]},"o":{"x":[0.167],"y":[0.167]},"t":61,"s":[49.945]},{"i":{"x":[0.833],"y":[0.833]},"o":{"x":[0.167],"y":[0.167]},"t":64,"s":[43.373]},{"i":{"x":[0.833],"y":[0.833]},"o":{"x":[0.167],"y":[0.167]},"t":65,"s":[40.008]},{"i":{"x":[0.833],"y":[0.833]},"o":{"x":[0.167],"y":[0.167]},"t":68,"s":[41.913]},{"i":{"x":[0.833],"y":[0.833]},"o":{"x":[0.167],"y":[0.167]},"t":75,"s":[38.098]},{"i":{"x":[0.833],"y":[0.833]},"o":{"x":[0.167],"y":[0.167]},"t":94,"s":[35.17]},{"i":{"x":[0.833],"y":[0.833]},"o":{"x":[0.167],"y":[0.167]},"t":100,"s":[26.23]},{"i":{"x":[0.833],"y":[0.833]},"o":{"x":[0.167],"y":[0.167]},"t":105,"s":[13.615]},{"i":{"x":[0.833],"y":[0.833]},"o":{"x":[0.167],"y":[0.167]},"t":106,"s":[7.492]},{"t":110,"s":[0]}]},"o":{"a":0,"k":0},"m":1,"nm":"Trim Paths 1","hd":false}],"ip":0,"op":224,"st":0,"ct":1,"bm":0},{"ddd":0,"ind":12,"ty":4,"nm":"fleche 2","tt":1,"tp":13,"sr":1,"ks":{"o":{"a":0,"k":100},"r":{"a":0,"k":0},"p":{"a":0,"k":[800,786,0]},"a":{"a":0,"k":[0,0,0]},"s":{"a":0,"k":[55,55,100]}},"ao":0,"shapes":[{"ty":"gr","it":[{"ty":"rc","d":1,"s":{"a":0,"k":[820,820]},"p":{"a":0,"k":[0,0]},"r":{"a":0,"k":0},"nm":"Rectangle Path 1","hd":false},{"ty":"fl","c":{"a":1,"k":[{"i":{"x":[0.833],"y":[0.833]},"o":{"x":[0.167],"y":[0.167]},"t":-89,"s":[0,0,0,1]},{"i":{"x":[0.833],"y":[0.833]},"o":{"x":[0.167],"y":[0.167]},"t":-85,"s":[0,1,0.104930241903,1]},{"i":{"x":[0.833],"y":[0.833]},"o":{"x":[0.167],"y":[0.167]},"t":-78,"s":[0,1,0.47058826685,1]},{"i":{"x":[0.667],"y":[1]},"o":{"x":[0.167],"y":[0]},"t":-77,"s":[0,1,0.470588265213,1]},{"i":{"x":[0.667],"y":[1]},"o":{"x":[0.333],"y":[0]},"t":195,"s":[0,1,0.470588265213,1]},{"t":217,"s":[0,0,0,1]}]},"o":{"a":0,"k":100},"r":1,"bm":0,"nm":"Fill 1","hd":false},{"ty":"tr","p":{"a":0,"k":[0,0]},"a":{"a":0,"k":[0,0]},"s":{"a":0,"k":[100,100]},"r":{"a":0,"k":0},"o":{"a":0,"k":100},"sk":{"a":0,"k":0},"sa":{"a":0,"k":0},"nm":"Transform"}],"nm":"Rectangle 1","bm":0,"hd":false}],"ip":167,"op":228,"st":-93,"ct":1,"bm":0},{"ddd":0,"ind":13,"ty":4,"nm":"Calque 2 Outlines 2","td":1,"sr":1,"ks":{"o":{"a":0,"k":100},"r":{"a":0,"k":0},"p":{"a":1,"k":[{"i":{"x":0.431,"y":0.689},"o":{"x":0.346,"y":0},"t":-71,"s":[794.945,779.638,0],"to":[0,0,0],"ti":[0,0,0]},{"i":{"x":0.864,"y":0.987},"o":{"x":0.573,"y":0.054},"t":-59,"s":[794.945,725.6,0],"to":[0,0,0],"ti":[0,0,0]},{"i":{"x":0.864,"y":0.893},"o":{"x":0.314,"y":0.233},"t":-43,"s":[794.945,1147.6,0],"to":[0,0,0],"ti":[0,0,0]},{"i":{"x":0.618,"y":0.941},"o":{"x":0.372,"y":0.058},"t":172,"s":[798.945,434.6,0],"to":[0,0,0],"ti":[0,0,0]},{"i":{"x":0.343,"y":1},"o":{"x":0.58,"y":0.422},"t":196,"s":[798.945,839.7,0],"to":[0,0,0],"ti":[0,0,0]},{"t":213,"s":[798.945,778.6,0]}]},"a":{"a":0,"k":[420.945,297.638,0]},"s":{"a":0,"k":[108,108,100]}},"ao":0,"shapes":[{"ty":"gr","it":[{"ind":0,"ty":"sh","ks":{"a":0,"k":{"i":[[4.206,5.086],[0,0],[5.086,-4.206],[0,0],[0,0],[6.6,0],[0,0],[0,-6.6],[0,0],[0,0],[4.206,-5.086],[0,0],[-5.087,-4.206],[0,0],[-2.715,0.014],[-2.243,1.856],[0,0]],"o":[[0,0],[-4.206,-5.086],[0,0],[0,0],[0,-6.6],[0,0],[-6.6,0],[0,0],[0,0],[-5.087,-4.206],[0,0],[-4.206,5.086],[0,0],[2.244,1.856],[2.716,0.014],[0,0],[5.086,-4.206]],"v":[[101.476,32.287],[98.392,28.557],[81.497,26.957],[13.855,83.147],[13.814,-116.164],[1.814,-128.164],[-4.91,-128.164],[-16.91,-116.164],[-15.077,83.147],[-81.496,26.957],[-98.391,28.557],[-101.476,32.287],[-99.875,49.182],[-7.692,125.414],[0,128.15],[7.692,125.414],[99.876,49.182]],"c":true}},"nm":"Path 1","hd":false},{"ty":"fl","c":{"a":0,"k":[0,0,0,1]},"o":{"a":0,"k":100},"r":1,"bm":0,"nm":"Fill 1","hd":false},{"ty":"tr","p":{"a":0,"k":[430.207,304.247]},"a":{"a":0,"k":[0,0]},"s":{"a":0,"k":[100,100]},"r":{"a":0,"k":0},"o":{"a":0,"k":100},"sk":{"a":0,"k":0},"sa":{"a":0,"k":0},"nm":"Transform"}],"nm":"Group 1","bm":0,"hd":false}],"ip":171,"op":244,"st":-71,"ct":1,"bm":0},{"ddd":0,"ind":14,"ty":4,"nm":"fleche","tt":1,"tp":15,"sr":1,"ks":{"o":{"a":0,"k":100},"r":{"a":0,"k":0},"p":{"a":0,"k":[800,786,0]},"a":{"a":0,"k":[0,0,0]},"s":{"a":0,"k":[55,55,100]}},"ao":0,"shapes":[{"ty":"gr","it":[{"ty":"rc","d":1,"s":{"a":0,"k":[820,820]},"p":{"a":0,"k":[0,0]},"r":{"a":0,"k":0},"nm":"Rectangle Path 1","hd":false},{"ty":"fl","c":{"a":1,"k":[{"i":{"x":[0.833],"y":[0.833]},"o":{"x":[0.167],"y":[0.167]},"t":4,"s":[0,0,0,1]},{"i":{"x":[0.833],"y":[0.833]},"o":{"x":[0.167],"y":[0.167]},"t":8,"s":[0,1,0.104930241903,1]},{"i":{"x":[0.833],"y":[0.833]},"o":{"x":[0.167],"y":[0.167]},"t":15,"s":[0,1,0.47058826685,1]},{"t":16,"s":[0,1,0.470588265213,1]}]},"o":{"a":0,"k":100},"r":1,"bm":0,"nm":"Fill 1","hd":false},{"ty":"tr","p":{"a":0,"k":[0,0]},"a":{"a":0,"k":[0,0]},"s":{"a":0,"k":[100,100]},"r":{"a":0,"k":0},"o":{"a":0,"k":100},"sk":{"a":0,"k":0},"sa":{"a":0,"k":0},"nm":"Transform"}],"nm":"Rectangle 1","bm":0,"hd":false}],"ip":0,"op":184,"st":0,"ct":1,"bm":0},{"ddd":0,"ind":15,"ty":4,"nm":"Calque 2 Outlines","td":1,"sr":1,"ks":{"o":{"a":0,"k":100},"r":{"a":0,"k":0},"p":{"a":1,"k":[{"i":{"x":0.431,"y":0.689},"o":{"x":0.346,"y":0},"t":0,"s":[794.945,779.638,0],"to":[0,0,0],"ti":[0,0,0]},{"i":{"x":0.864,"y":0.987},"o":{"x":0.573,"y":0.054},"t":12,"s":[794.945,725.6,0],"to":[0,0,0],"ti":[0,0,0]},{"t":28,"s":[794.945,1147.6,0]}]},"a":{"a":0,"k":[420.945,297.638,0]},"s":{"a":0,"k":[108,108,100]}},"ao":0,"shapes":[{"ty":"gr","it":[{"ind":0,"ty":"sh","ks":{"a":0,"k":{"i":[[4.206,5.086],[0,0],[5.086,-4.206],[0,0],[0,0],[6.6,0],[0,0],[0,-6.6],[0,0],[0,0],[4.206,-5.086],[0,0],[-5.087,-4.206],[0,0],[-2.715,0.014],[-2.243,1.856],[0,0]],"o":[[0,0],[-4.206,-5.086],[0,0],[0,0],[0,-6.6],[0,0],[-6.6,0],[0,0],[0,0],[-5.087,-4.206],[0,0],[-4.206,5.086],[0,0],[2.244,1.856],[2.716,0.014],[0,0],[5.086,-4.206]],"v":[[101.476,32.287],[98.392,28.557],[81.497,26.957],[13.855,83.147],[13.814,-116.164],[1.814,-128.164],[-4.91,-128.164],[-16.91,-116.164],[-15.077,83.147],[-81.496,26.957],[-98.391,28.557],[-101.476,32.287],[-99.875,49.182],[-7.692,125.414],[0,128.15],[7.692,125.414],[99.876,49.182]],"c":true}},"nm":"Path 1","hd":false},{"ty":"fl","c":{"a":0,"k":[0,0,0,1]},"o":{"a":0,"k":100},"r":1,"bm":0,"nm":"Fill 1","hd":false},{"ty":"tr","p":{"a":0,"k":[430.207,304.247]},"a":{"a":0,"k":[0,0]},"s":{"a":0,"k":[100,100]},"r":{"a":0,"k":0},"o":{"a":0,"k":100},"sk":{"a":0,"k":0},"sa":{"a":0,"k":0},"nm":"Transform"}],"nm":"Group 1","bm":0,"hd":false}],"ip":0,"op":178,"st":0,"ct":1,"bm":0},{"ddd":0,"ind":16,"ty":4,"nm":"Calque 1 Outlines 2","sr":1,"ks":{"o":{"a":0,"k":100},"r":{"a":0,"k":0},"p":{"a":0,"k":[800.522,799.609,0]},"a":{"a":0,"k":[420.945,297.638,0]},"s":{"a":0,"k":[108,108,100]}},"ao":0,"shapes":[{"ty":"gr","it":[{"ind":0,"ty":"sh","ks":{"a":0,"k":{"i":[[0,-30.878],[0,0],[30.878,0],[0,0],[0,30.878],[0,0],[-30.878,0],[0,0]],"o":[[0,0],[0,30.878],[0,0],[-30.878,0],[0,0],[0,-30.878],[0,0],[30.878,0]],"v":[[208.164,-152.254],[208.164,152.254],[152.254,208.163],[-152.253,208.163],[-208.163,152.254],[-208.163,-152.254],[-152.253,-208.163],[152.254,-208.163]],"c":true}},"nm":"Path 1","hd":false},{"ty":"st","c":{"a":0,"k":[0,0,0,1]},"o":{"a":0,"k":100},"w":{"a":0,"k":30},"lc":2,"lj":2,"bm":0,"nm":"Stroke 1","hd":false},{"ty":"tr","p":{"a":0,"k":[420.461,298]},"a":{"a":0,"k":[0,0]},"s":{"a":0,"k":[100,100]},"r":{"a":0,"k":0},"o":{"a":0,"k":100},"sk":{"a":0,"k":0},"sa":{"a":0,"k":0},"nm":"Transform"}],"nm":"Group 1","bm":0,"hd":false}],"ip":0,"op":179,"st":0,"ct":1,"bm":0}],"markers":[{"tm":0,"cm":"open-start","dr":0},{"tm":148,"cm":"open-end","dr":0},{"tm":153,"cm":"close-start","dr":0},{"tm":220,"cm":"close-end","dr":0}],"props":{},"chars":[{"ch":"1","size":145,"style":"Regular","w":59.42,"data":{"shapes":[{"ty":"gr","it":[{"ind":0,"ty":"sh","ks":{"a":0,"k":{"i":[[-1.205,-1.334],[-1.986,0],[0,6.543],[0,0],[1.041,1.335],[1.725,0],[0.553,-0.586],[1.823,-2.539],[2.36,-2.051],[3.938,-1.855],[1.041,-0.781],[0,-1.66],[-1.058,-1.09],[-1.367,0],[-8.269,6.348],[0,0]],"o":[[1.204,1.334],[4.459,0],[0,0],[0,-2.344],[-1.042,-1.334],[-1.53,0],[-0.554,0.586],[-1.823,2.539],[-2.361,2.051],[-2.637,1.237],[-1.042,0.781],[0,1.433],[1.057,1.091],[2.864,0],[0,0],[0,2.605]],"v":[[30.029,-0.781],[34.814,1.221],[41.504,-8.594],[41.504,-64.502],[39.941,-70.02],[35.791,-72.021],[32.666,-71.143],[29.102,-66.455],[22.827,-59.57],[13.379,-53.711],[7.861,-50.684],[6.299,-47.021],[7.886,-43.237],[11.523,-41.602],[28.223,-51.123],[28.223,-6.689]],"c":true}},"nm":"1","hd":false}],"nm":"1","bm":0,"hd":false}]},"fFamily":"Arial Rounded MT Bold"},{"ch":"0","size":145,"style":"Regular","w":59.42,"data":{"shapes":[{"ty":"gr","it":[{"ind":0,"ty":"sh","ks":{"a":0,"k":{"i":[[2.473,5.371],[2.067,2.1],[2.734,1.091],[3.352,0],[3.662,-2.457],[1.92,-4.688],[0.52,-3.938],[0,-4.915],[-0.472,-3.271],[-1.009,-2.702],[-3.923,-2.799],[-4.948,0],[-3.516,2.083],[-2.214,3.841],[-0.652,3.841],[0,5.339]],"o":[[-1.433,-3.092],[-2.068,-2.1],[-2.734,-1.09],[-5.078,0],[-3.662,2.458],[-1.107,2.832],[-0.521,3.939],[0,3.809],[0.471,3.271],[1.985,4.948],[3.922,2.8],[4.297,0],[3.516,-2.083],[1.758,-3.125],[0.651,-3.841],[0,-9.83]],"v":[[50.977,-57.91],[45.728,-65.698],[38.525,-70.483],[29.395,-72.119],[16.284,-68.433],[7.91,-57.715],[5.469,-47.559],[4.688,-34.277],[5.396,-23.657],[7.617,-14.697],[16.479,-3.076],[29.785,1.123],[41.504,-2.002],[50.098,-10.889],[53.711,-21.338],[54.688,-35.107]],"c":true}},"nm":"0","hd":false},{"ind":1,"ty":"sh","ks":{"a":0,"k":{"i":[[0.684,-3.873],[1.692,-2.083],[2.995,0],[1.692,2.002],[0.716,3.906],[0,6.12],[-1.677,4.33],[-4.297,0],[-1.693,-1.936],[-0.716,-3.792],[0,-5.957]],"o":[[-0.684,3.874],[-1.693,2.084],[-2.898,0],[-1.693,-2.002],[-0.716,-3.906],[0,-9.016],[1.676,-4.329],[2.995,0],[1.692,1.937],[0.716,3.793],[0,6.283]],"v":[[40.283,-20.85],[36.719,-11.914],[29.688,-8.789],[22.803,-11.792],[19.189,-20.654],[18.115,-35.693],[20.63,-55.713],[29.59,-62.207],[36.621,-59.302],[40.234,-50.708],[41.309,-36.084]],"c":true}},"nm":"0","hd":false}],"nm":"0","bm":0,"hd":false}]},"fFamily":"Arial Rounded MT Bold"},{"ch":"%","size":145,"style":"Regular","w":85.4,"data":{"shapes":[{"ty":"gr","it":[{"ind":0,"ty":"sh","ks":{"a":0,"k":{"i":[[0.651,2.312],[1.334,1.611],[1.92,0.781],[2.539,0],[2.262,-1.465],[1.009,-2.832],[0,-4.231],[-1.302,-2.734],[-2.328,-1.286],[-2.93,0],[-2.734,3.027],[0,6.218]],"o":[[-0.652,-2.311],[-1.335,-1.611],[-1.921,-0.781],[-3.516,0],[-2.263,1.465],[-1.009,2.832],[0,3.939],[1.302,2.734],[2.327,1.286],[4.752,0],[2.734,-3.027],[0,-3.125]],"v":[[32.031,-61.377],[29.053,-67.261],[24.17,-70.85],[17.48,-72.021],[8.813,-69.824],[3.906,-63.379],[2.393,-52.783],[4.346,-42.773],[9.79,-36.743],[17.676,-34.814],[28.906,-39.355],[33.008,-53.223]],"c":true}},"nm":"%","hd":false},{"ind":1,"ty":"sh","ks":{"a":0,"k":{"i":[[0.862,-2.051],[2.409,0],[0.911,0.928],[0.342,1.823],[0,2.898],[-0.342,1.807],[-0.928,0.928],[-1.562,0],[-0.912,-1.936],[0,-4.264]],"o":[[-0.863,2.051],[-1.595,0],[-0.912,-0.928],[-0.342,-1.823],[0,-2.799],[0.342,-1.807],[0.928,-0.928],[2.311,0],[0.911,1.937],[0,4.427]],"v":[[22.583,-43.994],[17.676,-40.918],[13.916,-42.31],[12.036,-46.436],[11.523,-53.516],[12.036,-60.425],[13.94,-64.526],[17.676,-65.918],[22.51,-63.013],[23.877,-53.711]],"c":true}},"nm":"%","hd":false},{"ind":2,"ty":"sh","ks":{"a":0,"k":{"i":[[0.651,2.328],[1.35,1.562],[1.904,0.781],[2.539,0],[2.425,-3.206],[0,-6.348],[-1.318,-2.702],[-2.328,-1.302],[-2.962,0],[-2.734,3.027],[0,6.218]],"o":[[-0.652,-2.327],[-1.351,-1.562],[-1.904,-0.781],[-5.273,0],[-2.425,3.207],[0,3.972],[1.318,2.702],[2.327,1.302],[4.752,0],[2.734,-3.027],[0,-3.125]],"v":[[82.031,-26.099],[79.028,-31.934],[74.146,-35.449],[67.48,-36.621],[55.933,-31.812],[52.295,-17.48],[54.272,-7.471],[59.741,-1.465],[67.676,0.488],[78.906,-4.053],[83.008,-17.92]],"c":true}},"nm":"%","hd":false},{"ind":3,"ty":"sh","ks":{"a":0,"k":{"i":[[0.879,-2.067],[2.376,0],[0.928,2.019],[0,4.362],[-0.375,1.775],[-0.912,0.912],[-1.628,0],[-0.912,-1.936],[0,-4.199]],"o":[[-0.879,2.068],[-2.344,0],[-0.928,-2.018],[0,-2.832],[0.374,-1.774],[0.911,-0.911],[2.311,0],[0.911,1.937],[0,4.395]],"v":[[72.559,-8.716],[67.676,-5.615],[62.769,-8.643],[61.377,-18.213],[61.938,-25.122],[63.867,-29.15],[67.676,-30.518],[72.51,-27.612],[73.877,-18.408]],"c":true}},"nm":"%","hd":false},{"ind":4,"ty":"sh","ks":{"a":0,"k":{"i":[[0,0.684],[0.602,0.57],[0.977,0],[0.537,-0.602],[0.716,-1.204],[0,0],[0,-0.684],[-0.749,-0.57],[-0.749,0],[-1.042,1.79],[0,0]],"o":[[0,-0.944],[-0.603,-0.569],[-1.009,0],[-0.537,0.603],[0,0],[-0.652,0.977],[0,0.911],[0.748,0.569],[1.302,0],[0,0],[1.204,-1.92]],"v":[[67.383,-69.482],[66.479,-71.753],[64.111,-72.607],[61.792,-71.704],[59.912,-68.994],[18.994,-2.881],[18.018,-0.391],[19.141,1.831],[21.387,2.686],[24.902,0],[65.576,-65.576]],"c":true}},"nm":"%","hd":false}],"nm":"%","bm":0,"hd":false}]},"fFamily":"Arial Rounded MT Bold"},{"ch":"2","size":145,"style":"Regular","w":59.42,"data":{"shapes":[{"ty":"gr","it":[{"ind":0,"ty":"sh","ks":{"a":0,"k":{"i":[[-0.781,0.879],[-4.9,4.004],[-2.084,1.872],[-2.002,3.304],[0,4.037],[0.96,2.393],[1.725,1.823],[2.278,1.042],[4.98,0],[3.076,-1.221],[2.002,-1.985],[1.009,-2.441],[0,-2.246],[-1.074,-1.074],[-1.628,0],[-0.961,1.172],[-0.765,2.181],[-0.326,0.488],[-4.265,0],[-1.709,-0.911],[-0.993,-1.643],[0,-2.083],[0.928,-2.002],[1.774,-1.904],[2.669,-1.888],[3.483,-3.206],[4.329,-4.492],[0.879,-1.936],[0,-1.172],[-1.367,-1.35],[-2.441,0],[0,0],[-1.058,1.107],[0,1.595],[1.334,1.042],[2.539,0],[0,0]],"o":[[1.823,-2.213],[4.899,-4.004],[2.083,-1.871],[2.002,-3.304],[0,-2.571],[-0.961,-2.393],[-1.726,-1.823],[-3.516,-1.562],[-4.134,0],[-3.076,1.221],[-2.002,1.986],[-1.009,2.441],[0,1.855],[1.074,1.074],[1.855,0],[0.96,-1.172],[0.764,-2.18],[2.441,-3.743],[2.018,0],[1.709,0.912],[0.993,1.644],[0,1.921],[-0.928,2.002],[-1.775,1.904],[-1.498,1.009],[-3.484,3.207],[-1.042,1.107],[-0.879,1.937],[0,1.823],[1.367,1.351],[0,0],[2.148,0],[1.057,-1.106],[0,-1.79],[-1.335,-1.041],[0,0],[0.813,-1.237]],"v":[[24.707,-14.697],[34.79,-24.023],[45.264,-32.837],[51.392,-40.601],[54.395,-51.611],[52.954,-59.058],[48.926,-65.381],[42.92,-69.678],[30.176,-72.021],[19.36,-70.19],[11.743,-65.381],[7.227,-58.74],[5.713,-51.709],[7.324,-47.314],[11.377,-45.703],[15.601,-47.461],[18.188,-52.49],[19.824,-56.494],[29.883,-62.109],[35.474,-60.742],[39.526,-56.909],[41.016,-51.318],[39.624,-45.435],[35.571,-39.575],[28.906,-33.887],[21.436,-27.563],[9.717,-16.016],[6.836,-11.45],[5.518,-6.787],[7.568,-2.026],[13.281,0],[49.219,0],[54.028,-1.66],[55.615,-5.713],[53.613,-9.961],[47.803,-11.523],[22.314,-11.523]],"c":true}},"nm":"2","hd":false}],"nm":"2","bm":0,"hd":false}]},"fFamily":"Arial Rounded MT Bold"},{"ch":"4","size":145,"style":"Regular","w":59.42,"data":{"shapes":[{"ty":"gr","it":[{"ind":0,"ty":"sh","ks":{"a":0,"k":{"i":[[-1.123,-1.253],[-1.823,0],[-1.107,1.221],[0,2.507],[0,0],[0,0],[-1.237,0.863],[0,1.888],[1.514,0.684],[2.506,0],[0,0],[0,0],[4.948,0],[1.09,-1.025],[1.692,-2.278],[0,0],[0.488,-0.651],[0.455,-0.7],[0.227,-0.635],[0,-0.618],[-1.546,-1.399],[-3.093,0],[0,0],[0,0]],"o":[[1.123,1.253],[1.855,0],[1.106,-1.221],[0,0],[0,0],[2.473,0],[1.237,-0.862],[0,-2.311],[-1.514,-0.684],[0,0],[0,0],[0,-5.664],[-1.53,0],[-1.091,1.025],[0,0],[-0.716,0.945],[-0.488,0.652],[-0.456,0.7],[-0.228,0.635],[0,2.409],[1.546,1.4],[0,0],[0,0],[0,2.441]],"v":[[36.694,-0.659],[41.113,1.221],[45.557,-0.61],[47.217,-6.201],[47.217,-15.283],[50.195,-15.283],[55.762,-16.577],[57.617,-20.703],[55.347,-25.195],[49.316,-26.221],[47.217,-26.221],[47.217,-64.014],[39.795,-72.51],[35.864,-70.972],[31.689,-66.016],[5.811,-31.396],[4.004,-29.004],[2.588,-26.978],[1.562,-24.976],[1.221,-23.096],[3.54,-17.383],[10.498,-15.283],[35.01,-15.283],[35.01,-6.201]],"c":true}},"nm":"4","hd":false},{"ind":1,"ty":"sh","ks":{"a":0,"k":{"i":[[0,0],[0,0],[0,0]],"o":[[0,0],[0,0],[0,0]],"v":[[35.01,-54.59],[35.01,-26.221],[14.014,-26.221]],"c":true}},"nm":"4","hd":false}],"nm":"4","bm":0,"hd":false}]},"fFamily":"Arial Rounded MT Bold"},{"ch":"5","size":145,"style":"Regular","w":59.42,"data":{"shapes":[{"ty":"gr","it":[{"ind":0,"ty":"sh","ks":{"a":0,"k":{"i":[[-1.237,1.042],[0,1.693],[5.078,0],[0,0],[1.237,-1.27],[0.455,-2.799],[0,0],[0,-0.163],[-1.237,-1.155],[-1.595,0],[-2.263,1.709],[-1.205,0.684],[-2.8,0],[-1.855,-1.09],[-1.107,-2.213],[0,-3.125],[1.025,-2.278],[1.888,-1.302],[2.506,0],[2.213,1.611],[1.302,2.898],[2.734,0],[1.057,-1.139],[0,-1.27],[-1.514,-2.783],[-3.63,-2.148],[-5.827,0],[-3.988,2.278],[-2.116,3.874],[0,4.72],[1.172,2.832],[2.051,2.068],[2.718,1.172],[3.125,0],[4.622,-2.473],[0,0],[0,0]],"o":[[1.237,-1.041],[0,-3.873],[0,0],[-2.8,0],[-1.237,1.27],[0,0],[-0.359,2.051],[0,1.465],[1.237,1.156],[1.465,0],[2.262,-1.709],[1.204,-0.684],[2.278,0],[1.855,1.091],[1.106,2.214],[0,2.898],[-1.025,2.279],[-1.888,1.302],[-2.734,0],[-2.214,-1.611],[-1.335,-3.157],[-1.595,0],[-1.058,1.14],[0,2.084],[1.514,2.783],[3.629,2.148],[5.208,0],[3.987,-2.278],[2.116,-3.873],[0,-3.255],[-1.172,-2.832],[-2.051,-2.067],[-2.718,-1.172],[-3.906,0],[0,0],[0,0],[2.409,0]],"v":[[51.758,-61.084],[53.613,-65.186],[45.996,-70.996],[20.215,-70.996],[14.16,-69.092],[11.621,-62.988],[7.52,-39.6],[6.982,-36.279],[8.838,-32.349],[13.086,-30.615],[18.677,-33.179],[23.877,-36.768],[29.883,-37.793],[36.084,-36.157],[40.527,-31.201],[42.188,-23.193],[40.649,-15.43],[36.279,-10.059],[29.688,-8.105],[22.266,-10.522],[16.992,-17.285],[10.889,-22.021],[6.909,-20.312],[5.322,-16.699],[7.593,-9.399],[15.308,-2.002],[29.492,1.221],[43.286,-2.197],[52.441,-11.426],[55.615,-24.316],[53.857,-33.447],[49.023,-40.796],[41.87,-45.654],[33.105,-47.412],[20.312,-43.701],[23.096,-59.521],[46.289,-59.521]],"c":true}},"nm":"5","hd":false}],"nm":"5","bm":0,"hd":false}]},"fFamily":"Arial Rounded MT Bold"},{"ch":"6","size":145,"style":"Regular","w":59.42,"data":{"shapes":[{"ty":"gr","it":[{"ind":0,"ty":"sh","ks":{"a":0,"k":{"i":[[-2.377,3.451],[-1.709,0.993],[-1.726,0],[-1.628,-1.188],[-0.749,-1.953],[-1.172,-0.862],[-1.367,0],[-1.009,1.091],[0,1.335],[1.611,2.409],[3.174,1.628],[4.166,0],[3.385,-1.627],[2.376,-3.19],[1.27,-4.85],[0,-6.152],[-2.1,-5.225],[-3.972,-2.669],[-5.469,0],[-3.76,2.1],[-2.1,3.744],[0,4.59],[1.074,2.898],[1.969,2.132],[2.62,1.156],[3.092,0],[2.604,-1.27],[2.213,-2.637]],"o":[[1.172,-1.692],[1.709,-0.993],[2.148,0],[1.627,1.189],[0.553,1.53],[1.172,0.863],[1.562,0],[1.009,-1.09],[0,-2.213],[-1.611,-2.409],[-3.174,-1.627],[-4.33,0],[-3.386,1.628],[-2.377,3.191],[-1.27,4.851],[0,7.552],[2.1,5.225],[3.971,2.67],[4.752,0],[3.76,-2.1],[2.1,-3.743],[0,-3.157],[-1.074,-2.897],[-1.97,-2.132],[-2.621,-1.155],[-3.223,0],[-2.605,1.27],[0.423,-8.854]],"v":[[22.314,-57.178],[26.636,-61.206],[31.787,-62.695],[37.451,-60.913],[41.016,-56.201],[43.604,-52.612],[47.412,-51.318],[51.27,-52.954],[52.783,-56.592],[50.366,-63.525],[43.188,-69.58],[32.178,-72.021],[20.605,-69.58],[11.963,-62.354],[6.494,-50.293],[4.59,-33.789],[7.739,-14.624],[16.846,-2.783],[31.006,1.221],[43.774,-1.929],[52.563,-10.693],[55.713,-23.193],[54.102,-32.275],[49.536,-39.819],[42.651,-44.751],[34.082,-46.484],[25.342,-44.58],[18.115,-38.721]],"c":true}},"nm":"6","hd":false},{"ind":1,"ty":"sh","ks":{"a":0,"k":{"i":[[2.278,2.93],[0,4.395],[-1.123,2.035],[-1.839,1.074],[-2.019,0],[-1.758,-1.123],[-1.009,-2.132],[0,-2.962],[2.148,-2.686],[3.288,0]],"o":[[-2.279,-2.93],[0,-2.734],[1.123,-2.034],[1.839,-1.074],[2.116,0],[1.758,1.123],[1.009,2.132],[0,4.362],[-2.148,2.686],[-3.451,0]],"v":[[22.705,-12.793],[19.287,-23.779],[20.972,-30.933],[25.415,-35.596],[31.201,-37.207],[37.012,-35.522],[41.162,-30.64],[42.676,-22.998],[39.453,-12.427],[31.299,-8.398]],"c":true}},"nm":"6","hd":false}],"nm":"6","bm":0,"hd":false}]},"fFamily":"Arial Rounded MT Bold"},{"ch":"8","size":145,"style":"Regular","w":59.42,"data":{"shapes":[{"ty":"gr","it":[{"ind":0,"ty":"sh","ks":{"a":0,"k":{"i":[[-6.673,-3.125],[0,-8.756],[-1.953,-3.304],[-3.841,-1.888],[-5.404,0],[-3.841,1.888],[-1.986,3.337],[0,4.102],[0.928,2.295],[1.823,1.742],[2.766,1.074],[-1.644,2.507],[0,3.191],[0.944,2.23],[1.953,1.775],[2.93,1.009],[3.873,0],[3.434,-1.725],[1.774,-2.881],[0,-3.255]],"o":[[-8.269,3.255],[0,4.102],[1.953,3.304],[3.841,1.888],[5.208,0],[3.841,-1.888],[1.985,-3.336],[0,-2.799],[-0.928,-2.295],[-1.823,-1.741],[3.255,-1.595],[1.643,-2.506],[0,-2.506],[-0.945,-2.229],[-1.953,-1.774],[-2.93,-1.009],[-4.59,0],[-3.435,1.726],[-1.775,2.881],[0,6.738]],"v":[[16.699,-38.623],[4.297,-20.605],[7.227,-9.497],[15.918,-1.709],[29.785,1.123],[43.359,-1.709],[52.1,-9.546],[55.078,-20.703],[53.687,-28.345],[49.561,-34.399],[42.676,-38.623],[50.024,-44.775],[52.49,-53.32],[51.074,-60.425],[46.729,-66.431],[39.404,-70.605],[29.199,-72.119],[17.163,-69.531],[9.351,-62.622],[6.689,-53.418]],"c":true}},"nm":"8","hd":false},{"ind":1,"ty":"sh","ks":{"a":0,"k":{"i":[[1.041,-1.953],[1.823,-1.074],[2.278,0],[1.823,1.058],[1.057,1.937],[0,2.539],[-2.246,2.214],[-3.32,0],[-1.888,-1.009],[-1.042,-1.888],[0,-2.539]],"o":[[-1.042,1.953],[-1.823,1.074],[-2.246,0],[-1.823,-1.057],[-1.058,-1.936],[0,-3.971],[2.246,-2.213],[2.344,0],[1.888,1.009],[1.041,1.888],[0,2.539]],"v":[[40.137,-14.355],[35.84,-9.814],[29.688,-8.203],[23.584,-9.79],[19.263,-14.282],[17.676,-20.996],[21.045,-30.273],[29.395,-33.594],[35.742,-32.08],[40.137,-27.734],[41.699,-21.094]],"c":true}},"nm":"8","hd":false},{"ind":2,"ty":"sh","ks":{"a":0,"k":{"i":[[-1.562,-0.879],[-0.863,-1.53],[0,-1.92],[0.488,-1.188],[0.895,-0.862],[1.253,-0.488],[1.53,0],[1.92,1.839],[0,2.767],[-1.872,1.904],[-3.06,0]],"o":[[1.562,0.879],[0.862,1.53],[0,1.433],[-0.488,1.189],[-0.896,0.863],[-1.254,0.488],[-3.027,0],[-1.921,-1.839],[0,-2.995],[1.871,-1.904],[2.018,0]],"v":[[34.863,-61.475],[38.501,-57.861],[39.795,-52.686],[39.062,-48.755],[36.987,-45.679],[33.765,-43.652],[29.59,-42.92],[22.168,-45.679],[19.287,-52.588],[22.095,-59.937],[29.492,-62.793]],"c":true}},"nm":"8","hd":false}],"nm":"8","bm":0,"hd":false}]},"fFamily":"Arial Rounded MT Bold"},{"ch":"9","size":145,"style":"Regular","w":59.42,"data":{"shapes":[{"ty":"gr","it":[{"ind":0,"ty":"sh","ks":{"a":0,"k":{"i":[[2.344,-3.483],[1.66,-0.944],[1.855,0],[1.66,1.189],[0.716,1.953],[1.139,0.798],[1.432,0],[1.009,-1.074],[0,-1.367],[-1.628,-2.393],[-3.125,-1.611],[-4.232,0],[-3.386,1.579],[-2.425,3.239],[-1.27,4.769],[0,6.25],[1.204,4.427],[2.246,2.914],[3.288,1.53],[4.199,0],[3.011,-1.237],[2.18,-2.213],[1.172,-3.011],[0,-3.352],[-1.042,-2.848],[-1.937,-2.132],[-2.654,-1.188],[-3.06,0],[-2.654,1.286],[-2.148,2.539]],"o":[[-1.172,1.726],[-1.66,0.945],[-2.084,0],[-1.66,-1.188],[-0.586,-1.595],[-1.14,-0.797],[-1.562,0],[-1.009,1.074],[0,2.214],[1.627,2.393],[3.125,1.611],[4.297,0],[3.385,-1.579],[2.425,-3.239],[1.27,-4.768],[0,-5.598],[-1.205,-4.427],[-2.246,-2.913],[-3.288,-1.53],[-3.646,0],[-3.011,1.237],[-2.181,2.214],[-1.172,3.011],[0,3.125],[1.041,2.849],[1.936,2.132],[2.653,1.189],[3.223,0],[2.653,-1.286],[-0.456,8.822]],"v":[[36.523,-13.623],[32.275,-9.619],[27.002,-8.203],[21.387,-9.985],[17.822,-14.697],[15.234,-18.286],[11.377,-19.482],[7.52,-17.871],[6.006,-14.209],[8.447,-7.3],[15.576,-1.294],[26.611,1.123],[38.135,-1.245],[46.851,-8.472],[52.393,-20.483],[54.297,-37.012],[52.49,-52.051],[47.314,-63.062],[39.014,-69.727],[27.783,-72.021],[17.798,-70.166],[10.01,-64.99],[4.98,-57.153],[3.223,-47.607],[4.785,-38.647],[9.253,-31.177],[16.138,-26.196],[24.707,-24.414],[33.521,-26.343],[40.723,-32.08]],"c":true}},"nm":"9","hd":false},{"ind":1,"ty":"sh","ks":{"a":0,"k":{"i":[[1.155,-2.018],[1.839,-1.057],[2.018,0],[2.148,2.572],[0,4.33],[-2.148,2.654],[-3.093,0],[-1.514,-0.781],[-1.091,-1.367],[-0.603,-1.871],[0,-2.213]],"o":[[-1.156,2.019],[-1.839,1.058],[-3.288,0],[-2.148,-2.571],[0,-4.362],[2.148,-2.653],[1.79,0],[1.514,0.781],[1.09,1.367],[0.602,1.872],[0,2.734]],"v":[[37.866,-39.893],[33.374,-35.278],[27.588,-33.691],[19.434,-37.549],[16.211,-47.9],[19.434,-58.423],[27.295,-62.402],[32.251,-61.23],[36.157,-58.008],[38.696,-53.149],[39.6,-47.021]],"c":true}},"nm":"9","hd":false}],"nm":"9","bm":0,"hd":false}]},"fFamily":"Arial Rounded MT Bold"},{"ch":"3","size":145,"style":"Regular","w":59.42,"data":{"shapes":[{"ty":"gr","it":[{"ind":0,"ty":"sh","ks":{"a":0,"k":{"i":[[0,0],[1.172,-0.96],[0,-1.562],[-0.977,-0.895],[-1.791,0],[-1.367,0.13],[-0.652,0],[-2.084,-2.164],[0,-3.809],[1.221,-1.953],[1.871,-0.993],[2.018,0],[1.936,2.197],[1.692,4.525],[0.846,0.537],[0.911,0],[1.221,-1.155],[0,-1.888],[-1.025,-2.246],[-2.002,-2.1],[-3.093,-1.399],[-3.906,0],[-3.174,1.221],[-2.312,2.165],[-1.189,2.767],[0,2.962],[0.879,2.132],[1.741,1.758],[2.539,1.367],[-1.416,2.328],[0,3.255],[0.977,2.148],[1.92,1.628],[2.604,0.863],[3.157,0],[2.93,-1.025],[1.969,-1.692],[1.025,-1.871],[0,-1.692],[-1.091,-1.057],[-1.302,0],[-0.847,0.391],[-0.326,0.684],[-0.668,1.433],[-0.749,0.912],[-1.286,0.554],[-1.986,0],[-1.726,-1.807],[0,-2.506],[2.164,-1.758],[2.995,0]],"o":[[-2.312,0],[-1.172,0.961],[0,1.595],[0.977,0.896],[0.391,0],[1.367,-0.13],[3.711,0],[2.083,2.165],[0,2.572],[-1.221,1.953],[-1.872,0.993],[-3.516,0],[-1.937,-2.197],[-0.261,-0.748],[-0.847,-0.537],[-1.823,0],[-1.221,1.156],[0,1.465],[1.025,2.246],[2.002,2.1],[3.092,1.399],[3.841,0],[3.174,-1.221],[2.311,-2.164],[1.188,-2.766],[0,-2.473],[-0.879,-2.132],[-1.742,-1.758],[2.637,-2.213],[1.416,-2.327],[0,-2.473],[-0.977,-2.148],[-1.921,-1.627],[-2.605,-0.862],[-3.613,0],[-2.93,1.025],[-1.97,1.693],[-1.025,1.872],[0,1.758],[1.09,1.058],[1.106,0],[0.846,-0.391],[0.553,-1.27],[0.667,-1.432],[0.748,-0.911],[1.286,-0.553],[2.93,0],[1.725,1.807],[0,3.288],[-2.165,1.758],[0,0]],"v":[[25.391,-43.213],[20.166,-41.772],[18.408,-37.988],[19.873,-34.253],[24.023,-32.91],[26.66,-33.105],[29.688,-33.301],[38.379,-30.054],[41.504,-21.094],[39.673,-14.307],[35.034,-9.888],[29.199,-8.398],[21.021,-11.694],[15.576,-21.777],[13.916,-23.706],[11.279,-24.512],[6.714,-22.778],[4.883,-18.213],[6.421,-12.646],[10.962,-6.128],[18.604,-0.879],[29.102,1.221],[39.624,-0.61],[47.852,-5.688],[53.101,-13.086],[54.883,-21.68],[53.564,-28.589],[49.634,-34.424],[43.213,-39.111],[49.292,-45.923],[51.416,-54.297],[49.951,-61.23],[45.605,-66.895],[38.818,-70.63],[30.176,-71.924],[20.361,-70.386],[13.013,-66.309],[8.521,-60.962],[6.982,-55.615],[8.618,-51.392],[12.207,-49.805],[15.137,-50.391],[16.895,-52.002],[18.726,-56.055],[20.85,-59.57],[23.901,-61.768],[28.809,-62.598],[35.791,-59.888],[38.379,-53.418],[35.132,-45.85],[27.393,-43.213]],"c":true}},"nm":"3","hd":false}],"nm":"3","bm":0,"hd":false}]},"fFamily":"Arial Rounded MT Bold"},{"ch":"7","size":145,"style":"Regular","w":59.42,"data":{"shapes":[{"ty":"gr","it":[{"ind":0,"ty":"sh","ks":{"a":0,"k":{"i":[[1.432,-0.651],[0,-2.246],[-1.351,-0.993],[-2.734,0],[0,0],[2.979,-5.257],[1.985,-4.996],[0.879,-3.58],[0,-2.083],[-1.205,-1.383],[-1.986,0],[-1.254,1.286],[-0.684,3.32],[-0.391,2.702],[-0.326,1.693],[-0.781,2.572],[-2.23,4.037],[-2.1,2.718],[-1.644,2.246],[0,1.367],[1.399,0.977],[3.125,0],[0,0]],"o":[[-1.433,0.652],[0,2.116],[1.35,0.993],[0,0],[-4.102,5.209],[-2.979,5.257],[-1.986,4.997],[-0.879,3.581],[0,2.702],[1.204,1.383],[2.083,0],[1.253,-1.286],[0.293,-1.432],[0.391,-2.702],[0.325,-1.692],[1.855,-5.827],[2.229,-4.036],[2.1,-2.718],[1.643,-2.246],[0,-2.246],[-1.4,-0.977],[0,0],[-2.572,0]],"v":[[9.57,-69.922],[7.422,-65.576],[9.448,-60.913],[15.576,-59.424],[41.699,-59.424],[31.079,-43.726],[23.633,-28.345],[19.336,-15.479],[18.018,-6.982],[19.824,-0.854],[24.609,1.221],[29.614,-0.708],[32.52,-7.617],[33.545,-13.818],[34.619,-20.41],[36.279,-26.807],[42.407,-41.602],[48.901,-51.733],[54.517,-59.18],[56.982,-64.6],[54.883,-69.434],[48.096,-70.898],[15.576,-70.898]],"c":true}},"nm":"7","hd":false}],"nm":"7","bm":0,"hd":false}]},"fFamily":"Arial Rounded MT Bold"}]}