{"v":"5.12.1","fr":60,"ip":0,"op":1800,"w":1080,"h":1080,"nm":"ATF_Unexpected","ddd":0,"assets":[{"id":"audio_0","u":"images/","p":"aud_0.mp3","e":0,"t":2},{"id":"audio_1","u":"images/","p":"aud_1.mp3","e":0,"t":2},{"id":"comp_0","nm":"Black Star","fr":60,"layers":[{"ddd":0,"ind":1,"ty":4,"nm":"Calque 2/Add_to_favorite_2 Outlines 4","sr":1,"ks":{"o":{"a":0,"k":100,"ix":11},"r":{"a":0,"k":0,"ix":10},"p":{"a":0,"k":[540,540,0],"ix":2,"l":2},"a":{"a":0,"k":[271,251,0],"ix":1,"l":2},"s":{"a":1,"k":[{"i":{"x":[0.285,0.285,0.667],"y":[1,1,1]},"o":{"x":[1,1,0.333],"y":[0,0,0]},"t":391,"s":[111,111,100]},{"i":{"x":[0.169,0.169,0.667],"y":[1,1,1]},"o":{"x":[0.573,0.573,0.333],"y":[0,0,0]},"t":397,"s":[116,116,100]},{"t":414,"s":[0,0,100]}],"ix":6,"l":2}},"ao":0,"shapes":[{"ty":"gr","it":[{"ind":0,"ty":"sh","ix":1,"ks":{"a":0,"k":{"i":[[-0.939,-2.772],[0,0],[0,0],[2.458,-1.712],[0,0],[0,0],[2.424,1.689],[0,0],[0,0],[-0.948,2.798],[0,0],[0,0],[-2.996,0],[0,0],[0,0]],"o":[[0,0],[0,0],[2.996,0],[0,0],[0,0],[0.948,2.798],[0,0],[0,0],[-2.424,1.689],[0,0],[0,0],[-2.458,-1.712],[0,0],[0,0],[0.939,-2.772]],"v":[[2.899,-210.467],[89.805,-85.927],[229.192,-52.528],[230.942,-46.956],[124.666,50.373],[144.686,208.057],[140.037,211.549],[0,147.37],[-140.037,211.549],[-144.686,208.057],[-124.666,50.373],[-230.942,-46.956],[-229.192,-52.528],[-89.805,-85.927],[-2.899,-210.467]],"c":true},"ix":2},"nm":"Path 1","mn":"ADBE Vector Shape - Group","hd":false},{"ty":"st","c":{"a":0,"k":[1,1,1,1],"ix":3},"o":{"a":0,"k":100,"ix":4},"w":{"a":1,"k":[{"i":{"x":[0.505],"y":[1]},"o":{"x":[0.886],"y":[0]},"t":133,"s":[0]},{"i":{"x":[0.505],"y":[1]},"o":{"x":[0.167],"y":[0]},"t":149,"s":[15]},{"i":{"x":[0.114],"y":[1]},"o":{"x":[0.495],"y":[0]},"t":326,"s":[15]},{"t":342,"s":[0]}],"ix":5},"lc":1,"lj":1,"ml":10,"bm":0,"nm":"Stroke 1","mn":"ADBE Vector Graphic - Stroke","hd":false},{"ty":"fl","c":{"a":1,"k":[{"i":{"x":[0.833],"y":[0.833]},"o":{"x":[0.167],"y":[0.167]},"t":326,"s":[1,0.78431372549,0.101960784314,1]},{"t":342,"s":[0.952941179276,0.952941179276,0.952941179276,1]}],"ix":4},"o":{"a":0,"k":100,"ix":5},"r":1,"bm":0,"nm":"Fill 1","mn":"ADBE Vector Graphic - Fill","hd":false},{"ty":"tr","p":{"a":0,"k":[270.9,250.739],"ix":2},"a":{"a":0,"k":[0,0],"ix":1},"s":{"a":0,"k":[100,100],"ix":3},"r":{"a":0,"k":0,"ix":6},"o":{"a":0,"k":100,"ix":7},"sk":{"a":0,"k":0,"ix":4},"sa":{"a":0,"k":0,"ix":5},"nm":"Transform"}],"nm":"Group 1","np":3,"cix":2,"bm":0,"ix":1,"mn":"ADBE Vector Group","hd":false}],"ip":372,"op":1900,"st":100,"ct":1,"bm":0},{"ddd":0,"ind":2,"ty":4,"nm":"Calque 2/Add_to_favorite_2 Outlines 3","sr":1,"ks":{"o":{"a":0,"k":100,"ix":11},"r":{"a":0,"k":0,"ix":10},"p":{"a":0,"k":[540,540,0],"ix":2,"l":2},"a":{"a":0,"k":[271,251,0],"ix":1,"l":2},"s":{"a":1,"k":[{"i":{"x":[0.285,0.285,0.667],"y":[1,1,1]},"o":{"x":[1,1,0.333],"y":[0,0,0]},"t":367,"s":[111,111,100]},{"i":{"x":[0.169,0.169,0.667],"y":[1,1,1]},"o":{"x":[0.573,0.573,0.333],"y":[0,0,0]},"t":373,"s":[116,116,100]},{"t":390,"s":[0,0,100]}],"ix":6,"l":2}},"ao":0,"shapes":[{"ty":"gr","it":[{"ind":0,"ty":"sh","ix":1,"ks":{"a":0,"k":{"i":[[-0.939,-2.772],[0,0],[0,0],[2.458,-1.712],[0,0],[0,0],[2.424,1.689],[0,0],[0,0],[-0.948,2.798],[0,0],[0,0],[-2.996,0],[0,0],[0,0]],"o":[[0,0],[0,0],[2.996,0],[0,0],[0,0],[0.948,2.798],[0,0],[0,0],[-2.424,1.689],[0,0],[0,0],[-2.458,-1.712],[0,0],[0,0],[0.939,-2.772]],"v":[[2.899,-210.467],[89.805,-85.927],[229.192,-52.528],[230.942,-46.956],[124.666,50.373],[144.686,208.057],[140.037,211.549],[0,147.37],[-140.037,211.549],[-144.686,208.057],[-124.666,50.373],[-230.942,-46.956],[-229.192,-52.528],[-89.805,-85.927],[-2.899,-210.467]],"c":true},"ix":2},"nm":"Path 1","mn":"ADBE Vector Shape - Group","hd":false},{"ty":"st","c":{"a":0,"k":[1,1,1,1],"ix":3},"o":{"a":0,"k":100,"ix":4},"w":{"a":1,"k":[{"i":{"x":[0.505],"y":[1]},"o":{"x":[0.886],"y":[0]},"t":109,"s":[0]},{"i":{"x":[0.505],"y":[1]},"o":{"x":[0.167],"y":[0]},"t":125,"s":[15]},{"i":{"x":[0.114],"y":[1]},"o":{"x":[0.495],"y":[0]},"t":354,"s":[15]},{"i":{"x":[0.114],"y":[1]},"o":{"x":[0.886],"y":[0]},"t":370,"s":[0]},{"i":{"x":[0.833],"y":[1]},"o":{"x":[0.886],"y":[0]},"t":442,"s":[0]},{"t":449,"s":[15]}],"ix":5},"lc":1,"lj":1,"ml":10,"bm":0,"nm":"Stroke 1","mn":"ADBE Vector Graphic - Stroke","hd":false},{"ty":"fl","c":{"a":1,"k":[{"i":{"x":[0.833],"y":[0.833]},"o":{"x":[0.167],"y":[0.167]},"t":137,"s":[1,0.78431372549,0.101960784314,1]},{"i":{"x":[0.833],"y":[0.833]},"o":{"x":[0.167],"y":[0.167]},"t":199,"s":[1,0.78431372549,0.101960784314,1]},{"i":{"x":[0.833],"y":[0.833]},"o":{"x":[0.167],"y":[0.167]},"t":204,"s":[0,0,0,1]},{"i":{"x":[0.833],"y":[0.833]},"o":{"x":[0.167],"y":[0.167]},"t":354,"s":[0,0,0,1]},{"t":370,"s":[0.952941179276,0.952941179276,0.952941179276,1]}],"ix":4},"o":{"a":0,"k":100,"ix":5},"r":1,"bm":0,"nm":"Fill 1","mn":"ADBE Vector Graphic - Fill","hd":false},{"ty":"tr","p":{"a":0,"k":[270.9,250.739],"ix":2},"a":{"a":0,"k":[0,0],"ix":1},"s":{"a":0,"k":[100,100],"ix":3},"r":{"a":0,"k":0,"ix":6},"o":{"a":0,"k":100,"ix":7},"sk":{"a":0,"k":0,"ix":4},"sa":{"a":0,"k":0,"ix":5},"nm":"Transform"}],"nm":"Group 1","np":3,"cix":2,"bm":0,"ix":1,"mn":"ADBE Vector Group","hd":false}],"ip":90,"op":491,"st":76,"ct":1,"bm":0},{"ddd":0,"ind":3,"ty":4,"nm":"Calque 1/Add_to_favorite_2 Outlines 2","sr":1,"ks":{"o":{"a":0,"k":100,"ix":11},"r":{"a":0,"k":0,"ix":10},"p":{"a":0,"k":[540,540,0],"ix":2,"l":2},"a":{"a":0,"k":[383.5,363.5,0],"ix":1,"l":2},"s":{"a":0,"k":[111,111,100],"ix":6,"l":2}},"ao":0,"shapes":[{"ty":"gr","it":[{"ind":0,"ty":"sh","ix":1,"ks":{"a":0,"k":{"i":[[-0.939,-2.772],[0,0],[0,0],[2.458,-1.712],[0,0],[0,0],[2.424,1.689],[0,0],[0,0],[-0.948,2.798],[0,0],[0,0],[-2.996,0],[0,0],[0,0]],"o":[[0,0],[0,0],[2.996,0],[0,0],[0,0],[0.948,2.798],[0,0],[0,0],[-2.424,1.689],[0,0],[0,0],[-2.458,-1.712],[0,0],[0,0],[0.939,-2.772]],"v":[[2.899,-210.467],[89.805,-85.927],[229.192,-52.528],[230.942,-46.956],[124.666,50.373],[144.686,208.057],[140.037,211.549],[0,147.37],[-140.037,211.549],[-144.686,208.057],[-124.666,50.373],[-230.942,-46.956],[-229.192,-52.528],[-89.805,-85.927],[-2.899,-210.467]],"c":true},"ix":2},"nm":"Path 1","mn":"ADBE Vector Shape - Group","hd":false},{"ty":"st","c":{"a":0,"k":[1,0.78431372549,0.101960784314,1],"ix":3},"o":{"a":0,"k":100,"ix":4},"w":{"a":1,"k":[{"i":{"x":[0.214],"y":[1]},"o":{"x":[0.333],"y":[0.216]},"t":90,"s":[0]},{"i":{"x":[0.771],"y":[1]},"o":{"x":[0.694],"y":[0]},"t":104,"s":[84]},{"i":{"x":[0],"y":[0.587]},"o":{"x":[0.212],"y":[0]},"t":114,"s":[16]},{"i":{"x":[0.833],"y":[1]},"o":{"x":[0.167],"y":[0]},"t":125,"s":[61]},{"t":430,"s":[60]}],"ix":5},"lc":1,"lj":1,"ml":10,"bm":0,"nm":"Stroke 1","mn":"ADBE Vector Graphic - Stroke","hd":false},{"ty":"fl","c":{"a":0,"k":[1,1,1,1],"ix":4},"o":{"a":0,"k":100,"ix":5},"r":1,"bm":0,"nm":"Fill 1","mn":"ADBE Vector Graphic - Fill","hd":false},{"ty":"tr","p":{"a":0,"k":[383.4,363.239],"ix":2},"a":{"a":0,"k":[0,0],"ix":1},"s":{"a":0,"k":[100,100],"ix":3},"r":{"a":0,"k":0,"ix":6},"o":{"a":0,"k":100,"ix":7},"sk":{"a":0,"k":0,"ix":4},"sa":{"a":0,"k":0,"ix":5},"nm":"Transform"}],"nm":"Group 1","np":3,"cix":2,"bm":0,"ix":1,"mn":"ADBE Vector Group","hd":false}],"ip":90,"op":125,"st":90,"ct":1,"bm":0},{"ddd":0,"ind":4,"ty":4,"nm":"Star fill","sr":1,"ks":{"o":{"a":0,"k":100,"ix":11},"r":{"a":0,"k":0,"ix":10},"p":{"a":0,"k":[540.901,539.191,0],"ix":2,"l":2},"a":{"a":0,"k":[271,251,0],"ix":1,"l":2},"s":{"a":0,"k":[111,111,100],"ix":6,"l":2}},"ao":0,"shapes":[{"ty":"gr","it":[{"ind":0,"ty":"sh","ix":1,"ks":{"a":0,"k":{"i":[[-0.939,-2.772],[0,0],[0,0],[2.458,-1.712],[0,0],[0,0],[2.424,1.689],[0,0],[0,0],[-0.948,2.798],[0,0],[0,0],[-2.996,0],[0,0],[0,0]],"o":[[0,0],[0,0],[2.996,0],[0,0],[0,0],[0.948,2.798],[0,0],[0,0],[-2.424,1.689],[0,0],[0,0],[-2.458,-1.712],[0,0],[0,0],[0.939,-2.772]],"v":[[2.899,-210.467],[89.805,-85.927],[229.192,-52.528],[230.942,-46.956],[124.666,50.373],[144.686,208.057],[140.037,211.549],[0,147.37],[-140.037,211.549],[-144.686,208.057],[-124.666,50.373],[-230.942,-46.956],[-229.192,-52.528],[-89.805,-85.927],[-2.899,-210.467]],"c":true},"ix":2},"nm":"Path 1","mn":"ADBE Vector Shape - Group","hd":false},{"ty":"st","c":{"a":0,"k":[1,0.999998863071,1,1],"ix":3},"o":{"a":0,"k":100,"ix":4},"w":{"a":0,"k":15,"ix":5},"lc":1,"lj":1,"ml":10,"bm":0,"nm":"Stroke 1","mn":"ADBE Vector Graphic - Stroke","hd":false},{"ty":"fl","c":{"a":0,"k":[1,1,1,1],"ix":4},"o":{"a":0,"k":100,"ix":5},"r":1,"bm":0,"nm":"Fill 1","mn":"ADBE Vector Graphic - Fill","hd":false},{"ty":"tr","p":{"a":0,"k":[271,251.216],"ix":2},"a":{"a":0,"k":[0,0],"ix":1},"s":{"a":0,"k":[100,100],"ix":3},"r":{"a":0,"k":0,"ix":6},"o":{"a":0,"k":100,"ix":7},"sk":{"a":0,"k":0,"ix":4},"sa":{"a":0,"k":0,"ix":5},"nm":"Transform"}],"nm":"Group 1","np":3,"cix":2,"bm":0,"ix":1,"mn":"ADBE Vector Group","hd":false}],"ip":392,"op":614,"st":392,"ct":1,"bm":0},{"ddd":0,"ind":5,"ty":4,"nm":"Calque 4 Outlines 3","sr":1,"ks":{"o":{"a":0,"k":100,"ix":11},"r":{"a":0,"k":0,"ix":10},"p":{"a":0,"k":[540,540,0],"ix":2,"l":2},"a":{"a":0,"k":[271,251,0],"ix":1,"l":2},"s":{"a":0,"k":[113,113,100],"ix":6,"l":2}},"ao":0,"shapes":[{"ty":"gr","it":[{"ind":0,"ty":"sh","ix":1,"ks":{"a":0,"k":{"i":[[-0.939,-2.772],[0,0],[0,0],[2.458,-1.712],[0,0],[0,0],[2.424,1.689],[0,0],[0,0],[-0.948,2.798],[0,0],[0,0],[-2.996,0],[0,0],[0,0]],"o":[[0,0],[0,0],[2.996,0],[0,0],[0,0],[0.948,2.798],[0,0],[0,0],[-2.424,1.689],[0,0],[0,0],[-2.458,-1.712],[0,0],[0,0],[0.939,-2.772]],"v":[[2.899,-210.467],[89.805,-85.927],[229.192,-52.528],[230.942,-46.956],[124.666,50.373],[144.686,208.057],[140.037,211.549],[0,147.37],[-140.037,211.549],[-144.686,208.057],[-124.666,50.373],[-230.942,-46.956],[-229.192,-52.528],[-89.805,-85.927],[-2.899,-210.467]],"c":true},"ix":2},"nm":"Path 1","mn":"ADBE Vector Shape - Group","hd":false},{"ty":"st","c":{"a":1,"k":[{"i":{"x":[0.833],"y":[0.833]},"o":{"x":[0.167],"y":[0.167]},"t":325,"s":[1,0.999998863071,1,1]},{"t":341,"s":[0.952941179276,0.952941179276,0.952941179276,1]}],"ix":3},"o":{"a":0,"k":100,"ix":4},"w":{"a":1,"k":[{"i":{"x":[0.833],"y":[0.833]},"o":{"x":[0.167],"y":[0.167]},"t":325,"s":[15]},{"t":351,"s":[0]}],"ix":5},"lc":1,"lj":1,"ml":10,"bm":0,"nm":"Stroke 1","mn":"ADBE Vector Graphic - Stroke","hd":false},{"ty":"fl","c":{"a":0,"k":[1,1,1,1],"ix":4},"o":{"a":0,"k":100,"ix":5},"r":1,"bm":0,"nm":"Fill 1","mn":"ADBE Vector Graphic - Fill","hd":false},{"ty":"tr","p":{"a":0,"k":[271,251.216],"ix":2},"a":{"a":0,"k":[0,0],"ix":1},"s":{"a":0,"k":[100,100],"ix":3},"r":{"a":0,"k":0,"ix":6},"o":{"a":0,"k":100,"ix":7},"sk":{"a":0,"k":0,"ix":4},"sa":{"a":0,"k":0,"ix":5},"nm":"Transform"}],"nm":"Group 1","np":3,"cix":2,"bm":0,"ix":1,"mn":"ADBE Vector Group","hd":false}],"ip":372,"op":1823,"st":23,"ct":1,"bm":0},{"ddd":0,"ind":6,"ty":4,"nm":"Calque 4 Outlines 2","sr":1,"ks":{"o":{"a":0,"k":100,"ix":11},"r":{"a":0,"k":0,"ix":10},"p":{"a":0,"k":[840,818,0],"ix":2,"l":2},"a":{"a":0,"k":[271,251,0],"ix":1,"l":2},"s":{"a":0,"k":[111,111,100],"ix":6,"l":2}},"ao":0,"hasMask":true,"masksProperties":[{"inv":false,"mode":"a","pt":{"a":0,"k":{"i":[[0,0],[0,0]],"o":[[0,0],[0,0]],"v":[[-8887.316,-49.798],[7495.684,-49.798]],"c":false},"ix":1},"o":{"a":0,"k":100,"ix":3},"x":{"a":0,"k":0,"ix":4},"nm":"Mask 1"}],"shapes":[{"ty":"gr","it":[{"ind":0,"ty":"sh","ix":1,"ks":{"a":0,"k":{"i":[[-0.939,-2.772],[0,0],[0,0],[2.458,-1.713],[0,0],[0,0],[2.423,1.689],[0,0],[0,0],[-0.948,2.798],[0,0],[0,0],[-2.996,0],[0,0],[0,0],[0,0]],"o":[[0,0],[0,0],[2.996,0],[0,0],[0,0],[0.948,2.798],[0,0],[0,0],[-2.424,1.689],[0,0],[0,0],[-2.458,-1.713],[0,0],[0,0],[0,0],[0.939,-2.771]],"v":[[-268.101,-461.683],[-181.195,-337.143],[-41.808,-303.743],[-40.058,-298.171],[-146.334,-200.843],[-126.314,-43.16],[-130.963,-39.666],[-271,-103.847],[-411.037,-39.666],[-415.686,-43.16],[-395.666,-200.843],[-501.942,-298.171],[-500.192,-303.743],[-360.805,-337.143],[-273.899,-461.683],[-273.899,-461.683]],"c":true},"ix":2},"nm":"Path 1","mn":"ADBE Vector Shape - Group","hd":false},{"ty":"st","c":{"a":1,"k":[{"i":{"x":[0.833],"y":[0.833]},"o":{"x":[0.167],"y":[0.167]},"t":302,"s":[1,0.999998863071,1,1]},{"t":318,"s":[0.952941179276,0.952941179276,0.952941179276,1]}],"ix":3},"o":{"a":0,"k":100,"ix":4},"w":{"a":1,"k":[{"i":{"x":[0.833],"y":[0.833]},"o":{"x":[0.167],"y":[0.167]},"t":302,"s":[15]},{"t":328,"s":[0]}],"ix":5},"lc":1,"lj":1,"ml":10,"bm":0,"nm":"Stroke 1","mn":"ADBE Vector Graphic - Stroke","hd":false},{"ty":"fl","c":{"a":0,"k":[1,1,1,1],"ix":4},"o":{"a":0,"k":100,"ix":5},"r":1,"bm":0,"nm":"Fill 1","mn":"ADBE Vector Graphic - Fill","hd":false},{"ty":"tr","p":{"a":0,"k":[271,251.216],"ix":2},"a":{"a":0,"k":[0,0],"ix":1},"s":{"a":0,"k":[100,100],"ix":3},"r":{"a":0,"k":0,"ix":6},"o":{"a":0,"k":100,"ix":7},"sk":{"a":0,"k":0,"ix":4},"sa":{"a":0,"k":0,"ix":5},"nm":"Transform"}],"nm":"Group 1","np":3,"cix":2,"bm":0,"ix":1,"mn":"ADBE Vector Group","hd":false}],"ip":0,"op":372,"st":0,"ct":1,"bm":0},{"ddd":0,"ind":7,"ty":4,"nm":"Calque 3 Outlines 6","sr":1,"ks":{"o":{"a":0,"k":100,"ix":11},"r":{"a":0,"k":0,"ix":10},"p":{"a":0,"k":[540,540,0],"ix":2,"l":2},"a":{"a":0,"k":[384,364,0],"ix":1,"l":2},"s":{"a":0,"k":[111,111,100],"ix":6,"l":2}},"ao":0,"shapes":[{"ty":"gr","it":[{"ind":0,"ty":"sh","ix":1,"ks":{"a":0,"k":{"i":[[-0.939,-2.772],[0,0],[0,0],[2.458,-1.712],[0,0],[0,0],[2.424,1.689],[0,0],[0,0],[-0.948,2.798],[0,0],[0,0],[-2.996,0],[0,0],[0,0]],"o":[[0,0],[0,0],[2.996,0],[0,0],[0,0],[0.948,2.798],[0,0],[0,0],[-2.424,1.689],[0,0],[0,0],[-2.458,-1.712],[0,0],[0,0],[0.939,-2.772]],"v":[[2.899,-210.466],[89.805,-85.927],[229.192,-52.528],[230.942,-46.956],[124.666,50.374],[144.686,208.057],[140.037,211.55],[0,147.37],[-140.037,211.55],[-144.686,208.057],[-124.666,50.374],[-230.942,-46.956],[-229.192,-52.528],[-89.805,-85.927],[-2.899,-210.466]],"c":true},"ix":2},"nm":"Path 1","mn":"ADBE Vector Shape - Group","hd":false},{"ty":"st","c":{"a":1,"k":[{"i":{"x":[0.833],"y":[0.833]},"o":{"x":[0.167],"y":[0.167]},"t":325,"s":[1,0.78431372549,0.101960784314,1]},{"i":{"x":[0.833],"y":[0.833]},"o":{"x":[0.167],"y":[0.167]},"t":341,"s":[0.952941179276,0.952941179276,0.952941179276,1]},{"i":{"x":[0.833],"y":[0.833]},"o":{"x":[0.167],"y":[0.167]},"t":396,"s":[0.952941179276,0.952941179276,0.952941179276,1]},{"t":413,"s":[0,0,0,1]}],"ix":3},"o":{"a":0,"k":100,"ix":4},"w":{"a":0,"k":60,"ix":5},"lc":1,"lj":1,"ml":10,"bm":0,"nm":"Stroke 1","mn":"ADBE Vector Graphic - Stroke","hd":false},{"ty":"fl","c":{"a":0,"k":[0.97277879902,0.848321413526,0.181571526621,1],"ix":4},"o":{"a":0,"k":100,"ix":5},"r":1,"bm":0,"nm":"Fill 1","mn":"ADBE Vector Graphic - Fill","hd":false},{"ty":"tr","p":{"a":0,"k":[384,364.216],"ix":2},"a":{"a":0,"k":[0,0],"ix":1},"s":{"a":0,"k":[100,100],"ix":3},"r":{"a":0,"k":0,"ix":6},"o":{"a":0,"k":100,"ix":7},"sk":{"a":0,"k":0,"ix":4},"sa":{"a":0,"k":0,"ix":5},"nm":"Transform"}],"nm":"Group 1","np":3,"cix":2,"bm":0,"ix":1,"mn":"ADBE Vector Group","hd":false}],"ip":372,"op":515,"st":16,"ct":1,"bm":0},{"ddd":0,"ind":8,"ty":4,"nm":"Calque 3 Outlines 5","sr":1,"ks":{"o":{"a":0,"k":100,"ix":11},"r":{"a":0,"k":0,"ix":10},"p":{"a":0,"k":[540,540,0],"ix":2,"l":2},"a":{"a":0,"k":[384,364,0],"ix":1,"l":2},"s":{"a":0,"k":[111,111,100],"ix":6,"l":2}},"ao":0,"shapes":[{"ty":"gr","it":[{"ind":0,"ty":"sh","ix":1,"ks":{"a":0,"k":{"i":[[-0.939,-2.772],[0,0],[0,0],[2.458,-1.712],[0,0],[0,0],[2.424,1.689],[0,0],[0,0],[-0.948,2.798],[0,0],[0,0],[-2.996,0],[0,0],[0,0]],"o":[[0,0],[0,0],[2.996,0],[0,0],[0,0],[0.948,2.798],[0,0],[0,0],[-2.424,1.689],[0,0],[0,0],[-2.458,-1.712],[0,0],[0,0],[0.939,-2.772]],"v":[[2.899,-210.466],[89.805,-85.927],[229.192,-52.528],[230.942,-46.956],[124.666,50.374],[144.686,208.057],[140.037,211.55],[0,147.37],[-140.037,211.55],[-144.686,208.057],[-124.666,50.374],[-230.942,-46.956],[-229.192,-52.528],[-89.805,-85.927],[-2.899,-210.466]],"c":true},"ix":2},"nm":"Path 1","mn":"ADBE Vector Shape - Group","hd":false},{"ty":"st","c":{"a":1,"k":[{"i":{"x":[0.833],"y":[0.833]},"o":{"x":[0.167],"y":[0.167]},"t":198,"s":[1,0.78431372549,0.101960784314,1]},{"i":{"x":[0.833],"y":[0.833]},"o":{"x":[0.167],"y":[0.167]},"t":204,"s":[0,0,0,1]},{"i":{"x":[0.833],"y":[0.833]},"o":{"x":[0.167],"y":[0.167]},"t":354,"s":[0,0,0,1]},{"i":{"x":[0.833],"y":[0.833]},"o":{"x":[0.167],"y":[0.167]},"t":370,"s":[0.952941179276,0.952941179276,0.952941179276,1]},{"i":{"x":[0.833],"y":[0.833]},"o":{"x":[0.167],"y":[0.167]},"t":425,"s":[0.952941179276,0.952941179276,0.952941179276,1]},{"t":442,"s":[0,0,0,1]}],"ix":3},"o":{"a":0,"k":100,"ix":4},"w":{"a":0,"k":60,"ix":5},"lc":1,"lj":1,"ml":10,"bm":0,"nm":"Stroke 1","mn":"ADBE Vector Graphic - Stroke","hd":false},{"ty":"fl","c":{"a":0,"k":[0.97277879902,0.848321413526,0.181571526621,1],"ix":4},"o":{"a":0,"k":100,"ix":5},"r":1,"bm":0,"nm":"Fill 1","mn":"ADBE Vector Graphic - Fill","hd":false},{"ty":"tr","p":{"a":0,"k":[384,364.216],"ix":2},"a":{"a":0,"k":[0,0],"ix":1},"s":{"a":0,"k":[100,100],"ix":3},"r":{"a":0,"k":0,"ix":6},"o":{"a":0,"k":100,"ix":7},"sk":{"a":0,"k":0,"ix":4},"sa":{"a":0,"k":0,"ix":5},"nm":"Transform"}],"nm":"Group 1","np":3,"cix":2,"bm":0,"ix":1,"mn":"ADBE Vector Group","hd":false}],"ip":90,"op":372,"st":-7,"ct":1,"bm":0},{"ddd":0,"ind":9,"ty":4,"nm":"Calque 3 Outlines 4","sr":1,"ks":{"o":{"a":0,"k":100,"ix":11},"r":{"a":0,"k":0,"ix":10},"p":{"a":0,"k":[540,538,0],"ix":2,"l":2},"a":{"a":0,"k":[384,364,0],"ix":1,"l":2},"s":{"a":0,"k":[111,111,100],"ix":6,"l":2}},"ao":0,"hasMask":true,"masksProperties":[{"inv":false,"mode":"a","pt":{"a":0,"k":{"i":[[0,0],[0,0]],"o":[[0,0],[0,0]],"v":[[-8505.334,310.563],[7877.666,310.563]],"c":false},"ix":1},"o":{"a":0,"k":100,"ix":3},"x":{"a":0,"k":0,"ix":4},"nm":"Mask 1"}],"shapes":[{"ty":"gr","it":[{"ind":0,"ty":"sh","ix":1,"ks":{"a":0,"k":{"i":[[-0.939,-2.771],[0,0],[0,0],[2.458,-1.713],[0,0],[0,0],[2.423,1.689],[0,0],[0,0],[-0.948,2.798],[0,0],[0,0],[-2.996,0],[0,0],[0,0],[0,0]],"o":[[0,0],[0,0],[2.996,0],[0,0],[0,0],[0.948,2.798],[0,0],[0,0],[-2.424,1.689],[0,0],[0,0],[-2.458,-1.713],[0,0],[0,0],[0,0],[0.939,-2.771]],"v":[[-381.101,-574.683],[-294.195,-450.143],[-154.808,-416.743],[-153.058,-411.171],[-259.334,-313.843],[-239.314,-156.16],[-243.963,-152.666],[-384,-216.847],[-524.037,-152.666],[-528.686,-156.16],[-508.666,-313.843],[-614.942,-411.171],[-613.192,-416.743],[-473.805,-450.143],[-386.899,-574.683],[-386.899,-574.683]],"c":true},"ix":2},"nm":"Path 1","mn":"ADBE Vector Shape - Group","hd":false},{"ty":"st","c":{"a":0,"k":[0.065493205949,0.056915324342,0.059409930659,1],"ix":3},"o":{"a":0,"k":100,"ix":4},"w":{"a":0,"k":60,"ix":5},"lc":1,"lj":1,"ml":10,"bm":0,"nm":"Stroke 1","mn":"ADBE Vector Graphic - Stroke","hd":false},{"ty":"fl","c":{"a":0,"k":[1,1,1,1],"ix":4},"o":{"a":0,"k":100,"ix":5},"r":1,"bm":0,"nm":"Fill 1","mn":"ADBE Vector Graphic - Fill","hd":false},{"ty":"tr","p":{"a":0,"k":[767.08,730.526],"ix":2},"a":{"a":0,"k":[0,0],"ix":1},"s":{"a":0,"k":[100,100],"ix":3},"r":{"a":0,"k":0,"ix":6},"o":{"a":0,"k":100,"ix":7},"sk":{"a":0,"k":0,"ix":4},"sa":{"a":0,"k":0,"ix":5},"nm":"Transform"}],"nm":"Group 1","np":3,"cix":2,"bm":0,"ix":1,"mn":"ADBE Vector Group","hd":false}],"ip":0,"op":91,"st":0,"ct":1,"bm":0}]},{"id":"comp_1","nm":"Star ON / OFF","fr":60,"layers":[{"ddd":0,"ind":1,"ty":4,"nm":"Calque 2/Add_to_favorite_2 Outlines 4","sr":1,"ks":{"o":{"a":0,"k":100,"ix":11},"r":{"a":0,"k":0,"ix":10},"p":{"a":0,"k":[540,540,0],"ix":2,"l":2},"a":{"a":0,"k":[271,251,0],"ix":1,"l":2},"s":{"a":1,"k":[{"i":{"x":[0.285,0.285,0.667],"y":[1,1,1]},"o":{"x":[1,1,0.333],"y":[0,0,0]},"t":391,"s":[111,111,100]},{"i":{"x":[0.169,0.169,0.667],"y":[1,1,1]},"o":{"x":[0.573,0.573,0.333],"y":[0,0,0]},"t":397,"s":[116,116,100]},{"t":414,"s":[0,0,100]}],"ix":6,"l":2}},"ao":0,"shapes":[{"ty":"gr","it":[{"ind":0,"ty":"sh","ix":1,"ks":{"a":0,"k":{"i":[[-0.939,-2.772],[0,0],[0,0],[2.458,-1.712],[0,0],[0,0],[2.424,1.689],[0,0],[0,0],[-0.948,2.798],[0,0],[0,0],[-2.996,0],[0,0],[0,0]],"o":[[0,0],[0,0],[2.996,0],[0,0],[0,0],[0.948,2.798],[0,0],[0,0],[-2.424,1.689],[0,0],[0,0],[-2.458,-1.712],[0,0],[0,0],[0.939,-2.772]],"v":[[2.899,-210.467],[89.805,-85.927],[229.192,-52.528],[230.942,-46.956],[124.666,50.373],[144.686,208.057],[140.037,211.549],[0,147.37],[-140.037,211.549],[-144.686,208.057],[-124.666,50.373],[-230.942,-46.956],[-229.192,-52.528],[-89.805,-85.927],[-2.899,-210.467]],"c":true},"ix":2},"nm":"Path 1","mn":"ADBE Vector Shape - Group","hd":false},{"ty":"st","c":{"a":0,"k":[1,1,1,1],"ix":3},"o":{"a":0,"k":100,"ix":4},"w":{"a":1,"k":[{"i":{"x":[0.505],"y":[1]},"o":{"x":[0.886],"y":[0]},"t":133,"s":[0]},{"i":{"x":[0.505],"y":[1]},"o":{"x":[0.167],"y":[0]},"t":149,"s":[15]},{"i":{"x":[0.114],"y":[1]},"o":{"x":[0.495],"y":[0]},"t":326,"s":[15]},{"t":342,"s":[0]}],"ix":5},"lc":1,"lj":1,"ml":10,"bm":0,"nm":"Stroke 1","mn":"ADBE Vector Graphic - Stroke","hd":false},{"ty":"fl","c":{"a":1,"k":[{"i":{"x":[0.833],"y":[0.833]},"o":{"x":[0.167],"y":[0.167]},"t":326,"s":[1,0.78431372549,0.101960784314,1]},{"t":342,"s":[0.952941179276,0.952941179276,0.952941179276,1]}],"ix":4},"o":{"a":0,"k":100,"ix":5},"r":1,"bm":0,"nm":"Fill 1","mn":"ADBE Vector Graphic - Fill","hd":false},{"ty":"tr","p":{"a":0,"k":[270.9,250.739],"ix":2},"a":{"a":0,"k":[0,0],"ix":1},"s":{"a":0,"k":[100,100],"ix":3},"r":{"a":0,"k":0,"ix":6},"o":{"a":0,"k":100,"ix":7},"sk":{"a":0,"k":0,"ix":4},"sa":{"a":0,"k":0,"ix":5},"nm":"Transform"}],"nm":"Group 1","np":3,"cix":2,"bm":0,"ix":1,"mn":"ADBE Vector Group","hd":false}],"ip":372,"op":1900,"st":100,"ct":1,"bm":0},{"ddd":0,"ind":2,"ty":4,"nm":"Calque 2/Add_to_favorite_2 Outlines 3","sr":1,"ks":{"o":{"a":0,"k":100,"ix":11},"r":{"a":0,"k":0,"ix":10},"p":{"a":0,"k":[540,540,0],"ix":2,"l":2},"a":{"a":0,"k":[271,251,0],"ix":1,"l":2},"s":{"a":1,"k":[{"i":{"x":[0.285,0.285,0.667],"y":[1,1,1]},"o":{"x":[1,1,0.333],"y":[0,0,0]},"t":367,"s":[111,111,100]},{"i":{"x":[0.169,0.169,0.667],"y":[1,1,1]},"o":{"x":[0.573,0.573,0.333],"y":[0,0,0]},"t":373,"s":[116,116,100]},{"t":390,"s":[0,0,100]}],"ix":6,"l":2}},"ao":0,"shapes":[{"ty":"gr","it":[{"ind":0,"ty":"sh","ix":1,"ks":{"a":0,"k":{"i":[[-0.939,-2.772],[0,0],[0,0],[2.458,-1.712],[0,0],[0,0],[2.424,1.689],[0,0],[0,0],[-0.948,2.798],[0,0],[0,0],[-2.996,0],[0,0],[0,0]],"o":[[0,0],[0,0],[2.996,0],[0,0],[0,0],[0.948,2.798],[0,0],[0,0],[-2.424,1.689],[0,0],[0,0],[-2.458,-1.712],[0,0],[0,0],[0.939,-2.772]],"v":[[2.899,-210.467],[89.805,-85.927],[229.192,-52.528],[230.942,-46.956],[124.666,50.373],[144.686,208.057],[140.037,211.549],[0,147.37],[-140.037,211.549],[-144.686,208.057],[-124.666,50.373],[-230.942,-46.956],[-229.192,-52.528],[-89.805,-85.927],[-2.899,-210.467]],"c":true},"ix":2},"nm":"Path 1","mn":"ADBE Vector Shape - Group","hd":false},{"ty":"st","c":{"a":0,"k":[1,1,1,1],"ix":3},"o":{"a":0,"k":100,"ix":4},"w":{"a":1,"k":[{"i":{"x":[0.505],"y":[1]},"o":{"x":[0.886],"y":[0]},"t":109,"s":[0]},{"i":{"x":[0.505],"y":[1]},"o":{"x":[0.167],"y":[0]},"t":125,"s":[15]},{"i":{"x":[0.114],"y":[1]},"o":{"x":[0.495],"y":[0]},"t":302,"s":[15]},{"i":{"x":[0.114],"y":[1]},"o":{"x":[0.886],"y":[0]},"t":318,"s":[0]},{"i":{"x":[0.833],"y":[1]},"o":{"x":[0.886],"y":[0]},"t":390,"s":[0]},{"t":397,"s":[15]}],"ix":5},"lc":1,"lj":1,"ml":10,"bm":0,"nm":"Stroke 1","mn":"ADBE Vector Graphic - Stroke","hd":false},{"ty":"fl","c":{"a":1,"k":[{"i":{"x":[0.833],"y":[0.833]},"o":{"x":[0.167],"y":[0.167]},"t":137,"s":[1,0.78431372549,0.101960784314,1]},{"i":{"x":[0.833],"y":[0.833]},"o":{"x":[0.167],"y":[0.167]},"t":302,"s":[1,0.78431372549,0.101960784314,1]},{"t":318,"s":[0.952941179276,0.952941179276,0.952941179276,1]}],"ix":4},"o":{"a":0,"k":100,"ix":5},"r":1,"bm":0,"nm":"Fill 1","mn":"ADBE Vector Graphic - Fill","hd":false},{"ty":"tr","p":{"a":0,"k":[270.9,250.739],"ix":2},"a":{"a":0,"k":[0,0],"ix":1},"s":{"a":0,"k":[100,100],"ix":3},"r":{"a":0,"k":0,"ix":6},"o":{"a":0,"k":100,"ix":7},"sk":{"a":0,"k":0,"ix":4},"sa":{"a":0,"k":0,"ix":5},"nm":"Transform"}],"nm":"Group 1","np":3,"cix":2,"bm":0,"ix":1,"mn":"ADBE Vector Group","hd":false}],"ip":90,"op":491,"st":76,"ct":1,"bm":0},{"ddd":0,"ind":3,"ty":4,"nm":"Calque 1/Add_to_favorite_2 Outlines 2","sr":1,"ks":{"o":{"a":0,"k":100,"ix":11},"r":{"a":0,"k":0,"ix":10},"p":{"a":0,"k":[540,540,0],"ix":2,"l":2},"a":{"a":0,"k":[383.5,363.5,0],"ix":1,"l":2},"s":{"a":0,"k":[111,111,100],"ix":6,"l":2}},"ao":0,"shapes":[{"ty":"gr","it":[{"ind":0,"ty":"sh","ix":1,"ks":{"a":0,"k":{"i":[[-0.939,-2.772],[0,0],[0,0],[2.458,-1.712],[0,0],[0,0],[2.424,1.689],[0,0],[0,0],[-0.948,2.798],[0,0],[0,0],[-2.996,0],[0,0],[0,0]],"o":[[0,0],[0,0],[2.996,0],[0,0],[0,0],[0.948,2.798],[0,0],[0,0],[-2.424,1.689],[0,0],[0,0],[-2.458,-1.712],[0,0],[0,0],[0.939,-2.772]],"v":[[2.899,-210.467],[89.805,-85.927],[229.192,-52.528],[230.942,-46.956],[124.666,50.373],[144.686,208.057],[140.037,211.549],[0,147.37],[-140.037,211.549],[-144.686,208.057],[-124.666,50.373],[-230.942,-46.956],[-229.192,-52.528],[-89.805,-85.927],[-2.899,-210.467]],"c":true},"ix":2},"nm":"Path 1","mn":"ADBE Vector Shape - Group","hd":false},{"ty":"st","c":{"a":0,"k":[1,0.78431372549,0.101960784314,1],"ix":3},"o":{"a":0,"k":100,"ix":4},"w":{"a":1,"k":[{"i":{"x":[0.214],"y":[1]},"o":{"x":[0.333],"y":[0.216]},"t":90,"s":[0]},{"i":{"x":[0.771],"y":[1]},"o":{"x":[0.694],"y":[0]},"t":104,"s":[84]},{"i":{"x":[0],"y":[0.587]},"o":{"x":[0.212],"y":[0]},"t":114,"s":[16]},{"i":{"x":[0.833],"y":[1]},"o":{"x":[0.167],"y":[0]},"t":125,"s":[61]},{"t":430,"s":[60]}],"ix":5},"lc":1,"lj":1,"ml":10,"bm":0,"nm":"Stroke 1","mn":"ADBE Vector Graphic - Stroke","hd":false},{"ty":"fl","c":{"a":0,"k":[1,1,1,1],"ix":4},"o":{"a":0,"k":100,"ix":5},"r":1,"bm":0,"nm":"Fill 1","mn":"ADBE Vector Graphic - Fill","hd":false},{"ty":"tr","p":{"a":0,"k":[383.4,363.239],"ix":2},"a":{"a":0,"k":[0,0],"ix":1},"s":{"a":0,"k":[100,100],"ix":3},"r":{"a":0,"k":0,"ix":6},"o":{"a":0,"k":100,"ix":7},"sk":{"a":0,"k":0,"ix":4},"sa":{"a":0,"k":0,"ix":5},"nm":"Transform"}],"nm":"Group 1","np":3,"cix":2,"bm":0,"ix":1,"mn":"ADBE Vector Group","hd":false}],"ip":90,"op":125,"st":90,"ct":1,"bm":0},{"ddd":0,"ind":4,"ty":4,"nm":"Star fill","sr":1,"ks":{"o":{"a":0,"k":100,"ix":11},"r":{"a":0,"k":0,"ix":10},"p":{"a":0,"k":[540.901,539.191,0],"ix":2,"l":2},"a":{"a":0,"k":[271,251,0],"ix":1,"l":2},"s":{"a":0,"k":[111,111,100],"ix":6,"l":2}},"ao":0,"shapes":[{"ty":"gr","it":[{"ind":0,"ty":"sh","ix":1,"ks":{"a":0,"k":{"i":[[-0.939,-2.772],[0,0],[0,0],[2.458,-1.712],[0,0],[0,0],[2.424,1.689],[0,0],[0,0],[-0.948,2.798],[0,0],[0,0],[-2.996,0],[0,0],[0,0]],"o":[[0,0],[0,0],[2.996,0],[0,0],[0,0],[0.948,2.798],[0,0],[0,0],[-2.424,1.689],[0,0],[0,0],[-2.458,-1.712],[0,0],[0,0],[0.939,-2.772]],"v":[[2.899,-210.467],[89.805,-85.927],[229.192,-52.528],[230.942,-46.956],[124.666,50.373],[144.686,208.057],[140.037,211.549],[0,147.37],[-140.037,211.549],[-144.686,208.057],[-124.666,50.373],[-230.942,-46.956],[-229.192,-52.528],[-89.805,-85.927],[-2.899,-210.467]],"c":true},"ix":2},"nm":"Path 1","mn":"ADBE Vector Shape - Group","hd":false},{"ty":"st","c":{"a":0,"k":[1,0.999998863071,1,1],"ix":3},"o":{"a":0,"k":100,"ix":4},"w":{"a":0,"k":15,"ix":5},"lc":1,"lj":1,"ml":10,"bm":0,"nm":"Stroke 1","mn":"ADBE Vector Graphic - Stroke","hd":false},{"ty":"fl","c":{"a":0,"k":[1,1,1,1],"ix":4},"o":{"a":0,"k":100,"ix":5},"r":1,"bm":0,"nm":"Fill 1","mn":"ADBE Vector Graphic - Fill","hd":false},{"ty":"tr","p":{"a":0,"k":[271,251.216],"ix":2},"a":{"a":0,"k":[0,0],"ix":1},"s":{"a":0,"k":[100,100],"ix":3},"r":{"a":0,"k":0,"ix":6},"o":{"a":0,"k":100,"ix":7},"sk":{"a":0,"k":0,"ix":4},"sa":{"a":0,"k":0,"ix":5},"nm":"Transform"}],"nm":"Group 1","np":3,"cix":2,"bm":0,"ix":1,"mn":"ADBE Vector Group","hd":false}],"ip":392,"op":614,"st":392,"ct":1,"bm":0},{"ddd":0,"ind":5,"ty":4,"nm":"Calque 4 Outlines 3","sr":1,"ks":{"o":{"a":0,"k":100,"ix":11},"r":{"a":0,"k":0,"ix":10},"p":{"a":0,"k":[540,540,0],"ix":2,"l":2},"a":{"a":0,"k":[271,251,0],"ix":1,"l":2},"s":{"a":0,"k":[113,113,100],"ix":6,"l":2}},"ao":0,"shapes":[{"ty":"gr","it":[{"ind":0,"ty":"sh","ix":1,"ks":{"a":0,"k":{"i":[[-0.939,-2.772],[0,0],[0,0],[2.458,-1.712],[0,0],[0,0],[2.424,1.689],[0,0],[0,0],[-0.948,2.798],[0,0],[0,0],[-2.996,0],[0,0],[0,0]],"o":[[0,0],[0,0],[2.996,0],[0,0],[0,0],[0.948,2.798],[0,0],[0,0],[-2.424,1.689],[0,0],[0,0],[-2.458,-1.712],[0,0],[0,0],[0.939,-2.772]],"v":[[2.899,-210.467],[89.805,-85.927],[229.192,-52.528],[230.942,-46.956],[124.666,50.373],[144.686,208.057],[140.037,211.549],[0,147.37],[-140.037,211.549],[-144.686,208.057],[-124.666,50.373],[-230.942,-46.956],[-229.192,-52.528],[-89.805,-85.927],[-2.899,-210.467]],"c":true},"ix":2},"nm":"Path 1","mn":"ADBE Vector Shape - Group","hd":false},{"ty":"st","c":{"a":1,"k":[{"i":{"x":[0.833],"y":[0.833]},"o":{"x":[0.167],"y":[0.167]},"t":325,"s":[1,0.999998863071,1,1]},{"t":341,"s":[0.952941179276,0.952941179276,0.952941179276,1]}],"ix":3},"o":{"a":0,"k":100,"ix":4},"w":{"a":1,"k":[{"i":{"x":[0.833],"y":[0.833]},"o":{"x":[0.167],"y":[0.167]},"t":325,"s":[15]},{"t":351,"s":[0]}],"ix":5},"lc":1,"lj":1,"ml":10,"bm":0,"nm":"Stroke 1","mn":"ADBE Vector Graphic - Stroke","hd":false},{"ty":"fl","c":{"a":0,"k":[1,1,1,1],"ix":4},"o":{"a":0,"k":100,"ix":5},"r":1,"bm":0,"nm":"Fill 1","mn":"ADBE Vector Graphic - Fill","hd":false},{"ty":"tr","p":{"a":0,"k":[271,251.216],"ix":2},"a":{"a":0,"k":[0,0],"ix":1},"s":{"a":0,"k":[100,100],"ix":3},"r":{"a":0,"k":0,"ix":6},"o":{"a":0,"k":100,"ix":7},"sk":{"a":0,"k":0,"ix":4},"sa":{"a":0,"k":0,"ix":5},"nm":"Transform"}],"nm":"Group 1","np":3,"cix":2,"bm":0,"ix":1,"mn":"ADBE Vector Group","hd":false}],"ip":372,"op":1823,"st":23,"ct":1,"bm":0},{"ddd":0,"ind":6,"ty":4,"nm":"Calque 4 Outlines 2","sr":1,"ks":{"o":{"a":0,"k":100,"ix":11},"r":{"a":0,"k":0,"ix":10},"p":{"a":0,"k":[840,818,0],"ix":2,"l":2},"a":{"a":0,"k":[271,251,0],"ix":1,"l":2},"s":{"a":0,"k":[111,111,100],"ix":6,"l":2}},"ao":0,"hasMask":true,"masksProperties":[{"inv":false,"mode":"a","pt":{"a":0,"k":{"i":[[0,0],[0,0]],"o":[[0,0],[0,0]],"v":[[-8887.316,-49.798],[7495.684,-49.798]],"c":false},"ix":1},"o":{"a":0,"k":100,"ix":3},"x":{"a":0,"k":0,"ix":4},"nm":"Mask 1"}],"shapes":[{"ty":"gr","it":[{"ind":0,"ty":"sh","ix":1,"ks":{"a":0,"k":{"i":[[-0.939,-2.772],[0,0],[0,0],[2.458,-1.713],[0,0],[0,0],[2.423,1.689],[0,0],[0,0],[-0.948,2.798],[0,0],[0,0],[-2.996,0],[0,0],[0,0],[0,0]],"o":[[0,0],[0,0],[2.996,0],[0,0],[0,0],[0.948,2.798],[0,0],[0,0],[-2.424,1.689],[0,0],[0,0],[-2.458,-1.713],[0,0],[0,0],[0,0],[0.939,-2.771]],"v":[[-268.101,-461.683],[-181.195,-337.143],[-41.808,-303.743],[-40.058,-298.171],[-146.334,-200.843],[-126.314,-43.16],[-130.963,-39.666],[-271,-103.847],[-411.037,-39.666],[-415.686,-43.16],[-395.666,-200.843],[-501.942,-298.171],[-500.192,-303.743],[-360.805,-337.143],[-273.899,-461.683],[-273.899,-461.683]],"c":true},"ix":2},"nm":"Path 1","mn":"ADBE Vector Shape - Group","hd":false},{"ty":"st","c":{"a":1,"k":[{"i":{"x":[0.833],"y":[0.833]},"o":{"x":[0.167],"y":[0.167]},"t":302,"s":[1,0.999998863071,1,1]},{"t":318,"s":[0.952941179276,0.952941179276,0.952941179276,1]}],"ix":3},"o":{"a":0,"k":100,"ix":4},"w":{"a":1,"k":[{"i":{"x":[0.833],"y":[0.833]},"o":{"x":[0.167],"y":[0.167]},"t":302,"s":[15]},{"t":328,"s":[0]}],"ix":5},"lc":1,"lj":1,"ml":10,"bm":0,"nm":"Stroke 1","mn":"ADBE Vector Graphic - Stroke","hd":false},{"ty":"fl","c":{"a":0,"k":[1,1,1,1],"ix":4},"o":{"a":0,"k":100,"ix":5},"r":1,"bm":0,"nm":"Fill 1","mn":"ADBE Vector Graphic - Fill","hd":false},{"ty":"tr","p":{"a":0,"k":[271,251.216],"ix":2},"a":{"a":0,"k":[0,0],"ix":1},"s":{"a":0,"k":[100,100],"ix":3},"r":{"a":0,"k":0,"ix":6},"o":{"a":0,"k":100,"ix":7},"sk":{"a":0,"k":0,"ix":4},"sa":{"a":0,"k":0,"ix":5},"nm":"Transform"}],"nm":"Group 1","np":3,"cix":2,"bm":0,"ix":1,"mn":"ADBE Vector Group","hd":false}],"ip":0,"op":372,"st":0,"ct":1,"bm":0},{"ddd":0,"ind":7,"ty":4,"nm":"Calque 3 Outlines 6","sr":1,"ks":{"o":{"a":0,"k":100,"ix":11},"r":{"a":0,"k":0,"ix":10},"p":{"a":0,"k":[540,540,0],"ix":2,"l":2},"a":{"a":0,"k":[384,364,0],"ix":1,"l":2},"s":{"a":0,"k":[111,111,100],"ix":6,"l":2}},"ao":0,"shapes":[{"ty":"gr","it":[{"ind":0,"ty":"sh","ix":1,"ks":{"a":0,"k":{"i":[[-0.939,-2.772],[0,0],[0,0],[2.458,-1.712],[0,0],[0,0],[2.424,1.689],[0,0],[0,0],[-0.948,2.798],[0,0],[0,0],[-2.996,0],[0,0],[0,0]],"o":[[0,0],[0,0],[2.996,0],[0,0],[0,0],[0.948,2.798],[0,0],[0,0],[-2.424,1.689],[0,0],[0,0],[-2.458,-1.712],[0,0],[0,0],[0.939,-2.772]],"v":[[2.899,-210.466],[89.805,-85.927],[229.192,-52.528],[230.942,-46.956],[124.666,50.374],[144.686,208.057],[140.037,211.55],[0,147.37],[-140.037,211.55],[-144.686,208.057],[-124.666,50.374],[-230.942,-46.956],[-229.192,-52.528],[-89.805,-85.927],[-2.899,-210.466]],"c":true},"ix":2},"nm":"Path 1","mn":"ADBE Vector Shape - Group","hd":false},{"ty":"st","c":{"a":1,"k":[{"i":{"x":[0.833],"y":[0.833]},"o":{"x":[0.167],"y":[0.167]},"t":325,"s":[1,0.78431372549,0.101960784314,1]},{"i":{"x":[0.833],"y":[0.833]},"o":{"x":[0.167],"y":[0.167]},"t":341,"s":[0.952941179276,0.952941179276,0.952941179276,1]},{"i":{"x":[0.833],"y":[0.833]},"o":{"x":[0.167],"y":[0.167]},"t":396,"s":[0.952941179276,0.952941179276,0.952941179276,1]},{"t":413,"s":[0,0,0,1]}],"ix":3},"o":{"a":0,"k":100,"ix":4},"w":{"a":0,"k":60,"ix":5},"lc":1,"lj":1,"ml":10,"bm":0,"nm":"Stroke 1","mn":"ADBE Vector Graphic - Stroke","hd":false},{"ty":"fl","c":{"a":0,"k":[0.97277879902,0.848321413526,0.181571526621,1],"ix":4},"o":{"a":0,"k":100,"ix":5},"r":1,"bm":0,"nm":"Fill 1","mn":"ADBE Vector Graphic - Fill","hd":false},{"ty":"tr","p":{"a":0,"k":[384,364.216],"ix":2},"a":{"a":0,"k":[0,0],"ix":1},"s":{"a":0,"k":[100,100],"ix":3},"r":{"a":0,"k":0,"ix":6},"o":{"a":0,"k":100,"ix":7},"sk":{"a":0,"k":0,"ix":4},"sa":{"a":0,"k":0,"ix":5},"nm":"Transform"}],"nm":"Group 1","np":3,"cix":2,"bm":0,"ix":1,"mn":"ADBE Vector Group","hd":false}],"ip":372,"op":515,"st":16,"ct":1,"bm":0},{"ddd":0,"ind":8,"ty":4,"nm":"Calque 3 Outlines 5","sr":1,"ks":{"o":{"a":0,"k":100,"ix":11},"r":{"a":0,"k":0,"ix":10},"p":{"a":0,"k":[540,540,0],"ix":2,"l":2},"a":{"a":0,"k":[384,364,0],"ix":1,"l":2},"s":{"a":0,"k":[111,111,100],"ix":6,"l":2}},"ao":0,"shapes":[{"ty":"gr","it":[{"ind":0,"ty":"sh","ix":1,"ks":{"a":0,"k":{"i":[[-0.939,-2.772],[0,0],[0,0],[2.458,-1.712],[0,0],[0,0],[2.424,1.689],[0,0],[0,0],[-0.948,2.798],[0,0],[0,0],[-2.996,0],[0,0],[0,0]],"o":[[0,0],[0,0],[2.996,0],[0,0],[0,0],[0.948,2.798],[0,0],[0,0],[-2.424,1.689],[0,0],[0,0],[-2.458,-1.712],[0,0],[0,0],[0.939,-2.772]],"v":[[2.899,-210.466],[89.805,-85.927],[229.192,-52.528],[230.942,-46.956],[124.666,50.374],[144.686,208.057],[140.037,211.55],[0,147.37],[-140.037,211.55],[-144.686,208.057],[-124.666,50.374],[-230.942,-46.956],[-229.192,-52.528],[-89.805,-85.927],[-2.899,-210.466]],"c":true},"ix":2},"nm":"Path 1","mn":"ADBE Vector Shape - Group","hd":false},{"ty":"st","c":{"a":1,"k":[{"i":{"x":[0.833],"y":[0.833]},"o":{"x":[0.167],"y":[0.167]},"t":302,"s":[1,0.78431372549,0.101960784314,1]},{"i":{"x":[0.833],"y":[0.833]},"o":{"x":[0.167],"y":[0.167]},"t":318,"s":[0.952941179276,0.952941179276,0.952941179276,1]},{"i":{"x":[0.833],"y":[0.833]},"o":{"x":[0.167],"y":[0.167]},"t":373,"s":[0.952941179276,0.952941179276,0.952941179276,1]},{"t":390,"s":[0,0,0,1]}],"ix":3},"o":{"a":0,"k":100,"ix":4},"w":{"a":0,"k":60,"ix":5},"lc":1,"lj":1,"ml":10,"bm":0,"nm":"Stroke 1","mn":"ADBE Vector Graphic - Stroke","hd":false},{"ty":"fl","c":{"a":0,"k":[0.97277879902,0.848321413526,0.181571526621,1],"ix":4},"o":{"a":0,"k":100,"ix":5},"r":1,"bm":0,"nm":"Fill 1","mn":"ADBE Vector Graphic - Fill","hd":false},{"ty":"tr","p":{"a":0,"k":[384,364.216],"ix":2},"a":{"a":0,"k":[0,0],"ix":1},"s":{"a":0,"k":[100,100],"ix":3},"r":{"a":0,"k":0,"ix":6},"o":{"a":0,"k":100,"ix":7},"sk":{"a":0,"k":0,"ix":4},"sa":{"a":0,"k":0,"ix":5},"nm":"Transform"}],"nm":"Group 1","np":3,"cix":2,"bm":0,"ix":1,"mn":"ADBE Vector Group","hd":false}],"ip":90,"op":372,"st":-7,"ct":1,"bm":0},{"ddd":0,"ind":9,"ty":4,"nm":"Calque 3 Outlines 4","sr":1,"ks":{"o":{"a":0,"k":100,"ix":11},"r":{"a":0,"k":0,"ix":10},"p":{"a":0,"k":[540,538,0],"ix":2,"l":2},"a":{"a":0,"k":[384,364,0],"ix":1,"l":2},"s":{"a":0,"k":[111,111,100],"ix":6,"l":2}},"ao":0,"hasMask":true,"masksProperties":[{"inv":false,"mode":"a","pt":{"a":0,"k":{"i":[[0,0],[0,0]],"o":[[0,0],[0,0]],"v":[[-8505.334,310.563],[7877.666,310.563]],"c":false},"ix":1},"o":{"a":0,"k":100,"ix":3},"x":{"a":0,"k":0,"ix":4},"nm":"Mask 1"}],"shapes":[{"ty":"gr","it":[{"ind":0,"ty":"sh","ix":1,"ks":{"a":0,"k":{"i":[[-0.939,-2.771],[0,0],[0,0],[2.458,-1.713],[0,0],[0,0],[2.423,1.689],[0,0],[0,0],[-0.948,2.798],[0,0],[0,0],[-2.996,0],[0,0],[0,0],[0,0]],"o":[[0,0],[0,0],[2.996,0],[0,0],[0,0],[0.948,2.798],[0,0],[0,0],[-2.424,1.689],[0,0],[0,0],[-2.458,-1.713],[0,0],[0,0],[0,0],[0.939,-2.771]],"v":[[-381.101,-574.683],[-294.195,-450.143],[-154.808,-416.743],[-153.058,-411.171],[-259.334,-313.843],[-239.314,-156.16],[-243.963,-152.666],[-384,-216.847],[-524.037,-152.666],[-528.686,-156.16],[-508.666,-313.843],[-614.942,-411.171],[-613.192,-416.743],[-473.805,-450.143],[-386.899,-574.683],[-386.899,-574.683]],"c":true},"ix":2},"nm":"Path 1","mn":"ADBE Vector Shape - Group","hd":false},{"ty":"st","c":{"a":0,"k":[0.065493205949,0.056915324342,0.059409930659,1],"ix":3},"o":{"a":0,"k":100,"ix":4},"w":{"a":0,"k":60,"ix":5},"lc":1,"lj":1,"ml":10,"bm":0,"nm":"Stroke 1","mn":"ADBE Vector Graphic - Stroke","hd":false},{"ty":"fl","c":{"a":0,"k":[1,1,1,1],"ix":4},"o":{"a":0,"k":100,"ix":5},"r":1,"bm":0,"nm":"Fill 1","mn":"ADBE Vector Graphic - Fill","hd":false},{"ty":"tr","p":{"a":0,"k":[767.08,730.526],"ix":2},"a":{"a":0,"k":[0,0],"ix":1},"s":{"a":0,"k":[100,100],"ix":3},"r":{"a":0,"k":0,"ix":6},"o":{"a":0,"k":100,"ix":7},"sk":{"a":0,"k":0,"ix":4},"sa":{"a":0,"k":0,"ix":5},"nm":"Transform"}],"nm":"Group 1","np":3,"cix":2,"bm":0,"ix":1,"mn":"ADBE Vector Group","hd":false}],"ip":0,"op":91,"st":0,"ct":1,"bm":0}]}],"layers":[{"ddd":0,"ind":1,"ty":3,"nm":"Null 7","sr":1,"ks":{"o":{"a":0,"k":0,"ix":11},"r":{"a":0,"k":0,"ix":10},"p":{"a":0,"k":[540,540,0],"ix":2,"l":2},"a":{"a":0,"k":[0,0,0],"ix":1,"l":2},"s":{"a":1,"k":[{"i":{"x":[0.292,0.292,0.667],"y":[1,1,1]},"o":{"x":[0.996,0.996,0.333],"y":[0,0,0]},"t":236,"s":[100,100,100]},{"i":{"x":[0.354,0.354,0.667],"y":[1,1,1]},"o":{"x":[0.886,0.886,0.333],"y":[0,0,0]},"t":241,"s":[120,120,100]},{"t":247,"s":[100,100,100]}],"ix":6,"l":2}},"ao":0,"ip":118,"op":438,"st":0,"bm":0},{"ddd":0,"ind":2,"ty":0,"nm":"Black Star","parent":1,"refId":"comp_0","sr":1,"ks":{"o":{"a":1,"k":[{"i":{"x":[0.833],"y":[0.833]},"o":{"x":[0.167],"y":[0.167]},"t":289,"s":[100]},{"i":{"x":[0.833],"y":[0.833]},"o":{"x":[0.167],"y":[0.167]},"t":296.619,"s":[50]},{"i":{"x":[0.833],"y":[0.833]},"o":{"x":[0.167],"y":[0.167]},"t":303.287,"s":[100]},{"i":{"x":[0.833],"y":[0.833]},"o":{"x":[0.167],"y":[0.167]},"t":310.904,"s":[50]},{"i":{"x":[0.833],"y":[0.833]},"o":{"x":[0.167],"y":[0.167]},"t":316.619,"s":[100]},{"i":{"x":[0.833],"y":[0.833]},"o":{"x":[0.167],"y":[0.167]},"t":323.287,"s":[50]},{"i":{"x":[0.833],"y":[0.833]},"o":{"x":[0.167],"y":[0.167]},"t":329,"s":[100]},{"i":{"x":[0.833],"y":[0.833]},"o":{"x":[0.167],"y":[0.167]},"t":345,"s":[100]},{"i":{"x":[0.833],"y":[0.833]},"o":{"x":[0.167],"y":[0.167]},"t":352.619,"s":[50]},{"i":{"x":[0.833],"y":[0.833]},"o":{"x":[0.167],"y":[0.167]},"t":359.287,"s":[100]},{"i":{"x":[0.833],"y":[0.833]},"o":{"x":[0.167],"y":[0.167]},"t":366.904,"s":[50]},{"i":{"x":[0.833],"y":[0.833]},"o":{"x":[0.167],"y":[0.167]},"t":372.619,"s":[100]},{"i":{"x":[0.833],"y":[0.833]},"o":{"x":[0.167],"y":[0.167]},"t":379.287,"s":[50]},{"t":385,"s":[100]}],"ix":11},"r":{"a":0,"k":0,"ix":10},"p":{"a":0,"k":[-355.5,0,0],"ix":2,"l":2},"a":{"a":0,"k":[540,540,0],"ix":1,"l":2},"s":{"a":0,"k":[27,27,100],"ix":6,"l":2}},"ao":0,"w":1080,"h":1080,"ip":241,"op":439,"st":44,"bm":0},{"ddd":0,"ind":3,"ty":0,"nm":"Black Star","parent":1,"refId":"comp_0","sr":1,"ks":{"o":{"a":1,"k":[{"i":{"x":[0.833],"y":[0.833]},"o":{"x":[0.167],"y":[0.167]},"t":289,"s":[100]},{"i":{"x":[0.833],"y":[0.833]},"o":{"x":[0.167],"y":[0.167]},"t":296.619,"s":[50]},{"i":{"x":[0.833],"y":[0.833]},"o":{"x":[0.167],"y":[0.167]},"t":303.287,"s":[100]},{"i":{"x":[0.833],"y":[0.833]},"o":{"x":[0.167],"y":[0.167]},"t":310.904,"s":[50]},{"i":{"x":[0.833],"y":[0.833]},"o":{"x":[0.167],"y":[0.167]},"t":316.619,"s":[100]},{"i":{"x":[0.833],"y":[0.833]},"o":{"x":[0.167],"y":[0.167]},"t":323.287,"s":[50]},{"i":{"x":[0.833],"y":[0.833]},"o":{"x":[0.167],"y":[0.167]},"t":329,"s":[100]},{"i":{"x":[0.833],"y":[0.833]},"o":{"x":[0.167],"y":[0.167]},"t":345,"s":[100]},{"i":{"x":[0.833],"y":[0.833]},"o":{"x":[0.167],"y":[0.167]},"t":352.619,"s":[50]},{"i":{"x":[0.833],"y":[0.833]},"o":{"x":[0.167],"y":[0.167]},"t":359.287,"s":[100]},{"i":{"x":[0.833],"y":[0.833]},"o":{"x":[0.167],"y":[0.167]},"t":366.904,"s":[50]},{"i":{"x":[0.833],"y":[0.833]},"o":{"x":[0.167],"y":[0.167]},"t":372.619,"s":[100]},{"i":{"x":[0.833],"y":[0.833]},"o":{"x":[0.167],"y":[0.167]},"t":379.287,"s":[50]},{"t":385,"s":[100]}],"ix":11},"r":{"a":0,"k":0,"ix":10},"p":{"a":0,"k":[-177.5,0,0],"ix":2,"l":2},"a":{"a":0,"k":[540,540,0],"ix":1,"l":2},"s":{"a":0,"k":[27,27,100],"ix":6,"l":2}},"ao":0,"w":1080,"h":1080,"ip":241,"op":439,"st":44,"bm":0},{"ddd":0,"ind":4,"ty":0,"nm":"Black Star","parent":1,"refId":"comp_0","sr":1,"ks":{"o":{"a":1,"k":[{"i":{"x":[0.833],"y":[0.833]},"o":{"x":[0.167],"y":[0.167]},"t":289,"s":[100]},{"i":{"x":[0.833],"y":[0.833]},"o":{"x":[0.167],"y":[0.167]},"t":296.619,"s":[50]},{"i":{"x":[0.833],"y":[0.833]},"o":{"x":[0.167],"y":[0.167]},"t":303.287,"s":[100]},{"i":{"x":[0.833],"y":[0.833]},"o":{"x":[0.167],"y":[0.167]},"t":310.904,"s":[50]},{"i":{"x":[0.833],"y":[0.833]},"o":{"x":[0.167],"y":[0.167]},"t":316.619,"s":[100]},{"i":{"x":[0.833],"y":[0.833]},"o":{"x":[0.167],"y":[0.167]},"t":323.287,"s":[50]},{"i":{"x":[0.833],"y":[0.833]},"o":{"x":[0.167],"y":[0.167]},"t":329,"s":[100]},{"i":{"x":[0.833],"y":[0.833]},"o":{"x":[0.167],"y":[0.167]},"t":345,"s":[100]},{"i":{"x":[0.833],"y":[0.833]},"o":{"x":[0.167],"y":[0.167]},"t":352.619,"s":[50]},{"i":{"x":[0.833],"y":[0.833]},"o":{"x":[0.167],"y":[0.167]},"t":359.287,"s":[100]},{"i":{"x":[0.833],"y":[0.833]},"o":{"x":[0.167],"y":[0.167]},"t":366.904,"s":[50]},{"i":{"x":[0.833],"y":[0.833]},"o":{"x":[0.167],"y":[0.167]},"t":372.619,"s":[100]},{"i":{"x":[0.833],"y":[0.833]},"o":{"x":[0.167],"y":[0.167]},"t":379.287,"s":[50]},{"t":385,"s":[100]}],"ix":11},"r":{"a":0,"k":0,"ix":10},"p":{"a":0,"k":[354.5,0,0],"ix":2,"l":2},"a":{"a":0,"k":[540,540,0],"ix":1,"l":2},"s":{"a":0,"k":[27,27,100],"ix":6,"l":2}},"ao":0,"w":1080,"h":1080,"ip":241,"op":439,"st":44,"bm":0},{"ddd":0,"ind":5,"ty":0,"nm":"Black Star","parent":1,"refId":"comp_0","sr":1,"ks":{"o":{"a":1,"k":[{"i":{"x":[0.833],"y":[0.833]},"o":{"x":[0.167],"y":[0.167]},"t":289,"s":[100]},{"i":{"x":[0.833],"y":[0.833]},"o":{"x":[0.167],"y":[0.167]},"t":296.619,"s":[50]},{"i":{"x":[0.833],"y":[0.833]},"o":{"x":[0.167],"y":[0.167]},"t":303.287,"s":[100]},{"i":{"x":[0.833],"y":[0.833]},"o":{"x":[0.167],"y":[0.167]},"t":310.904,"s":[50]},{"i":{"x":[0.833],"y":[0.833]},"o":{"x":[0.167],"y":[0.167]},"t":316.619,"s":[100]},{"i":{"x":[0.833],"y":[0.833]},"o":{"x":[0.167],"y":[0.167]},"t":323.287,"s":[50]},{"i":{"x":[0.833],"y":[0.833]},"o":{"x":[0.167],"y":[0.167]},"t":329,"s":[100]},{"i":{"x":[0.833],"y":[0.833]},"o":{"x":[0.167],"y":[0.167]},"t":345,"s":[100]},{"i":{"x":[0.833],"y":[0.833]},"o":{"x":[0.167],"y":[0.167]},"t":352.619,"s":[50]},{"i":{"x":[0.833],"y":[0.833]},"o":{"x":[0.167],"y":[0.167]},"t":359.287,"s":[100]},{"i":{"x":[0.833],"y":[0.833]},"o":{"x":[0.167],"y":[0.167]},"t":366.904,"s":[50]},{"i":{"x":[0.833],"y":[0.833]},"o":{"x":[0.167],"y":[0.167]},"t":372.619,"s":[100]},{"i":{"x":[0.833],"y":[0.833]},"o":{"x":[0.167],"y":[0.167]},"t":379.287,"s":[50]},{"t":385,"s":[100]}],"ix":11},"r":{"a":0,"k":0,"ix":10},"p":{"a":0,"k":[176,0,0],"ix":2,"l":2},"a":{"a":0,"k":[540,540,0],"ix":1,"l":2},"s":{"a":0,"k":[27,27,100],"ix":6,"l":2}},"ao":0,"w":1080,"h":1080,"ip":241,"op":439,"st":44,"bm":0},{"ddd":0,"ind":6,"ty":0,"nm":"Black Star","parent":1,"refId":"comp_0","sr":1,"ks":{"o":{"a":1,"k":[{"i":{"x":[0.833],"y":[0.833]},"o":{"x":[0.167],"y":[0.167]},"t":289,"s":[100]},{"i":{"x":[0.833],"y":[0.833]},"o":{"x":[0.167],"y":[0.167]},"t":296.619,"s":[50]},{"i":{"x":[0.833],"y":[0.833]},"o":{"x":[0.167],"y":[0.167]},"t":303.287,"s":[100]},{"i":{"x":[0.833],"y":[0.833]},"o":{"x":[0.167],"y":[0.167]},"t":310.904,"s":[50]},{"i":{"x":[0.833],"y":[0.833]},"o":{"x":[0.167],"y":[0.167]},"t":316.619,"s":[100]},{"i":{"x":[0.833],"y":[0.833]},"o":{"x":[0.167],"y":[0.167]},"t":323.287,"s":[50]},{"i":{"x":[0.833],"y":[0.833]},"o":{"x":[0.167],"y":[0.167]},"t":329,"s":[100]},{"i":{"x":[0.833],"y":[0.833]},"o":{"x":[0.167],"y":[0.167]},"t":345,"s":[100]},{"i":{"x":[0.833],"y":[0.833]},"o":{"x":[0.167],"y":[0.167]},"t":352.619,"s":[50]},{"i":{"x":[0.833],"y":[0.833]},"o":{"x":[0.167],"y":[0.167]},"t":359.287,"s":[100]},{"i":{"x":[0.833],"y":[0.833]},"o":{"x":[0.167],"y":[0.167]},"t":366.904,"s":[50]},{"i":{"x":[0.833],"y":[0.833]},"o":{"x":[0.167],"y":[0.167]},"t":372.619,"s":[100]},{"i":{"x":[0.833],"y":[0.833]},"o":{"x":[0.167],"y":[0.167]},"t":379.287,"s":[50]},{"t":385,"s":[100]}],"ix":11},"r":{"a":0,"k":0,"ix":10},"p":{"a":0,"k":[0,0,0],"ix":2,"l":2},"a":{"a":0,"k":[540,540,0],"ix":1,"l":2},"s":{"a":0,"k":[27,27,100],"ix":6,"l":2}},"ao":0,"w":1080,"h":1080,"ip":241,"op":439,"st":44,"bm":0},{"ddd":0,"ind":7,"ty":0,"nm":"Star ON / OFF","parent":1,"refId":"comp_1","sr":1,"ks":{"o":{"a":1,"k":[{"i":{"x":[0.833],"y":[0.833]},"o":{"x":[0.167],"y":[0.167]},"t":290,"s":[100]},{"i":{"x":[0.833],"y":[0.833]},"o":{"x":[0.167],"y":[0.167]},"t":292,"s":[0]},{"i":{"x":[0.833],"y":[0.833]},"o":{"x":[0.167],"y":[0.167]},"t":383,"s":[0]},{"t":385,"s":[100]}],"ix":11},"r":{"a":0,"k":0,"ix":10},"p":{"a":0,"k":[0,0,0],"ix":2,"l":2},"a":{"a":0,"k":[540,540,0],"ix":1,"l":2},"s":{"a":1,"k":[{"i":{"x":[0.122,0.122,0.667],"y":[1,1,1]},"o":{"x":[0.824,0.824,0.333],"y":[0,0,0]},"t":118,"s":[100,100,100]},{"i":{"x":[0.122,0.122,0.667],"y":[1,1,1]},"o":{"x":[0.324,0.324,0.323],"y":[0,0,0]},"t":143,"s":[27,27,100]},{"i":{"x":[0.658,0.658,0.656],"y":[1,1,0.998]},"o":{"x":[0.324,0.324,0.323],"y":[0,0,0]},"t":145,"s":[27,27,100]},{"i":{"x":[0.664,0.664,0.663],"y":[1,1,0.998]},"o":{"x":[0.331,0.331,0.33],"y":[0,0,0.002]},"t":148,"s":[36,27,100]},{"i":{"x":[0.616,0.616,0.67],"y":[1,1,1]},"o":{"x":[0.177,0.177,0.179],"y":[-0.021,0,0.111]},"t":151,"s":[27,27,100]},{"i":{"x":[0.166,0.166,0.667],"y":[1,1,1]},"o":{"x":[0.836,0.836,0.333],"y":[0,0,0]},"t":491,"s":[27,27,100]},{"t":529,"s":[100,100,100]}],"ix":6,"l":2}},"ao":0,"w":1080,"h":1080,"ip":118,"op":1918,"st":118,"bm":0},{"ddd":0,"ind":8,"ty":0,"nm":"Star ON / OFF","parent":1,"refId":"comp_1","sr":1,"ks":{"o":{"a":1,"k":[{"i":{"x":[0.833],"y":[0.833]},"o":{"x":[0.167],"y":[0.167]},"t":290,"s":[100]},{"i":{"x":[0.833],"y":[0.833]},"o":{"x":[0.167],"y":[0.167]},"t":292,"s":[0]},{"i":{"x":[0.833],"y":[0.833]},"o":{"x":[0.167],"y":[0.167]},"t":383,"s":[0]},{"t":385,"s":[100]}],"ix":11},"r":{"a":0,"k":0,"ix":10},"p":{"a":1,"k":[{"i":{"x":0.085,"y":0.904},"o":{"x":0.378,"y":0},"t":146,"s":[0,0,0],"to":[0,0,0],"ti":[0,0,0]},{"i":{"x":0.085,"y":0.085},"o":{"x":0.167,"y":0.167},"t":169,"s":[-355.442,0,0],"to":[0,0,0],"ti":[0,0,0]},{"i":{"x":0.622,"y":1},"o":{"x":0.915,"y":0.101},"t":451,"s":[-355.442,0,0],"to":[0,0,0],"ti":[0,0,0]},{"t":475,"s":[0,0,0]}],"ix":2,"l":2},"a":{"a":0,"k":[540,540,0],"ix":1,"l":2},"s":{"a":1,"k":[{"i":{"x":[0.122,0.122,0.667],"y":[1,1,1]},"o":{"x":[0.333,0.333,0.333],"y":[0,0,0]},"t":96,"s":[100,100,100]},{"t":141,"s":[27,27,100]}],"ix":6,"l":2}},"ao":0,"w":1080,"h":1080,"ip":118,"op":491,"st":96,"bm":0},{"ddd":0,"ind":9,"ty":0,"nm":"Star ON / OFF","parent":1,"refId":"comp_1","sr":1,"ks":{"o":{"a":1,"k":[{"i":{"x":[0.833],"y":[0.833]},"o":{"x":[0.167],"y":[0.167]},"t":290,"s":[100]},{"i":{"x":[0.833],"y":[0.833]},"o":{"x":[0.167],"y":[0.167]},"t":292,"s":[0]},{"i":{"x":[0.833],"y":[0.833]},"o":{"x":[0.167],"y":[0.167]},"t":383,"s":[0]},{"t":385,"s":[100]}],"ix":11},"r":{"a":0,"k":0,"ix":10},"p":{"a":1,"k":[{"i":{"x":0.16,"y":1},"o":{"x":0.901,"y":0},"t":146,"s":[0,0,0],"to":[0,0,0],"ti":[0,0,0]},{"i":{"x":0.16,"y":0.16},"o":{"x":0.167,"y":0.167},"t":166,"s":[-177,0,0],"to":[0,0,0],"ti":[0,0,0]},{"i":{"x":0.099,"y":1},"o":{"x":0.84,"y":0},"t":452,"s":[-177,0,0],"to":[0,0,0],"ti":[0,0,0]},{"t":472,"s":[0,0,0]}],"ix":2,"l":2},"a":{"a":0,"k":[540,540,0],"ix":1,"l":2},"s":{"a":1,"k":[{"i":{"x":[0.122,0.122,0.667],"y":[1,1,1]},"o":{"x":[0.333,0.333,0.333],"y":[0,0,0]},"t":107,"s":[100,100,100]},{"t":152,"s":[27,27,100]}],"ix":6,"l":2}},"ao":0,"w":1080,"h":1080,"ip":118,"op":491,"st":107,"bm":0},{"ddd":0,"ind":10,"ty":0,"nm":"Star ON / OFF","parent":1,"refId":"comp_1","sr":1,"ks":{"o":{"a":1,"k":[{"i":{"x":[0.833],"y":[0.833]},"o":{"x":[0.167],"y":[0.167]},"t":291,"s":[100]},{"i":{"x":[0.833],"y":[0.833]},"o":{"x":[0.167],"y":[0.167]},"t":293,"s":[0]},{"i":{"x":[0.833],"y":[0.833]},"o":{"x":[0.167],"y":[0.167]},"t":384,"s":[0]},{"t":386,"s":[100]}],"ix":11},"r":{"a":0,"k":0,"ix":10},"p":{"a":1,"k":[{"i":{"x":0.163,"y":1},"o":{"x":0.901,"y":0},"t":146,"s":[0,0,0],"to":[0,0,0],"ti":[0,0,0]},{"i":{"x":0.163,"y":0.163},"o":{"x":0.167,"y":0.167},"t":166,"s":[176,0,0],"to":[0,0,0],"ti":[0,0,0]},{"i":{"x":0.099,"y":1},"o":{"x":0.837,"y":0},"t":452,"s":[176,0,0],"to":[0,0,0],"ti":[0,0,0]},{"t":472,"s":[0,0,0]}],"ix":2,"l":2},"a":{"a":0,"k":[540,540,0],"ix":1,"l":2},"s":{"a":1,"k":[{"i":{"x":[0.122,0.122,0.667],"y":[1,1,1]},"o":{"x":[0.333,0.333,0.333],"y":[0,0,0]},"t":107,"s":[100,100,100]},{"t":152,"s":[27,27,100]}],"ix":6,"l":2}},"ao":0,"w":1080,"h":1080,"ip":118,"op":491,"st":107,"bm":0},{"ddd":0,"ind":11,"ty":0,"nm":"Star ON / OFF","parent":1,"refId":"comp_1","sr":1,"ks":{"o":{"a":1,"k":[{"i":{"x":[0.833],"y":[0.833]},"o":{"x":[0.167],"y":[0.167]},"t":291,"s":[100]},{"i":{"x":[0.833],"y":[0.833]},"o":{"x":[0.167],"y":[0.167]},"t":293,"s":[0]},{"i":{"x":[0.833],"y":[0.833]},"o":{"x":[0.167],"y":[0.167]},"t":384,"s":[0]},{"t":386,"s":[100]}],"ix":11},"r":{"a":0,"k":0,"ix":10},"p":{"a":1,"k":[{"i":{"x":0.078,"y":0.906},"o":{"x":0.384,"y":0},"t":146,"s":[0,0,0],"to":[0,0,0],"ti":[0,0,0]},{"i":{"x":0.078,"y":0.078},"o":{"x":0.167,"y":0.167},"t":169,"s":[354.6,0,0],"to":[0,0,0],"ti":[0,0,0]},{"i":{"x":0.616,"y":1},"o":{"x":0.922,"y":0.094},"t":452,"s":[354.6,0,0],"to":[0,0,0],"ti":[0,0,0]},{"t":475,"s":[0,0,0]}],"ix":2,"l":2},"a":{"a":0,"k":[540,540,0],"ix":1,"l":2},"s":{"a":1,"k":[{"i":{"x":[0.122,0.122,0.667],"y":[1,1,1]},"o":{"x":[0.333,0.333,0.333],"y":[0,0,0]},"t":96,"s":[100,100,100]},{"t":141,"s":[27,27,100]}],"ix":6,"l":2}},"ao":0,"w":1080,"h":1080,"ip":118,"op":491,"st":96,"bm":0},{"ddd":0,"ind":12,"ty":3,"nm":"Null 6","sr":1,"ks":{"o":{"a":0,"k":0,"ix":11},"r":{"a":0,"k":0,"ix":10},"p":{"a":0,"k":[540,540,0],"ix":2,"l":2,"x":"var $bm_rt;\n$bm_rt = wiggle(4, 2);"},"a":{"a":0,"k":[0,0,0],"ix":1,"l":2},"s":{"a":0,"k":[100,100,100],"ix":6,"l":2}},"ao":0,"ip":39,"op":63,"st":0,"bm":0},{"ddd":0,"ind":13,"ty":4,"nm":"Star fill 2","sr":1,"ks":{"o":{"a":0,"k":100,"ix":11},"r":{"a":0,"k":0,"ix":10},"p":{"a":0,"k":[539.489,539.416,0],"ix":2,"l":2},"a":{"a":0,"k":[271,251,0],"ix":1,"l":2},"s":{"a":0,"k":[111,111,100],"ix":6,"l":2}},"ao":0,"shapes":[{"ty":"gr","it":[{"ind":0,"ty":"sh","ix":1,"ks":{"a":0,"k":{"i":[[-0.939,-2.772],[0,0],[0,0],[2.458,-1.712],[0,0],[0,0],[2.424,1.689],[0,0],[0,0],[-0.948,2.798],[0,0],[0,0],[-2.996,0],[0,0],[0,0]],"o":[[0,0],[0,0],[2.996,0],[0,0],[0,0],[0.948,2.798],[0,0],[0,0],[-2.424,1.689],[0,0],[0,0],[-2.458,-1.712],[0,0],[0,0],[0.939,-2.772]],"v":[[2.899,-210.467],[89.805,-85.927],[229.192,-52.528],[230.942,-46.956],[124.666,50.373],[144.686,208.057],[140.037,211.549],[0,147.37],[-140.037,211.549],[-144.686,208.057],[-124.666,50.373],[-230.942,-46.956],[-229.192,-52.528],[-89.805,-85.927],[-2.899,-210.467]],"c":true},"ix":2},"nm":"Path 1","mn":"ADBE Vector Shape - Group","hd":false},{"ty":"st","c":{"a":0,"k":[1,0.999998863071,1,1],"ix":3},"o":{"a":0,"k":100,"ix":4},"w":{"a":0,"k":15,"ix":5},"lc":1,"lj":1,"ml":10,"bm":0,"nm":"Stroke 1","mn":"ADBE Vector Graphic - Stroke","hd":false},{"ty":"fl","c":{"a":0,"k":[1,1,1,1],"ix":4},"o":{"a":0,"k":100,"ix":5},"r":1,"bm":0,"nm":"Fill 1","mn":"ADBE Vector Graphic - Fill","hd":false},{"ty":"tr","p":{"a":0,"k":[271,251.216],"ix":2},"a":{"a":0,"k":[0,0],"ix":1},"s":{"a":0,"k":[100,100],"ix":3},"r":{"a":0,"k":0,"ix":6},"o":{"a":0,"k":100,"ix":7},"sk":{"a":0,"k":0,"ix":4},"sa":{"a":0,"k":0,"ix":5},"nm":"Transform"}],"nm":"Group 1","np":3,"cix":2,"bm":0,"ix":1,"mn":"ADBE Vector Group","hd":false}],"ip":62,"op":118,"st":0,"ct":1,"bm":0},{"ddd":0,"ind":14,"ty":4,"nm":"Star outline 2","sr":1,"ks":{"o":{"a":0,"k":100,"ix":11},"r":{"a":0,"k":0,"ix":10},"p":{"a":0,"k":[539.489,539.416,0],"ix":2,"l":2},"a":{"a":0,"k":[384,364,0],"ix":1,"l":2},"s":{"a":0,"k":[111,111,100],"ix":6,"l":2}},"ao":0,"shapes":[{"ty":"gr","it":[{"ind":0,"ty":"sh","ix":1,"ks":{"a":0,"k":{"i":[[-0.939,-2.772],[0,0],[0,0],[2.458,-1.712],[0,0],[0,0],[2.424,1.689],[0,0],[0,0],[-0.948,2.798],[0,0],[0,0],[-2.996,0],[0,0],[0,0]],"o":[[0,0],[0,0],[2.996,0],[0,0],[0,0],[0.948,2.798],[0,0],[0,0],[-2.424,1.689],[0,0],[0,0],[-2.458,-1.712],[0,0],[0,0],[0.939,-2.772]],"v":[[2.899,-210.466],[89.805,-85.927],[229.192,-52.528],[230.942,-46.956],[124.666,50.374],[144.686,208.057],[140.037,211.55],[0,147.37],[-140.037,211.55],[-144.686,208.057],[-124.666,50.374],[-230.942,-46.956],[-229.192,-52.528],[-89.805,-85.927],[-2.899,-210.466]],"c":true},"ix":2},"nm":"Path 1","mn":"ADBE Vector Shape - Group","hd":false},{"ty":"st","c":{"a":0,"k":[0.065493205949,0.056915324342,0.059409930659,1],"ix":3},"o":{"a":0,"k":100,"ix":4},"w":{"a":0,"k":60,"ix":5},"lc":1,"lj":1,"ml":10,"bm":0,"nm":"Stroke 1","mn":"ADBE Vector Graphic - Stroke","hd":false},{"ty":"fl","c":{"a":0,"k":[0.97277879902,0.848321413526,0.181571526621,1],"ix":4},"o":{"a":0,"k":100,"ix":5},"r":1,"bm":0,"nm":"Fill 1","mn":"ADBE Vector Graphic - Fill","hd":false},{"ty":"tr","p":{"a":0,"k":[384,364.216],"ix":2},"a":{"a":0,"k":[0,0],"ix":1},"s":{"a":0,"k":[100,100],"ix":3},"r":{"a":0,"k":0,"ix":6},"o":{"a":0,"k":100,"ix":7},"sk":{"a":0,"k":0,"ix":4},"sa":{"a":0,"k":0,"ix":5},"nm":"Transform"}],"nm":"Group 1","np":3,"cix":2,"bm":0,"ix":1,"mn":"ADBE Vector Group","hd":false}],"ip":62,"op":118,"st":0,"ct":1,"bm":0},{"ddd":0,"ind":15,"ty":4,"nm":"Star fill 3","parent":12,"sr":1,"ks":{"o":{"a":0,"k":100,"ix":11},"r":{"a":0,"k":0,"ix":10},"p":{"a":0,"k":[0,0,0],"ix":2,"l":2},"a":{"a":0,"k":[271,251,0],"ix":1,"l":2},"s":{"a":0,"k":[111,111,100],"ix":6,"l":2}},"ao":0,"shapes":[{"ty":"gr","it":[{"ind":0,"ty":"sh","ix":1,"ks":{"a":0,"k":{"i":[[-0.939,-2.772],[0,0],[0,0],[2.458,-1.712],[0,0],[0,0],[2.424,1.689],[0,0],[0,0],[-0.948,2.798],[0,0],[0,0],[-2.996,0],[0,0],[0,0]],"o":[[0,0],[0,0],[2.996,0],[0,0],[0,0],[0.948,2.798],[0,0],[0,0],[-2.424,1.689],[0,0],[0,0],[-2.458,-1.712],[0,0],[0,0],[0.939,-2.772]],"v":[[2.899,-210.467],[89.805,-85.927],[229.192,-52.528],[230.942,-46.956],[124.666,50.373],[144.686,208.057],[140.037,211.549],[0,147.37],[-140.037,211.549],[-144.686,208.057],[-124.666,50.373],[-230.942,-46.956],[-229.192,-52.528],[-89.805,-85.927],[-2.899,-210.467]],"c":true},"ix":2},"nm":"Path 1","mn":"ADBE Vector Shape - Group","hd":false},{"ty":"st","c":{"a":0,"k":[1,0.999998863071,1,1],"ix":3},"o":{"a":0,"k":100,"ix":4},"w":{"a":0,"k":15,"ix":5},"lc":1,"lj":1,"ml":10,"bm":0,"nm":"Stroke 1","mn":"ADBE Vector Graphic - Stroke","hd":false},{"ty":"fl","c":{"a":0,"k":[1,1,1,1],"ix":4},"o":{"a":0,"k":100,"ix":5},"r":1,"bm":0,"nm":"Fill 1","mn":"ADBE Vector Graphic - Fill","hd":false},{"ty":"tr","p":{"a":0,"k":[271,251.216],"ix":2},"a":{"a":0,"k":[0,0],"ix":1},"s":{"a":0,"k":[100,100],"ix":3},"r":{"a":0,"k":0,"ix":6},"o":{"a":0,"k":100,"ix":7},"sk":{"a":0,"k":0,"ix":4},"sa":{"a":0,"k":0,"ix":5},"nm":"Transform"}],"nm":"Group 1","np":3,"cix":2,"bm":0,"ix":1,"mn":"ADBE Vector Group","hd":false}],"ip":39,"op":62,"st":0,"ct":1,"bm":0},{"ddd":0,"ind":16,"ty":4,"nm":"Star outline 3","parent":12,"sr":1,"ks":{"o":{"a":0,"k":100,"ix":11},"r":{"a":0,"k":0,"ix":10},"p":{"a":0,"k":[0,0,0],"ix":2,"l":2},"a":{"a":0,"k":[384,364,0],"ix":1,"l":2},"s":{"a":0,"k":[111,111,100],"ix":6,"l":2}},"ao":0,"shapes":[{"ty":"gr","it":[{"ind":0,"ty":"sh","ix":1,"ks":{"a":0,"k":{"i":[[-0.939,-2.772],[0,0],[0,0],[2.458,-1.712],[0,0],[0,0],[2.424,1.689],[0,0],[0,0],[-0.948,2.798],[0,0],[0,0],[-2.996,0],[0,0],[0,0]],"o":[[0,0],[0,0],[2.996,0],[0,0],[0,0],[0.948,2.798],[0,0],[0,0],[-2.424,1.689],[0,0],[0,0],[-2.458,-1.712],[0,0],[0,0],[0.939,-2.772]],"v":[[2.899,-210.466],[89.805,-85.927],[229.192,-52.528],[230.942,-46.956],[124.666,50.374],[144.686,208.057],[140.037,211.55],[0,147.37],[-140.037,211.55],[-144.686,208.057],[-124.666,50.374],[-230.942,-46.956],[-229.192,-52.528],[-89.805,-85.927],[-2.899,-210.466]],"c":true},"ix":2},"nm":"Path 1","mn":"ADBE Vector Shape - Group","hd":false},{"ty":"st","c":{"a":0,"k":[0.79537377451,0.791889205633,0.792902568742,1],"ix":3},"o":{"a":0,"k":100,"ix":4},"w":{"a":0,"k":60,"ix":5},"lc":1,"lj":1,"ml":10,"bm":0,"nm":"Stroke 1","mn":"ADBE Vector Graphic - Stroke","hd":false},{"ty":"fl","c":{"a":0,"k":[0.97277879902,0.848321413526,0.181571526621,1],"ix":4},"o":{"a":0,"k":100,"ix":5},"r":1,"bm":0,"nm":"Fill 1","mn":"ADBE Vector Graphic - Fill","hd":false},{"ty":"tr","p":{"a":0,"k":[384,364.216],"ix":2},"a":{"a":0,"k":[0,0],"ix":1},"s":{"a":0,"k":[100,100],"ix":3},"r":{"a":0,"k":0,"ix":6},"o":{"a":0,"k":100,"ix":7},"sk":{"a":0,"k":0,"ix":4},"sa":{"a":0,"k":0,"ix":5},"nm":"Transform"}],"nm":"Group 1","np":3,"cix":2,"bm":0,"ix":1,"mn":"ADBE Vector Group","hd":false}],"ip":39,"op":62,"st":0,"ct":1,"bm":0},{"ddd":0,"ind":17,"ty":4,"nm":"Star fill","sr":1,"ks":{"o":{"a":0,"k":100,"ix":11},"r":{"a":0,"k":0,"ix":10},"p":{"a":0,"k":[536.901,537.191,0],"ix":2,"l":2},"a":{"a":0,"k":[271,251,0],"ix":1,"l":2},"s":{"a":0,"k":[111,111,100],"ix":6,"l":2}},"ao":0,"shapes":[{"ty":"gr","it":[{"ind":0,"ty":"sh","ix":1,"ks":{"a":0,"k":{"i":[[-0.939,-2.772],[0,0],[0,0],[2.458,-1.712],[0,0],[0,0],[2.424,1.689],[0,0],[0,0],[-0.948,2.798],[0,0],[0,0],[-2.996,0],[0,0],[0,0]],"o":[[0,0],[0,0],[2.996,0],[0,0],[0,0],[0.948,2.798],[0,0],[0,0],[-2.424,1.689],[0,0],[0,0],[-2.458,-1.712],[0,0],[0,0],[0.939,-2.772]],"v":[[2.899,-210.467],[89.805,-85.927],[229.192,-52.528],[230.942,-46.956],[124.666,50.373],[144.686,208.057],[140.037,211.549],[0,147.37],[-140.037,211.549],[-144.686,208.057],[-124.666,50.373],[-230.942,-46.956],[-229.192,-52.528],[-89.805,-85.927],[-2.899,-210.467]],"c":true},"ix":2},"nm":"Path 1","mn":"ADBE Vector Shape - Group","hd":false},{"ty":"st","c":{"a":0,"k":[1,0.999998863071,1,1],"ix":3},"o":{"a":0,"k":100,"ix":4},"w":{"a":0,"k":15,"ix":5},"lc":1,"lj":1,"ml":10,"bm":0,"nm":"Stroke 1","mn":"ADBE Vector Graphic - Stroke","hd":false},{"ty":"fl","c":{"a":0,"k":[1,1,1,1],"ix":4},"o":{"a":0,"k":100,"ix":5},"r":1,"bm":0,"nm":"Fill 1","mn":"ADBE Vector Graphic - Fill","hd":false},{"ty":"tr","p":{"a":0,"k":[271,251.216],"ix":2},"a":{"a":0,"k":[0,0],"ix":1},"s":{"a":0,"k":[100,100],"ix":3},"r":{"a":0,"k":0,"ix":6},"o":{"a":0,"k":100,"ix":7},"sk":{"a":0,"k":0,"ix":4},"sa":{"a":0,"k":0,"ix":5},"nm":"Transform"}],"nm":"Group 1","np":3,"cix":2,"bm":0,"ix":1,"mn":"ADBE Vector Group","hd":false}],"ip":0,"op":39,"st":0,"ct":1,"bm":0},{"ddd":0,"ind":18,"ty":4,"nm":"Star outline","sr":1,"ks":{"o":{"a":0,"k":100,"ix":11},"r":{"a":0,"k":0,"ix":10},"p":{"a":0,"k":[536.901,537.191,0],"ix":2,"l":2},"a":{"a":0,"k":[384,364,0],"ix":1,"l":2},"s":{"a":0,"k":[111,111,100],"ix":6,"l":2}},"ao":0,"shapes":[{"ty":"gr","it":[{"ind":0,"ty":"sh","ix":1,"ks":{"a":0,"k":{"i":[[-0.939,-2.772],[0,0],[0,0],[2.458,-1.712],[0,0],[0,0],[2.424,1.689],[0,0],[0,0],[-0.948,2.798],[0,0],[0,0],[-2.996,0],[0,0],[0,0]],"o":[[0,0],[0,0],[2.996,0],[0,0],[0,0],[0.948,2.798],[0,0],[0,0],[-2.424,1.689],[0,0],[0,0],[-2.458,-1.712],[0,0],[0,0],[0.939,-2.772]],"v":[[2.899,-210.466],[89.805,-85.927],[229.192,-52.528],[230.942,-46.956],[124.666,50.374],[144.686,208.057],[140.037,211.55],[0,147.37],[-140.037,211.55],[-144.686,208.057],[-124.666,50.374],[-230.942,-46.956],[-229.192,-52.528],[-89.805,-85.927],[-2.899,-210.466]],"c":true},"ix":2},"nm":"Path 1","mn":"ADBE Vector Shape - Group","hd":false},{"ty":"st","c":{"a":0,"k":[0.065493205949,0.056915324342,0.059409930659,1],"ix":3},"o":{"a":0,"k":100,"ix":4},"w":{"a":0,"k":60,"ix":5},"lc":1,"lj":1,"ml":10,"bm":0,"nm":"Stroke 1","mn":"ADBE Vector Graphic - Stroke","hd":false},{"ty":"fl","c":{"a":0,"k":[0.97277879902,0.848321413526,0.181571526621,1],"ix":4},"o":{"a":0,"k":100,"ix":5},"r":1,"bm":0,"nm":"Fill 1","mn":"ADBE Vector Graphic - Fill","hd":false},{"ty":"tr","p":{"a":0,"k":[384,364.216],"ix":2},"a":{"a":0,"k":[0,0],"ix":1},"s":{"a":0,"k":[100,100],"ix":3},"r":{"a":0,"k":0,"ix":6},"o":{"a":0,"k":100,"ix":7},"sk":{"a":0,"k":0,"ix":4},"sa":{"a":0,"k":0,"ix":5},"nm":"Transform"}],"nm":"Group 1","np":3,"cix":2,"bm":0,"ix":1,"mn":"ADBE Vector Group","hd":false}],"ip":0,"op":39,"st":0,"ct":1,"bm":0},{"ddd":0,"ind":19,"ty":6,"nm":"GTA5 wasted black screen effect sound.mp3","cl":"mp3","refId":"audio_0","sr":1,"ip":115,"op":560,"st":115,"bm":0},{"ddd":0,"ind":20,"ty":6,"nm":"GTA 5 - BEST CAR  POLICE CHASE (BUFFALO).mp3","cl":"mp3","refId":"audio_1","sr":1,"ip":118,"op":654,"st":118,"bm":0}],"markers":[{"tm":39,"cm":"click-denied-start","dr":0},{"tm":62,"cm":"click-denied-end","dr":0},{"tm":115,"cm":"on-start","dr":0},{"tm":546,"cm":"on-end","dr":0}],"props":{}}