{"v":"5.12.1","fr":60,"ip":86,"op":791,"w":1080,"h":1080,"nm":"BRUT-Final","ddd":0,"assets":[{"id":"audio_0","u":"images/","p":"aud_0.mp3","e":0,"t":2}],"layers":[{"ddd":0,"ind":1,"ty":6,"nm":"HUH BRUH NOPE.mp3","cl":"mp3","refId":"audio_0","sr":1,"ip":19,"op":793,"st":19,"bm":0},{"ddd":0,"ind":2,"ty":3,"nm":"Null 1","sr":1,"ks":{"o":{"a":0,"k":0,"ix":11},"r":{"a":0,"k":0,"ix":10},"p":{"a":0,"k":[528,540,0],"ix":2,"l":2},"a":{"a":0,"k":[0,0,0],"ix":1,"l":2},"s":{"a":1,"k":[{"i":{"x":[0.619,0.619,0.619],"y":[1,1,1]},"o":{"x":[0.333,0.333,0.333],"y":[0,0,0]},"t":108,"s":[70,75,100]},{"i":{"x":[0.619,0.619,0.619],"y":[1,1,1]},"o":{"x":[0.251,0.251,0.251],"y":[0,0,0]},"t":119,"s":[173,185.357,100]},{"i":{"x":[0.619,0.619,0.619],"y":[1,1,1]},"o":{"x":[0.251,0.251,0.251],"y":[0,0,0]},"t":125,"s":[152,162.857,100]},{"i":{"x":[0.833,0.833,0.833],"y":[0.916,0.916,1]},"o":{"x":[0.251,0.251,0.251],"y":[0,0,0]},"t":232,"s":[152,162.857,100]},{"t":254,"s":[70,75,100]}],"ix":6,"l":2}},"ao":0,"ip":0,"op":1800,"st":0,"bm":0},{"ddd":0,"ind":3,"ty":4,"nm":"pause-left","parent":2,"sr":1,"ks":{"o":{"a":0,"k":100,"ix":11},"r":{"a":0,"k":0,"ix":10},"p":{"a":0,"k":[34.414,0,0],"ix":2,"l":2},"a":{"a":0,"k":[33.5,94.5,0],"ix":1,"l":2},"s":{"a":0,"k":[58.125,64.596,100],"ix":6,"l":2}},"ao":0,"shapes":[{"ty":"gr","it":[{"ind":0,"ty":"sh","ix":1,"ks":{"a":0,"k":{"i":[[16.422,0],[0,0],[0,16.422],[0,0],[-16.422,0],[0,0],[0,-16.422],[0,0]],"o":[[0,0],[-16.422,0],[0,0],[0,-16.422],[0,0],[16.422,0],[0,0],[0,16.422]],"v":[[3.34,93.93],[-3.34,93.93],[-33.197,64.072],[-33.197,-64.072],[-3.34,-93.93],[3.34,-93.93],[33.197,-64.072],[33.197,64.072]],"c":true},"ix":2},"nm":"Path 1","mn":"ADBE Vector Shape - Group","hd":false},{"ty":"fl","c":{"a":0,"k":[0.152941176471,0.152941176471,0.152941176471,1],"ix":4},"o":{"a":0,"k":100,"ix":5},"r":1,"bm":0,"nm":"Fill 1","mn":"ADBE Vector Graphic - Fill","hd":false},{"ty":"tr","p":{"a":0,"k":[33.447,94.179],"ix":2},"a":{"a":0,"k":[0,0],"ix":1},"s":{"a":0,"k":[100,100],"ix":3},"r":{"a":0,"k":0,"ix":6},"o":{"a":0,"k":100,"ix":7},"sk":{"a":0,"k":0,"ix":4},"sa":{"a":0,"k":0,"ix":5},"nm":"Transform"}],"nm":"Group 1","np":2,"cix":2,"bm":0,"ix":1,"mn":"ADBE Vector Group","hd":false}],"ip":108,"op":255,"st":0,"ct":1,"bm":0},{"ddd":0,"ind":4,"ty":4,"nm":"pause-right","parent":2,"sr":1,"ks":{"o":{"a":0,"k":100,"ix":11},"r":{"a":0,"k":0,"ix":10},"p":{"a":0,"k":[-30.336,0,0],"ix":2,"l":2},"a":{"a":0,"k":[33.5,94.5,0],"ix":1,"l":2},"s":{"a":0,"k":[58.125,64.596,100],"ix":6,"l":2}},"ao":0,"shapes":[{"ty":"gr","it":[{"ind":0,"ty":"sh","ix":1,"ks":{"a":0,"k":{"i":[[16.422,0],[0,0],[0,16.422],[0,0],[-16.422,0],[0,0],[0,-16.422],[0,0]],"o":[[0,0],[-16.422,0],[0,0],[0,-16.422],[0,0],[16.422,0],[0,0],[0,16.422]],"v":[[3.34,93.929],[-3.34,93.929],[-33.197,64.071],[-33.197,-64.072],[-3.34,-93.929],[3.34,-93.929],[33.197,-64.072],[33.197,64.071]],"c":true},"ix":2},"nm":"Path 1","mn":"ADBE Vector Shape - Group","hd":false},{"ty":"fl","c":{"a":0,"k":[0.152941176471,0.152941176471,0.152941176471,1],"ix":4},"o":{"a":0,"k":100,"ix":5},"r":1,"bm":0,"nm":"Fill 1","mn":"ADBE Vector Graphic - Fill","hd":false},{"ty":"tr","p":{"a":0,"k":[33.447,94.179],"ix":2},"a":{"a":0,"k":[0,0],"ix":1},"s":{"a":0,"k":[100,100],"ix":3},"r":{"a":0,"k":0,"ix":6},"o":{"a":0,"k":100,"ix":7},"sk":{"a":0,"k":0,"ix":4},"sa":{"a":0,"k":0,"ix":5},"nm":"Transform"}],"nm":"Group 1","np":2,"cix":2,"bm":0,"ix":1,"mn":"ADBE Vector Group","hd":false}],"ip":108,"op":256,"st":0,"ct":1,"bm":0},{"ddd":0,"ind":5,"ty":4,"nm":"O1/EXPort-08-10 Outlines","sr":1,"ks":{"o":{"a":0,"k":100,"ix":11},"r":{"a":0,"k":0,"ix":10},"p":{"a":0,"k":[529.169,540,0],"ix":2,"l":2},"a":{"a":0,"k":[283,283,0],"ix":1,"l":2},"s":{"a":0,"k":[102.186,102.186,100],"ix":6,"l":2}},"ao":0,"shapes":[{"ty":"gr","it":[{"ind":0,"ty":"sh","ix":1,"ks":{"a":0,"k":{"i":[[0,-100.977],[100.977,0],[0,100.977],[-100.977,0]],"o":[[0,100.977],[-100.977,0],[0,-100.977],[100.977,0]],"v":[[182.835,0],[0,182.835],[-182.835,0],[0,-182.835]],"c":true},"ix":2},"nm":"Path 1","mn":"ADBE Vector Shape - Group","hd":false},{"ty":"st","c":{"a":0,"k":[0.152941176471,0.152941176471,0.152941176471,1],"ix":3},"o":{"a":0,"k":100,"ix":4},"w":{"a":0,"k":64,"ix":5},"lc":1,"lj":1,"ml":10,"bm":0,"nm":"Stroke 1","mn":"ADBE Vector Graphic - Stroke","hd":false},{"ty":"tr","p":{"a":0,"k":[282.835,282.835],"ix":2},"a":{"a":0,"k":[0,0],"ix":1},"s":{"a":0,"k":[100,100],"ix":3},"r":{"a":0,"k":0,"ix":6},"o":{"a":0,"k":99,"ix":7},"sk":{"a":0,"k":0,"ix":4},"sa":{"a":0,"k":0,"ix":5},"nm":"Transform"}],"nm":"Group 1","np":2,"cix":2,"bm":0,"ix":1,"mn":"ADBE Vector Group","hd":false}],"ip":-22,"op":290,"st":-1,"ct":1,"bm":0},{"ddd":0,"ind":6,"ty":4,"nm":">/EXPort-08-10 Outlines 4","sr":1,"ks":{"o":{"a":0,"k":100,"ix":11},"r":{"a":0,"k":0,"ix":10},"p":{"a":0,"k":[536.818,541.075,0],"ix":2,"l":2},"a":{"a":0,"k":[89,127,0],"ix":1,"l":2},"s":{"a":1,"k":[{"i":{"x":[0,0,0.833],"y":[1.005,1.005,1.132]},"o":{"x":[0.011,0.011,0.167],"y":[0.19,0.19,-0.452]},"t":85,"s":[100,100,100]},{"t":108,"s":[52,52,100]}],"ix":6,"l":2}},"ao":0,"shapes":[{"ty":"gr","it":[{"ind":0,"ty":"sh","ix":1,"ks":{"a":0,"k":{"i":[[21.316,-12.89],[0,0],[0,25.803],[0,0],[-22.079,-13.351],[0,0]],"o":[[0,0],[-22.079,13.352],[0,0],[0,-25.802],[0,0],[21.316,12.889]],"v":[[81.144,28.349],[-52.187,108.973],[-102.46,80.623],[-102.46,-80.625],[-52.187,-108.974],[81.144,-28.349]],"c":true},"ix":2},"nm":"Path 1","mn":"ADBE Vector Shape - Group","hd":false},{"ty":"fl","c":{"a":0,"k":[0.152941176471,0.152941176471,0.152941176471,1],"ix":4},"o":{"a":0,"k":100,"ix":5},"r":1,"bm":0,"nm":"Fill 1","mn":"ADBE Vector Graphic - Fill","hd":false},{"ty":"tr","p":{"a":0,"k":[102.709,122.576],"ix":2},"a":{"a":0,"k":[0,0],"ix":1},"s":{"a":0,"k":[100,100],"ix":3},"r":{"a":0,"k":0,"ix":6},"o":{"a":0,"k":100,"ix":7},"sk":{"a":0,"k":0,"ix":4},"sa":{"a":0,"k":0,"ix":5},"nm":"Transform"}],"nm":"Group 1","np":2,"cix":2,"bm":0,"ix":1,"mn":"ADBE Vector Group","hd":false}],"ip":0,"op":108,"st":0,"ct":1,"bm":0},{"ddd":0,"ind":7,"ty":4,"nm":">/EXPort-08-10 Outlines 3","sr":1,"ks":{"o":{"a":0,"k":100,"ix":11},"r":{"a":0,"k":0,"ix":10},"p":{"a":0,"k":[536.818,541.075,0],"ix":2,"l":2},"a":{"a":0,"k":[89,127,0],"ix":1,"l":2},"s":{"a":1,"k":[{"i":{"x":[0.833,0.833,0.833],"y":[1,1,1]},"o":{"x":[0.033,0.033,0.167],"y":[0,0,0]},"t":255,"s":[50,50,100]},{"i":{"x":[1,1,1],"y":[1,1,1]},"o":{"x":[0.033,0.033,0.167],"y":[0.111,0.111,0]},"t":261,"s":[100,100,100]},{"i":{"x":[1,1,1],"y":[1,1,1]},"o":{"x":[0.033,0.033,0.167],"y":[0,0,0]},"t":263,"s":[110,110,100]},{"t":265,"s":[100,100,100]}],"ix":6,"l":2}},"ao":0,"shapes":[{"ty":"gr","it":[{"ind":0,"ty":"sh","ix":1,"ks":{"a":0,"k":{"i":[[21.316,-12.89],[0,0],[0,25.803],[0,0],[-22.079,-13.351],[0,0]],"o":[[0,0],[-22.079,13.352],[0,0],[0,-25.802],[0,0],[21.316,12.889]],"v":[[81.144,28.349],[-52.187,108.973],[-102.46,80.623],[-102.46,-80.625],[-52.187,-108.974],[81.144,-28.349]],"c":true},"ix":2},"nm":"Path 1","mn":"ADBE Vector Shape - Group","hd":false},{"ty":"fl","c":{"a":0,"k":[0.152941176471,0.152941176471,0.152941176471,1],"ix":4},"o":{"a":0,"k":100,"ix":5},"r":1,"bm":0,"nm":"Fill 1","mn":"ADBE Vector Graphic - Fill","hd":false},{"ty":"tr","p":{"a":0,"k":[102.709,122.576],"ix":2},"a":{"a":0,"k":[0,0],"ix":1},"s":{"a":0,"k":[100,100],"ix":3},"r":{"a":0,"k":0,"ix":6},"o":{"a":0,"k":100,"ix":7},"sk":{"a":0,"k":0,"ix":4},"sa":{"a":0,"k":0,"ix":5},"nm":"Transform"}],"nm":"Group 1","np":2,"cix":2,"bm":0,"ix":1,"mn":"ADBE Vector Group","hd":false}],"ip":255,"op":288,"st":165,"ct":1,"bm":0}],"markers":[{"tm":85,"cm":"pause-start","dr":0},{"tm":107,"cm":"pause-hold","dr":0},{"tm":125,"cm":"pause-end","dr":0},{"tm":126,"cm":"audio-start","dr":0},{"tm":232,"cm":"play-start","dr":0},{"tm":254,"cm":"play-hold","dr":0},{"tm":255,"cm":"audio-end","dr":0},{"tm":265,"cm":"play-end","dr":0}],"props":{}}