{"v":"5.12.1","fr":29.9700012207031,"ip":0,"op":120.0000048877,"w":500,"h":500,"nm":"final","ddd":0,"assets":[{"id":"comp_0","nm":"Comp 1","fr":29.9700012207031,"layers":[{"ddd":0,"ind":1,"ty":4,"nm":".hitbox","cl":"hitbox","sr":1,"ks":{"o":{"a":0,"k":100,"ix":11},"r":{"a":0,"k":0,"ix":10},"p":{"a":0,"k":[500,500,0],"ix":2,"l":2},"a":{"a":0,"k":[0,0,0],"ix":1,"l":2},"s":{"a":0,"k":[100,100,100],"ix":6,"l":2}},"ao":0,"shapes":[{"ty":"rc","d":1,"s":{"a":0,"k":[343,343],"ix":2},"p":{"a":0,"k":[18,0],"ix":3},"r":{"a":0,"k":112,"ix":4},"nm":"Rectangle Path 1","mn":"ADBE Vector Shape - Rect","hd":false},{"ty":"fl","c":{"a":0,"k":[1,0,0,1],"ix":4},"o":{"a":0,"k":0,"ix":5},"r":1,"bm":0,"nm":"Fill 1","mn":"ADBE Vector Graphic - Fill","hd":false}],"ip":0,"op":120.0000048877,"st":0,"ct":1,"bm":0},{"ddd":0,"ind":2,"ty":0,"nm":"Morph","refId":"comp_1","sr":1,"ks":{"o":{"a":0,"k":100,"ix":11},"r":{"a":0,"k":0,"ix":10},"p":{"a":0,"k":[500,500,0],"ix":2,"l":2},"a":{"a":0,"k":[500,500,0],"ix":1,"l":2},"s":{"a":0,"k":[100,100,100],"ix":6,"l":2}},"ao":0,"w":1000,"h":1000,"ip":1.00000004073083,"op":21.0000008553475,"st":0,"bm":0},{"ddd":0,"ind":3,"ty":0,"nm":"Morph 2","refId":"comp_2","sr":1,"ks":{"o":{"a":0,"k":100,"ix":11},"r":{"a":0,"k":0,"ix":10},"p":{"a":0,"k":[500,500,0],"ix":2,"l":2},"a":{"a":0,"k":[500,500,0],"ix":1,"l":2},"s":{"a":0,"k":[100,100,100],"ix":6,"l":2}},"ao":0,"w":1000,"h":1000,"ip":21.0000008553475,"op":89.0000036250443,"st":21.0000008553475,"bm":0},{"ddd":0,"ind":4,"ty":0,"nm":"REstitution","refId":"comp_3","sr":1,"ks":{"o":{"a":0,"k":100,"ix":11},"r":{"a":0,"k":0,"ix":10},"p":{"a":1,"k":[{"i":{"x":0.833,"y":0.833},"o":{"x":0.167,"y":0.167},"t":88,"s":[500,500,0],"to":[0,0,0],"ti":[0,0,0]},{"t":102.000004154545,"s":[550,449,0]}],"ix":2,"l":2},"a":{"a":0,"k":[500,500,0],"ix":1,"l":2},"s":{"a":1,"k":[{"i":{"x":[0.833,0.833,0.833],"y":[0.833,0.833,0.833]},"o":{"x":[0.167,0.167,0.167],"y":[0.167,0.167,0.167]},"t":88,"s":[100,100,100]},{"t":102.000004154545,"s":[85,85,100]}],"ix":6,"l":2}},"ao":0,"w":1000,"h":1000,"ip":88.0000035843135,"op":103.000004195276,"st":88.0000035843135,"bm":0},{"ddd":0,"ind":5,"ty":4,"nm":"Calque 1/hand Outlines","sr":1,"ks":{"o":{"a":0,"k":100,"ix":11},"r":{"a":0,"k":0,"ix":10},"p":{"a":0,"k":[500,500,0],"ix":2,"l":2},"a":{"a":0,"k":[500,500,0],"ix":1,"l":2},"s":{"a":0,"k":[100,100,100],"ix":6,"l":2}},"ao":0,"shapes":[{"ty":"gr","it":[{"ind":0,"ty":"sh","ix":1,"ks":{"a":0,"k":{"i":[[0,0],[-68.54,-28.962]],"o":[[0,-15.773],[0,0]],"v":[[-34.27,54.891],[34.27,-25.929]],"c":false},"ix":2},"nm":"Path 1","mn":"ADBE Vector Shape - Group","hd":false},{"ty":"st","c":{"a":0,"k":[1,0.999998863071,1,1],"ix":3},"o":{"a":0,"k":100,"ix":4},"w":{"a":0,"k":65,"ix":5},"lc":2,"lj":1,"ml":10,"bm":0,"nm":"Stroke 2","mn":"ADBE Vector Graphic - Stroke","hd":false},{"ty":"st","c":{"a":0,"k":[0.211781251197,0.211387140611,0.207956052294,1],"ix":3},"o":{"a":0,"k":100,"ix":4},"w":{"a":0,"k":74,"ix":5},"lc":2,"lj":1,"ml":10,"bm":0,"nm":"Stroke 1","mn":"ADBE Vector Graphic - Stroke","hd":false},{"ty":"tr","p":{"a":0,"k":[527.414,414.865],"ix":2},"a":{"a":0,"k":[0,0],"ix":1},"s":{"a":0,"k":[100,100],"ix":3},"r":{"a":0,"k":0,"ix":6},"o":{"a":0,"k":100,"ix":7},"sk":{"a":0,"k":0,"ix":4},"sa":{"a":0,"k":0,"ix":5},"nm":"Transform"}],"nm":"Group 7","np":3,"cix":2,"bm":0,"ix":1,"mn":"ADBE Vector Group","hd":false},{"ty":"gr","it":[{"ind":0,"ty":"sh","ix":1,"ks":{"a":0,"k":{"i":[[0,0],[0,0]],"o":[[0,0],[0,0]],"v":[[621.43,404.946],[621.43,572.286]],"c":false},"ix":2},"nm":"Path 1","mn":"ADBE Vector Shape - Group","hd":false},{"ty":"st","c":{"a":0,"k":[1,0.999998863071,1,1],"ix":3},"o":{"a":0,"k":100,"ix":4},"w":{"a":0,"k":54,"ix":5},"lc":2,"lj":1,"ml":10,"bm":0,"nm":"Stroke 2","mn":"ADBE Vector Graphic - Stroke","hd":false},{"ty":"st","c":{"a":0,"k":[0.211781251197,0.211387140611,0.207956052294,1],"ix":3},"o":{"a":0,"k":100,"ix":4},"w":{"a":0,"k":63,"ix":5},"lc":2,"lj":1,"ml":10,"bm":0,"nm":"Stroke 1","mn":"ADBE Vector Graphic - Stroke","hd":false},{"ty":"tr","p":{"a":0,"k":[0,0],"ix":2},"a":{"a":0,"k":[0,0],"ix":1},"s":{"a":0,"k":[100,100],"ix":3},"r":{"a":0,"k":0,"ix":6},"o":{"a":0,"k":100,"ix":7},"sk":{"a":0,"k":0,"ix":4},"sa":{"a":0,"k":0,"ix":5},"nm":"Transform"}],"nm":"Group 2","np":3,"cix":2,"bm":0,"ix":2,"mn":"ADBE Vector Group","hd":false},{"ty":"gr","it":[{"ind":0,"ty":"sh","ix":1,"ks":{"a":0,"k":{"i":[[0,0],[-42.407,8.656]],"o":[[58.941,11.717],[0,0]],"v":[[-65.074,-5.594],[65.074,-6.123]],"c":false},"ix":2},"nm":"Path 1","mn":"ADBE Vector Shape - Group","hd":false},{"ty":"st","c":{"a":0,"k":[1,0.999998863071,1,1],"ix":3},"o":{"a":0,"k":100,"ix":4},"w":{"a":0,"k":54,"ix":5},"lc":2,"lj":1,"ml":10,"bm":0,"nm":"Stroke 2","mn":"ADBE Vector Graphic - Stroke","hd":false},{"ty":"st","c":{"a":0,"k":[0.211781251197,0.211387140611,0.207956052294,1],"ix":3},"o":{"a":0,"k":100,"ix":4},"w":{"a":0,"k":63,"ix":5},"lc":2,"lj":1,"ml":10,"bm":0,"nm":"Stroke 1","mn":"ADBE Vector Graphic - Stroke","hd":false},{"ty":"tr","p":{"a":0,"k":[444.311,503.407],"ix":2},"a":{"a":0,"k":[0,0],"ix":1},"s":{"a":0,"k":[100,100],"ix":3},"r":{"a":0,"k":0,"ix":6},"o":{"a":0,"k":100,"ix":7},"sk":{"a":0,"k":0,"ix":4},"sa":{"a":0,"k":0,"ix":5},"nm":"Transform"}],"nm":"Group 3","np":3,"cix":2,"bm":0,"ix":3,"mn":"ADBE Vector Group","hd":false},{"ty":"gr","it":[{"ind":0,"ty":"sh","ix":1,"ks":{"a":0,"k":{"i":[[0,0],[-29.523,8.307]],"o":[[52.534,10.251],[0,0]],"v":[[-50.66,-4.861],[50.66,-5.39]],"c":false},"ix":2},"nm":"Path 1","mn":"ADBE Vector Shape - Group","hd":false},{"ty":"st","c":{"a":0,"k":[1,0.999998863071,1,1],"ix":3},"o":{"a":0,"k":100,"ix":4},"w":{"a":0,"k":54,"ix":5},"lc":2,"lj":1,"ml":10,"bm":0,"nm":"Stroke 2","mn":"ADBE Vector Graphic - Stroke","hd":false},{"ty":"st","c":{"a":0,"k":[0.211781251197,0.211387140611,0.207956052294,1],"ix":3},"o":{"a":0,"k":100,"ix":4},"w":{"a":0,"k":63,"ix":5},"lc":2,"lj":1,"ml":10,"bm":0,"nm":"Stroke 1","mn":"ADBE Vector Graphic - Stroke","hd":false},{"ty":"tr","p":{"a":0,"k":[442.484,560.649],"ix":2},"a":{"a":0,"k":[0,0],"ix":1},"s":{"a":0,"k":[100,100],"ix":3},"r":{"a":0,"k":0,"ix":6},"o":{"a":0,"k":100,"ix":7},"sk":{"a":0,"k":0,"ix":4},"sa":{"a":0,"k":0,"ix":5},"nm":"Transform"}],"nm":"Group 4","np":3,"cix":2,"bm":0,"ix":4,"mn":"ADBE Vector Group","hd":false},{"ty":"gr","it":[{"ind":0,"ty":"sh","ix":1,"ks":{"a":0,"k":{"i":[[0,0],[-16.095,8.488]],"o":[[47.958,12.843],[0,0]],"v":[[-34.086,-6.157],[34.086,-6.686]],"c":false},"ix":2},"nm":"Path 1","mn":"ADBE Vector Shape - Group","hd":false},{"ty":"st","c":{"a":0,"k":[1,0.999998863071,1,1],"ix":3},"o":{"a":0,"k":100,"ix":4},"w":{"a":0,"k":54,"ix":5},"lc":2,"lj":1,"ml":10,"bm":0,"nm":"Stroke 2","mn":"ADBE Vector Graphic - Stroke","hd":false},{"ty":"st","c":{"a":0,"k":[0.211781251197,0.211387140611,0.207956052294,1],"ix":3},"o":{"a":0,"k":100,"ix":4},"w":{"a":0,"k":63,"ix":5},"lc":2,"lj":1,"ml":10,"bm":0,"nm":"Stroke 1","mn":"ADBE Vector Graphic - Stroke","hd":false},{"ty":"tr","p":{"a":0,"k":[439.368,619.92],"ix":2},"a":{"a":0,"k":[0,0],"ix":1},"s":{"a":0,"k":[100,100],"ix":3},"r":{"a":0,"k":0,"ix":6},"o":{"a":0,"k":100,"ix":7},"sk":{"a":0,"k":0,"ix":4},"sa":{"a":0,"k":0,"ix":5},"nm":"Transform"}],"nm":"Group 5","np":3,"cix":2,"bm":0,"ix":5,"mn":"ADBE Vector Group","hd":false},{"ty":"gr","it":[{"ind":0,"ty":"sh","ix":1,"ks":{"a":0,"k":{"i":[[0,0],[-33.284,10.578]],"o":[[49.498,15.651],[0,0]],"v":[[-50.66,-7.561],[50.66,-8.09]],"c":false},"ix":2},"nm":"Path 1","mn":"ADBE Vector Shape - Group","hd":false},{"ty":"st","c":{"a":0,"k":[1,0.999998863071,1,1],"ix":3},"o":{"a":0,"k":100,"ix":4},"w":{"a":0,"k":54,"ix":5},"lc":2,"lj":1,"ml":10,"bm":0,"nm":"Stroke 2","mn":"ADBE Vector Graphic - Stroke","hd":false},{"ty":"st","c":{"a":0,"k":[0.211781251197,0.211387140611,0.207956052294,1],"ix":3},"o":{"a":0,"k":100,"ix":4},"w":{"a":0,"k":63,"ix":5},"lc":2,"lj":1,"ml":10,"bm":0,"nm":"Stroke 1","mn":"ADBE Vector Graphic - Stroke","hd":false},{"ty":"tr","p":{"a":0,"k":[444.851,447.399],"ix":2},"a":{"a":0,"k":[0,0],"ix":1},"s":{"a":0,"k":[100,100],"ix":3},"r":{"a":0,"k":0,"ix":6},"o":{"a":0,"k":100,"ix":7},"sk":{"a":0,"k":0,"ix":4},"sa":{"a":0,"k":0,"ix":5},"nm":"Transform"}],"nm":"Group 6","np":3,"cix":2,"bm":0,"ix":6,"mn":"ADBE Vector Group","hd":false},{"ty":"gr","it":[{"ind":0,"ty":"sh","ix":1,"ks":{"a":0,"k":{"i":[[27.867,0],[0,0],[0,0],[-18.566,0],[0,0],[0,0]],"o":[[0,0],[0,0],[0,-18.566],[0,0],[0,0],[0,27.867]],"v":[[33.051,112.079],[-83.509,112.079],[-83.509,-78.462],[-49.892,-112.079],[83.509,-112.079],[83.509,61.621]],"c":true},"ix":2},"nm":"Path 1","mn":"ADBE Vector Shape - Group","hd":false},{"ty":"st","c":{"a":0,"k":[0.211781251197,0.211387140611,0.207956052294,1],"ix":3},"o":{"a":0,"k":100,"ix":4},"w":{"a":0,"k":3,"ix":5},"lc":2,"lj":1,"ml":10,"bm":0,"nm":"Stroke 1","mn":"ADBE Vector Graphic - Stroke","hd":false},{"ty":"fl","c":{"a":0,"k":[0.864720123889,0.864410759421,0.863839063457,1],"ix":4},"o":{"a":0,"k":100,"ix":5},"r":1,"bm":0,"nm":"Fill 1","mn":"ADBE Vector Graphic - Fill","hd":false},{"ty":"tr","p":{"a":0,"k":[507.572,502.207],"ix":2},"a":{"a":0,"k":[0,0],"ix":1},"s":{"a":0,"k":[100,100],"ix":3},"r":{"a":0,"k":0,"ix":6},"o":{"a":0,"k":100,"ix":7},"sk":{"a":0,"k":0,"ix":4},"sa":{"a":0,"k":0,"ix":5},"nm":"Transform"}],"nm":"Group 8","np":3,"cix":2,"bm":0,"ix":7,"mn":"ADBE Vector Group","hd":false}],"ip":111.000004521123,"op":112.000004561854,"st":111.000004521123,"ct":1,"bm":0},{"ddd":0,"ind":6,"ty":0,"nm":"final hand","refId":"comp_4","sr":1,"ks":{"o":{"a":0,"k":100,"ix":11},"r":{"a":0,"k":0,"ix":10},"p":{"a":0,"k":[500,500,0],"ix":2,"l":2},"a":{"a":0,"k":[500,500,0],"ix":1,"l":2},"s":{"a":0,"k":[100,100,100],"ix":6,"l":2}},"ao":0,"w":1000,"h":1000,"ip":103.000004195276,"op":191.000007779589,"st":103.000004195276,"bm":0},{"ddd":0,"ind":7,"ty":4,"nm":"Calque 1/hand Outlines 2","sr":1,"ks":{"o":{"a":0,"k":100,"ix":11},"r":{"a":0,"k":0,"ix":10},"p":{"a":0,"k":[500,500,0],"ix":2,"l":2},"a":{"a":0,"k":[500,500,0],"ix":1,"l":2},"s":{"a":0,"k":[100,100,100],"ix":6,"l":2}},"ao":0,"shapes":[{"ty":"gr","it":[{"ind":0,"ty":"sh","ix":1,"ks":{"a":0,"k":{"i":[[0,0],[-68.54,-28.962]],"o":[[0,-15.773],[0,0]],"v":[[-34.27,54.891],[34.27,-25.929]],"c":false},"ix":2},"nm":"Path 1","mn":"ADBE Vector Shape - Group","hd":false},{"ty":"st","c":{"a":0,"k":[1,0.999998863071,1,1],"ix":3},"o":{"a":0,"k":100,"ix":4},"w":{"a":0,"k":65,"ix":5},"lc":2,"lj":1,"ml":10,"bm":0,"nm":"Stroke 2","mn":"ADBE Vector Graphic - Stroke","hd":false},{"ty":"st","c":{"a":0,"k":[0.211781251197,0.211387140611,0.207956052294,1],"ix":3},"o":{"a":0,"k":100,"ix":4},"w":{"a":0,"k":74,"ix":5},"lc":2,"lj":1,"ml":10,"bm":0,"nm":"Stroke 1","mn":"ADBE Vector Graphic - Stroke","hd":false},{"ty":"tr","p":{"a":0,"k":[527.414,414.865],"ix":2},"a":{"a":0,"k":[0,0],"ix":1},"s":{"a":0,"k":[100,100],"ix":3},"r":{"a":0,"k":0,"ix":6},"o":{"a":0,"k":100,"ix":7},"sk":{"a":0,"k":0,"ix":4},"sa":{"a":0,"k":0,"ix":5},"nm":"Transform"}],"nm":"Group 7","np":3,"cix":2,"bm":0,"ix":1,"mn":"ADBE Vector Group","hd":false},{"ty":"gr","it":[{"ind":0,"ty":"sh","ix":1,"ks":{"a":0,"k":{"i":[[0,0],[0,0]],"o":[[0,0],[0,0]],"v":[[621.43,404.946],[621.43,572.286]],"c":false},"ix":2},"nm":"Path 1","mn":"ADBE Vector Shape - Group","hd":false},{"ty":"st","c":{"a":0,"k":[1,0.999998863071,1,1],"ix":3},"o":{"a":0,"k":100,"ix":4},"w":{"a":0,"k":54,"ix":5},"lc":2,"lj":1,"ml":10,"bm":0,"nm":"Stroke 2","mn":"ADBE Vector Graphic - Stroke","hd":false},{"ty":"st","c":{"a":0,"k":[0.211781251197,0.211387140611,0.207956052294,1],"ix":3},"o":{"a":0,"k":100,"ix":4},"w":{"a":0,"k":63,"ix":5},"lc":2,"lj":1,"ml":10,"bm":0,"nm":"Stroke 1","mn":"ADBE Vector Graphic - Stroke","hd":false},{"ty":"tr","p":{"a":0,"k":[0,0],"ix":2},"a":{"a":0,"k":[0,0],"ix":1},"s":{"a":0,"k":[100,100],"ix":3},"r":{"a":0,"k":0,"ix":6},"o":{"a":0,"k":100,"ix":7},"sk":{"a":0,"k":0,"ix":4},"sa":{"a":0,"k":0,"ix":5},"nm":"Transform"}],"nm":"Group 2","np":3,"cix":2,"bm":0,"ix":2,"mn":"ADBE Vector Group","hd":false},{"ty":"gr","it":[{"ind":0,"ty":"sh","ix":1,"ks":{"a":0,"k":{"i":[[0,0],[-42.407,8.656]],"o":[[58.941,11.717],[0,0]],"v":[[-65.074,-5.594],[65.074,-6.123]],"c":false},"ix":2},"nm":"Path 1","mn":"ADBE Vector Shape - Group","hd":false},{"ty":"st","c":{"a":0,"k":[1,0.999998863071,1,1],"ix":3},"o":{"a":0,"k":100,"ix":4},"w":{"a":0,"k":54,"ix":5},"lc":2,"lj":1,"ml":10,"bm":0,"nm":"Stroke 2","mn":"ADBE Vector Graphic - Stroke","hd":false},{"ty":"st","c":{"a":0,"k":[0.211781251197,0.211387140611,0.207956052294,1],"ix":3},"o":{"a":0,"k":100,"ix":4},"w":{"a":0,"k":63,"ix":5},"lc":2,"lj":1,"ml":10,"bm":0,"nm":"Stroke 1","mn":"ADBE Vector Graphic - Stroke","hd":false},{"ty":"tr","p":{"a":0,"k":[444.311,503.407],"ix":2},"a":{"a":0,"k":[0,0],"ix":1},"s":{"a":0,"k":[100,100],"ix":3},"r":{"a":0,"k":0,"ix":6},"o":{"a":0,"k":100,"ix":7},"sk":{"a":0,"k":0,"ix":4},"sa":{"a":0,"k":0,"ix":5},"nm":"Transform"}],"nm":"Group 3","np":3,"cix":2,"bm":0,"ix":3,"mn":"ADBE Vector Group","hd":false},{"ty":"gr","it":[{"ind":0,"ty":"sh","ix":1,"ks":{"a":0,"k":{"i":[[0,0],[-29.523,8.307]],"o":[[52.534,10.251],[0,0]],"v":[[-50.66,-4.861],[50.66,-5.39]],"c":false},"ix":2},"nm":"Path 1","mn":"ADBE Vector Shape - Group","hd":false},{"ty":"st","c":{"a":0,"k":[1,0.999998863071,1,1],"ix":3},"o":{"a":0,"k":100,"ix":4},"w":{"a":0,"k":54,"ix":5},"lc":2,"lj":1,"ml":10,"bm":0,"nm":"Stroke 2","mn":"ADBE Vector Graphic - Stroke","hd":false},{"ty":"st","c":{"a":0,"k":[0.211781251197,0.211387140611,0.207956052294,1],"ix":3},"o":{"a":0,"k":100,"ix":4},"w":{"a":0,"k":63,"ix":5},"lc":2,"lj":1,"ml":10,"bm":0,"nm":"Stroke 1","mn":"ADBE Vector Graphic - Stroke","hd":false},{"ty":"tr","p":{"a":0,"k":[442.484,560.649],"ix":2},"a":{"a":0,"k":[0,0],"ix":1},"s":{"a":0,"k":[100,100],"ix":3},"r":{"a":0,"k":0,"ix":6},"o":{"a":0,"k":100,"ix":7},"sk":{"a":0,"k":0,"ix":4},"sa":{"a":0,"k":0,"ix":5},"nm":"Transform"}],"nm":"Group 4","np":3,"cix":2,"bm":0,"ix":4,"mn":"ADBE Vector Group","hd":false},{"ty":"gr","it":[{"ind":0,"ty":"sh","ix":1,"ks":{"a":0,"k":{"i":[[0,0],[-16.095,8.488]],"o":[[47.958,12.843],[0,0]],"v":[[-34.086,-6.157],[34.086,-6.686]],"c":false},"ix":2},"nm":"Path 1","mn":"ADBE Vector Shape - Group","hd":false},{"ty":"st","c":{"a":0,"k":[1,0.999998863071,1,1],"ix":3},"o":{"a":0,"k":100,"ix":4},"w":{"a":0,"k":54,"ix":5},"lc":2,"lj":1,"ml":10,"bm":0,"nm":"Stroke 2","mn":"ADBE Vector Graphic - Stroke","hd":false},{"ty":"st","c":{"a":0,"k":[0.211781251197,0.211387140611,0.207956052294,1],"ix":3},"o":{"a":0,"k":100,"ix":4},"w":{"a":0,"k":63,"ix":5},"lc":2,"lj":1,"ml":10,"bm":0,"nm":"Stroke 1","mn":"ADBE Vector Graphic - Stroke","hd":false},{"ty":"tr","p":{"a":0,"k":[439.368,619.92],"ix":2},"a":{"a":0,"k":[0,0],"ix":1},"s":{"a":0,"k":[100,100],"ix":3},"r":{"a":0,"k":0,"ix":6},"o":{"a":0,"k":100,"ix":7},"sk":{"a":0,"k":0,"ix":4},"sa":{"a":0,"k":0,"ix":5},"nm":"Transform"}],"nm":"Group 5","np":3,"cix":2,"bm":0,"ix":5,"mn":"ADBE Vector Group","hd":false},{"ty":"gr","it":[{"ind":0,"ty":"sh","ix":1,"ks":{"a":0,"k":{"i":[[0,0],[-33.284,10.578]],"o":[[49.498,15.651],[0,0]],"v":[[-50.66,-7.561],[50.66,-8.09]],"c":false},"ix":2},"nm":"Path 1","mn":"ADBE Vector Shape - Group","hd":false},{"ty":"st","c":{"a":0,"k":[1,0.999998863071,1,1],"ix":3},"o":{"a":0,"k":100,"ix":4},"w":{"a":0,"k":54,"ix":5},"lc":2,"lj":1,"ml":10,"bm":0,"nm":"Stroke 2","mn":"ADBE Vector Graphic - Stroke","hd":false},{"ty":"st","c":{"a":0,"k":[0.211781251197,0.211387140611,0.207956052294,1],"ix":3},"o":{"a":0,"k":100,"ix":4},"w":{"a":0,"k":63,"ix":5},"lc":2,"lj":1,"ml":10,"bm":0,"nm":"Stroke 1","mn":"ADBE Vector Graphic - Stroke","hd":false},{"ty":"tr","p":{"a":0,"k":[444.851,447.399],"ix":2},"a":{"a":0,"k":[0,0],"ix":1},"s":{"a":0,"k":[100,100],"ix":3},"r":{"a":0,"k":0,"ix":6},"o":{"a":0,"k":100,"ix":7},"sk":{"a":0,"k":0,"ix":4},"sa":{"a":0,"k":0,"ix":5},"nm":"Transform"}],"nm":"Group 6","np":3,"cix":2,"bm":0,"ix":6,"mn":"ADBE Vector Group","hd":false},{"ty":"gr","it":[{"ind":0,"ty":"sh","ix":1,"ks":{"a":0,"k":{"i":[[27.867,0],[0,0],[0,0],[-18.566,0],[0,0],[0,0]],"o":[[0,0],[0,0],[0,-18.566],[0,0],[0,0],[0,27.867]],"v":[[33.051,112.079],[-83.509,112.079],[-83.509,-78.462],[-49.892,-112.079],[83.509,-112.079],[83.509,61.621]],"c":true},"ix":2},"nm":"Path 1","mn":"ADBE Vector Shape - Group","hd":false},{"ty":"st","c":{"a":0,"k":[0.211781251197,0.211387140611,0.207956052294,1],"ix":3},"o":{"a":0,"k":100,"ix":4},"w":{"a":0,"k":3,"ix":5},"lc":2,"lj":1,"ml":10,"bm":0,"nm":"Stroke 1","mn":"ADBE Vector Graphic - Stroke","hd":false},{"ty":"fl","c":{"a":0,"k":[0.864720123889,0.864410759421,0.863839063457,1],"ix":4},"o":{"a":0,"k":100,"ix":5},"r":1,"bm":0,"nm":"Fill 1","mn":"ADBE Vector Graphic - Fill","hd":false},{"ty":"tr","p":{"a":0,"k":[507.572,502.207],"ix":2},"a":{"a":0,"k":[0,0],"ix":1},"s":{"a":0,"k":[100,100],"ix":3},"r":{"a":0,"k":0,"ix":6},"o":{"a":0,"k":100,"ix":7},"sk":{"a":0,"k":0,"ix":4},"sa":{"a":0,"k":0,"ix":5},"nm":"Transform"}],"nm":"Group 8","np":3,"cix":2,"bm":0,"ix":7,"mn":"ADBE Vector Group","hd":false}],"ip":0,"op":1.00000004073083,"st":0,"ct":1,"bm":0}]},{"id":"comp_1","nm":"Morph","fr":29.9700012207031,"layers":[{"ddd":0,"ind":1,"ty":4,"nm":"Calque 1/hand Outlines","sr":1,"ks":{"o":{"a":0,"k":100,"ix":11},"r":{"a":0,"k":0,"ix":10},"p":{"a":0,"k":[500,500,0],"ix":2,"l":2},"a":{"a":0,"k":[500,500,0],"ix":1,"l":2},"s":{"a":0,"k":[100,100,100],"ix":6,"l":2}},"ao":0,"shapes":[{"ty":"gr","it":[{"ind":0,"ty":"sh","ix":1,"ks":{"a":0,"k":{"i":[[0,0],[-78.075,-2.133],[15.454,330.682],[69.172,7.476],[9.438,-5.9]],"o":[[0,-6.59],[78.075,2.133],[-10.435,-223.277],[-69.172,-7.476],[-129.684,81.064]],"v":[[-34.27,54.891],[32.512,-52.997],[220.041,79.818],[-32.242,114.612],[-53.73,244.071]],"c":false},"ix":2},"nm":"Path 1","mn":"ADBE Vector Shape - Group","hd":false},{"ty":"tm","s":{"a":0,"k":0,"ix":1},"e":{"a":1,"k":[{"i":{"x":[0.833],"y":[0.833]},"o":{"x":[0.167],"y":[0.167]},"t":0,"s":[16]},{"t":20.0000008146167,"s":[8]}],"ix":2},"o":{"a":1,"k":[{"i":{"x":[0.833],"y":[0.833]},"o":{"x":[0.167],"y":[0.167]},"t":0,"s":[0]},{"t":20.0000008146167,"s":[331]}],"ix":3},"m":1,"ix":2,"nm":"Trim Paths 1","mn":"ADBE Vector Filter - Trim","hd":false},{"ty":"st","c":{"a":0,"k":[1,0.999998863071,1,1],"ix":3},"o":{"a":0,"k":100,"ix":4},"w":{"a":0,"k":65,"ix":5},"lc":2,"lj":1,"ml":10,"bm":0,"nm":"Stroke 2","mn":"ADBE Vector Graphic - Stroke","hd":false},{"ty":"st","c":{"a":0,"k":[0.211781251197,0.211387140611,0.207956052294,1],"ix":3},"o":{"a":0,"k":100,"ix":4},"w":{"a":0,"k":74,"ix":5},"lc":2,"lj":1,"ml":10,"bm":0,"nm":"Stroke 1","mn":"ADBE Vector Graphic - Stroke","hd":false},{"ty":"tr","p":{"a":0,"k":[527.414,414.865],"ix":2},"a":{"a":0,"k":[0,0],"ix":1},"s":{"a":0,"k":[100,100],"ix":3},"r":{"a":0,"k":0,"ix":6},"o":{"a":0,"k":100,"ix":7},"sk":{"a":0,"k":0,"ix":4},"sa":{"a":0,"k":0,"ix":5},"nm":"Transform"}],"nm":"Group 7","np":4,"cix":2,"bm":0,"ix":1,"mn":"ADBE Vector Group","hd":false},{"ty":"gr","it":[{"ind":0,"ty":"sh","ix":1,"ks":{"a":0,"k":{"i":[[27.237,-2.187],[51.159,104.415],[130.074,-61.44],[-132.615,95.285]],"o":[[-18.035,4.682],[-51.159,-104.415],[-130.074,61.44],[132.615,-95.285]],"v":[[72.926,-5.594],[-145.152,-74.992],[-284.396,86.642],[-38.926,231.877]],"c":false},"ix":2},"nm":"Path 1","mn":"ADBE Vector Shape - Group","hd":false},{"ty":"tm","s":{"a":0,"k":0,"ix":1},"e":{"a":0,"k":15,"ix":2},"o":{"a":1,"k":[{"i":{"x":[0.833],"y":[0.833]},"o":{"x":[0.167],"y":[0.167]},"t":0,"s":[0]},{"t":20.0000008146167,"s":[302]}],"ix":3},"m":1,"ix":2,"nm":"Trim Paths 1","mn":"ADBE Vector Filter - Trim","hd":false},{"ty":"st","c":{"a":0,"k":[1,0.999998863071,1,1],"ix":3},"o":{"a":0,"k":100,"ix":4},"w":{"a":0,"k":54,"ix":5},"lc":2,"lj":1,"ml":10,"bm":0,"nm":"Stroke 2","mn":"ADBE Vector Graphic - Stroke","hd":false},{"ty":"st","c":{"a":0,"k":[0.211781251197,0.211387140611,0.207956052294,1],"ix":3},"o":{"a":0,"k":100,"ix":4},"w":{"a":0,"k":63,"ix":5},"lc":2,"lj":1,"ml":10,"bm":0,"nm":"Stroke 1","mn":"ADBE Vector Graphic - Stroke","hd":false},{"ty":"tr","p":{"a":0,"k":[444.311,503.407],"ix":2},"a":{"a":0,"k":[0,0],"ix":1},"s":{"a":0,"k":[100,100],"ix":3},"r":{"a":0,"k":0,"ix":6},"o":{"a":0,"k":100,"ix":7},"sk":{"a":0,"k":0,"ix":4},"sa":{"a":0,"k":0,"ix":5},"nm":"Transform"}],"nm":"Group 3","np":4,"cix":2,"bm":0,"ix":2,"mn":"ADBE Vector Group","hd":false},{"ty":"gr","it":[{"ind":0,"ty":"sh","ix":1,"ks":{"a":0,"k":{"i":[[63.824,-22.212],[59.006,25.904],[-74.441,-45.118],[-45.261,-43.211],[-61.23,74.636]],"o":[[-6.979,2.429],[-59.006,-25.904],[121.753,73.794],[45.261,43.211],[138.856,-169.259]],"v":[[67.34,-2.861],[-85.478,-10.745],[-252.237,151.556],[-199.744,374.14],[-11.34,294.61]],"c":false},"ix":2},"nm":"Path 1","mn":"ADBE Vector Shape - Group","hd":false},{"ty":"tm","s":{"a":0,"k":0,"ix":1},"e":{"a":0,"k":14,"ix":2},"o":{"a":1,"k":[{"i":{"x":[0.833],"y":[0.833]},"o":{"x":[0.167],"y":[0.167]},"t":0,"s":[0]},{"t":20.0000008146167,"s":[300]}],"ix":3},"m":1,"ix":2,"nm":"Trim Paths 1","mn":"ADBE Vector Filter - Trim","hd":false},{"ty":"st","c":{"a":0,"k":[1,0.999998863071,1,1],"ix":3},"o":{"a":0,"k":100,"ix":4},"w":{"a":0,"k":54,"ix":5},"lc":2,"lj":1,"ml":10,"bm":0,"nm":"Stroke 2","mn":"ADBE Vector Graphic - Stroke","hd":false},{"ty":"st","c":{"a":0,"k":[0.211781251197,0.211387140611,0.207956052294,1],"ix":3},"o":{"a":0,"k":100,"ix":4},"w":{"a":0,"k":63,"ix":5},"lc":2,"lj":1,"ml":10,"bm":0,"nm":"Stroke 1","mn":"ADBE Vector Graphic - Stroke","hd":false},{"ty":"tr","p":{"a":0,"k":[442.484,560.649],"ix":2},"a":{"a":0,"k":[0,0],"ix":1},"s":{"a":0,"k":[100,100],"ix":3},"r":{"a":0,"k":0,"ix":6},"o":{"a":0,"k":100,"ix":7},"sk":{"a":0,"k":0,"ix":4},"sa":{"a":0,"k":0,"ix":5},"nm":"Transform"}],"nm":"Group 4","np":4,"cix":2,"bm":0,"ix":3,"mn":"ADBE Vector Group","hd":false},{"ty":"gr","it":[{"ind":0,"ty":"sh","ix":1,"ks":{"a":0,"k":{"i":[[-40.718,-12.237],[-52.276,13.356],[101.032,90.552],[23.812,-41.843],[33.455,47.235]],"o":[[40.718,12.237],[52.276,-13.356],[-144.573,-129.576],[-61.744,108.502],[-33.454,-47.235]],"v":[[-34.086,-6.157],[72.356,-6.565],[359.205,-2.344],[281.204,276.716],[106.086,237.314]],"c":false},"ix":2},"nm":"Path 1","mn":"ADBE Vector Shape - Group","hd":false},{"ty":"tm","s":{"a":0,"k":0,"ix":1},"e":{"a":0,"k":9,"ix":2},"o":{"a":1,"k":[{"i":{"x":[0.833],"y":[0.833]},"o":{"x":[0.167],"y":[0.167]},"t":0,"s":[0]},{"t":20.0000008146167,"s":[321]}],"ix":3},"m":1,"ix":2,"nm":"Trim Paths 1","mn":"ADBE Vector Filter - Trim","hd":false},{"ty":"st","c":{"a":0,"k":[1,0.999998863071,1,1],"ix":3},"o":{"a":0,"k":100,"ix":4},"w":{"a":0,"k":54,"ix":5},"lc":2,"lj":1,"ml":10,"bm":0,"nm":"Stroke 2","mn":"ADBE Vector Graphic - Stroke","hd":false},{"ty":"st","c":{"a":0,"k":[0.211781251197,0.211387140611,0.207956052294,1],"ix":3},"o":{"a":0,"k":100,"ix":4},"w":{"a":0,"k":63,"ix":5},"lc":2,"lj":1,"ml":10,"bm":0,"nm":"Stroke 1","mn":"ADBE Vector Graphic - Stroke","hd":false},{"ty":"tr","p":{"a":0,"k":[439.368,619.92],"ix":2},"a":{"a":0,"k":[0,0],"ix":1},"s":{"a":0,"k":[100,100],"ix":3},"r":{"a":0,"k":0,"ix":6},"o":{"a":0,"k":100,"ix":7},"sk":{"a":0,"k":0,"ix":4},"sa":{"a":0,"k":0,"ix":5},"nm":"Transform"}],"nm":"Group 5","np":4,"cix":2,"bm":0,"ix":4,"mn":"ADBE Vector Group","hd":false},{"ty":"gr","it":[{"ind":0,"ty":"sh","ix":1,"ks":{"a":0,"k":{"i":[[42.191,-24.161],[44.511,15.508],[-172.411,119.06],[-68.376,-255.005],[33.043,-25.386]],"o":[[-20.442,11.707],[-21.326,-7.43],[172.411,-119.06],[68.376,255.005],[-167.511,128.691]],"v":[[65.34,-9.561],[-54.341,-11.892],[-101.262,-272.339],[346.773,-174.404],[116.66,273.91]],"c":false},"ix":2},"nm":"Path 1","mn":"ADBE Vector Shape - Group","hd":false},{"ty":"tm","s":{"a":0,"k":0,"ix":1},"e":{"a":0,"k":8,"ix":2},"o":{"a":1,"k":[{"i":{"x":[0.833],"y":[0.833]},"o":{"x":[0.167],"y":[0.167]},"t":0,"s":[0]},{"t":20.0000008146167,"s":[331]}],"ix":3},"m":1,"ix":2,"nm":"Trim Paths 1","mn":"ADBE Vector Filter - Trim","hd":false},{"ty":"st","c":{"a":0,"k":[1,0.999998863071,1,1],"ix":3},"o":{"a":0,"k":100,"ix":4},"w":{"a":0,"k":54,"ix":5},"lc":2,"lj":1,"ml":10,"bm":0,"nm":"Stroke 2","mn":"ADBE Vector Graphic - Stroke","hd":false},{"ty":"st","c":{"a":0,"k":[0.211781251197,0.211387140611,0.207956052294,1],"ix":3},"o":{"a":0,"k":100,"ix":4},"w":{"a":0,"k":63,"ix":5},"lc":2,"lj":1,"ml":10,"bm":0,"nm":"Stroke 1","mn":"ADBE Vector Graphic - Stroke","hd":false},{"ty":"tr","p":{"a":0,"k":[444.851,447.399],"ix":2},"a":{"a":0,"k":[0,0],"ix":1},"s":{"a":0,"k":[100,100],"ix":3},"r":{"a":0,"k":0,"ix":6},"o":{"a":0,"k":100,"ix":7},"sk":{"a":0,"k":0,"ix":4},"sa":{"a":0,"k":0,"ix":5},"nm":"Transform"}],"nm":"Group 6","np":4,"cix":2,"bm":0,"ix":5,"mn":"ADBE Vector Group","hd":false},{"ty":"gr","it":[{"ind":0,"ty":"sh","ix":1,"ks":{"a":1,"k":[{"i":{"x":0.833,"y":0.833},"o":{"x":0.167,"y":0.167},"t":0,"s":[{"i":[[27.867,0],[0,0],[0,0],[-18.566,0],[0,0],[0,0]],"o":[[0,0],[0,0],[0,-18.566],[0,0],[0,0],[0,27.867]],"v":[[33.051,112.079],[-83.509,112.079],[-83.509,-78.462],[-49.892,-112.079],[93.509,-114.079],[93.509,57.621]],"c":true}]},{"i":{"x":0.833,"y":0.833},"o":{"x":0.167,"y":0.167},"t":6,"s":[{"i":[[14.623,-93.714],[32.063,98.286],[-11.937,63.745],[-18.566,0],[-36.919,-39.872],[21.081,-8.172]],"o":[[-14.623,93.714],[-32.063,-98.286],[11.937,-63.745],[0,0],[36.919,39.872],[-21.081,8.172]],"v":[[27.051,156.079],[-83.509,112.079],[-103.509,-54.462],[-51.892,-132.079],[83.509,-114.079],[83.509,61.621]],"c":true}]},{"i":{"x":0.833,"y":0.833},"o":{"x":0.167,"y":0.167},"t":11,"s":[{"i":[[-31.377,-93.714],[32.063,98.286],[40.063,63.745],[-58.32,-7.872],[17.081,-135.872],[29.081,-32.172]],"o":[[31.377,93.714],[-32.063,-98.286],[-40.063,-63.745],[58.32,7.872],[-17.081,135.872],[-29.081,32.172]],"v":[[9.051,214.079],[-61.509,246.079],[-85.509,-6.462],[-75.892,-160.079],[69.509,-60.079],[-26.491,57.621]],"c":true}]},{"i":{"x":0.833,"y":0.833},"o":{"x":0.167,"y":0.167},"t":16,"s":[{"i":[[-5.377,-65.714],[31.063,70.286],[10.063,133.745],[-39.32,-4.872],[0.081,-76.872],[11.081,-74.172]],"o":[[5.377,65.714],[-31.063,-70.286],[-6.063,-88.745],[39.32,4.872],[-0.081,76.872],[-11.081,74.172]],"v":[[26.051,277.079],[-68.509,297.079],[-135.509,118.538],[-36.892,-164.079],[-10.491,-24.079],[67.509,139.621]],"c":true}]},{"t":20.0000008146167,"s":[{"i":[[20.623,-37.714],[30.063,42.286],[10.063,133.745],[-20.32,-1.872],[-16.919,-17.872],[-0.919,-32.172]],"o":[[-20.623,37.714],[-30.063,-42.286],[-2.063,-43.745],[20.32,1.872],[16.919,17.872],[0.919,32.172]],"v":[[43.051,340.079],[-75.509,348.079],[-89.509,209.538],[-33.892,159.921],[31.509,171.921],[43.509,241.621]],"c":true}]}],"ix":2},"nm":"Path 1","mn":"ADBE Vector Shape - Group","hd":false},{"ty":"st","c":{"a":0,"k":[0.211781251197,0.211387140611,0.207956052294,1],"ix":3},"o":{"a":0,"k":100,"ix":4},"w":{"a":0,"k":3,"ix":5},"lc":2,"lj":1,"ml":10,"bm":0,"nm":"Stroke 1","mn":"ADBE Vector Graphic - Stroke","hd":false},{"ty":"fl","c":{"a":0,"k":[0.864720123889,0.864410759421,0.863839063457,1],"ix":4},"o":{"a":0,"k":100,"ix":5},"r":1,"bm":0,"nm":"Fill 1","mn":"ADBE Vector Graphic - Fill","hd":false},{"ty":"tr","p":{"a":0,"k":[507.572,502.207],"ix":2},"a":{"a":0,"k":[0,0],"ix":1},"s":{"a":0,"k":[100,100],"ix":3},"r":{"a":0,"k":0,"ix":6},"o":{"a":0,"k":100,"ix":7},"sk":{"a":0,"k":0,"ix":4},"sa":{"a":0,"k":0,"ix":5},"nm":"Transform"}],"nm":"Group 8","np":3,"cix":2,"bm":0,"ix":6,"mn":"ADBE Vector Group","hd":false},{"ty":"gr","it":[{"ind":0,"ty":"sh","ix":1,"ks":{"a":0,"k":{"i":[[0,0],[0,0],[-169.015,-7.133],[-10.745,-101.355],[60.071,-33.175],[-40.173,3.075]],"o":[[0,0],[0,0],[169.015,7.133],[6.054,57.1],[-60.071,33.175],[168.57,53.714]],"v":[[621.43,404.946],[621.43,550],[784.985,680.867],[907.255,840.645],[960.071,944.825],[471.43,748.286]],"c":false},"ix":2},"nm":"Path 1","mn":"ADBE Vector Shape - Group","hd":false},{"ty":"tm","s":{"a":1,"k":[{"i":{"x":[0.833],"y":[0.833]},"o":{"x":[0.167],"y":[0.167]},"t":0,"s":[0]},{"i":{"x":[0.833],"y":[0.833]},"o":{"x":[0.167],"y":[0.167]},"t":18,"s":[0]},{"t":20.0000008146167,"s":[13]}],"ix":1},"e":{"a":1,"k":[{"i":{"x":[0.833],"y":[0.833]},"o":{"x":[0.167],"y":[0.167]},"t":0,"s":[12]},{"i":{"x":[0.833],"y":[0.833]},"o":{"x":[0.167],"y":[0.167]},"t":10,"s":[15]},{"t":20.0000008146167,"s":[15]}],"ix":2},"o":{"a":1,"k":[{"i":{"x":[0.833],"y":[0.833]},"o":{"x":[0.167],"y":[0.167]},"t":0,"s":[0]},{"t":20.0000008146167,"s":[303]}],"ix":3},"m":1,"ix":2,"nm":"Trim Paths 1","mn":"ADBE Vector Filter - Trim","hd":false},{"ty":"st","c":{"a":0,"k":[1,0.999998863071,1,1],"ix":3},"o":{"a":0,"k":100,"ix":4},"w":{"a":0,"k":46.286,"ix":5},"lc":2,"lj":1,"ml":10,"bm":0,"nm":"Stroke 2","mn":"ADBE Vector Graphic - Stroke","hd":false},{"ty":"st","c":{"a":0,"k":[0.211781251197,0.211387140611,0.207956052294,1],"ix":3},"o":{"a":0,"k":100,"ix":4},"w":{"a":0,"k":52.74,"ix":5},"lc":2,"lj":1,"ml":10,"bm":0,"nm":"Stroke 1","mn":"ADBE Vector Graphic - Stroke","hd":false},{"ty":"tr","p":{"a":0,"k":[0,0],"ix":2},"a":{"a":0,"k":[0,0],"ix":1},"s":{"a":0,"k":[100,100],"ix":3},"r":{"a":0,"k":0,"ix":6},"o":{"a":0,"k":100,"ix":7},"sk":{"a":0,"k":0,"ix":4},"sa":{"a":0,"k":0,"ix":5},"nm":"Transform"}],"nm":"Group 2","np":4,"cix":2,"bm":0,"ix":7,"mn":"ADBE Vector Group","hd":false}],"ip":0,"op":58.0000023623884,"st":0,"ct":1,"bm":0}]},{"id":"comp_2","nm":"Morph 2","fr":29.9700012207031,"layers":[{"ddd":0,"ind":1,"ty":4,"nm":"Calque 1/hand Outlines","sr":1,"ks":{"o":{"a":0,"k":100,"ix":11},"r":{"a":0,"k":0,"ix":10},"p":{"a":0,"k":[500,500,0],"ix":2,"l":2},"a":{"a":0,"k":[500,500,0],"ix":1,"l":2},"s":{"a":0,"k":[100,100,100],"ix":6,"l":2}},"ao":0,"shapes":[{"ty":"gr","it":[{"ty":"st","c":{"a":0,"k":[1,0.999998863071,1,1],"ix":3},"o":{"a":0,"k":100,"ix":4},"w":{"a":0,"k":54,"ix":5},"lc":2,"lj":1,"ml":10,"bm":0,"nm":"Stroke 2","mn":"ADBE Vector Graphic - Stroke","hd":false},{"ty":"st","c":{"a":0,"k":[0.211781251197,0.211387140611,0.207956052294,1],"ix":3},"o":{"a":0,"k":100,"ix":4},"w":{"a":0,"k":63,"ix":5},"lc":2,"lj":1,"ml":10,"bm":0,"nm":"Stroke 1","mn":"ADBE Vector Graphic - Stroke","hd":false},{"ty":"tr","p":{"a":0,"k":[0,0],"ix":2},"a":{"a":0,"k":[0,0],"ix":1},"s":{"a":0,"k":[100,100],"ix":3},"r":{"a":0,"k":0,"ix":6},"o":{"a":0,"k":100,"ix":7},"sk":{"a":0,"k":0,"ix":4},"sa":{"a":0,"k":0,"ix":5},"nm":"Transform"}],"nm":"Group 2","np":2,"cix":2,"bm":0,"ix":1,"mn":"ADBE Vector Group","hd":false},{"ty":"gr","it":[{"ind":0,"ty":"sh","ix":1,"ks":{"a":1,"k":[{"i":{"x":0.833,"y":0.833},"o":{"x":0.167,"y":0.167},"t":0,"s":[{"i":[[-62.085,-31.951],[-52.615,33.285]],"o":[[62.085,31.951],[52.615,-33.285]],"v":[[-156.396,232.642],[-38.926,231.877]],"c":false}]},{"i":{"x":0.833,"y":0.833},"o":{"x":0.167,"y":0.167},"t":6,"s":[{"i":[[-32.085,72.049],[-34.615,57.285]],"o":[[32.085,-72.049],[34.615,-57.285]],"v":[[-100.396,258.642],[-24.926,49.877]],"c":false}]},{"i":{"x":0.833,"y":0.833},"o":{"x":0.167,"y":0.167},"t":14,"s":[{"i":[[-12.085,-113.951],[-34.615,57.285]],"o":[[12.085,113.951],[34.615,-57.285]],"v":[[-136.396,-133.358],[-30.926,37.877]],"c":false}]},{"i":{"x":0.833,"y":0.833},"o":{"x":0.167,"y":0.167},"t":20,"s":[{"i":[[-102.085,-55.951],[-34.615,57.285]],"o":[[102.085,55.951],[34.615,-57.285]],"v":[[-156.396,-133.358],[-26.926,39.877]],"c":false}]},{"i":{"x":0.833,"y":0.833},"o":{"x":0.167,"y":0.167},"t":25,"s":[{"i":[[153.915,-143.951],[-80.615,-128.715]],"o":[[-67.915,187.951],[80.615,128.715]],"v":[[-88.396,-133.358],[-28.926,55.877]],"c":false}]},{"i":{"x":0.833,"y":0.833},"o":{"x":0.167,"y":0.167},"t":30,"s":[{"i":[[-152.085,32.049],[-34.615,57.285]],"o":[[152.085,-32.049],[34.615,-57.285]],"v":[[-156.396,-133.358],[-26.926,61.877]],"c":false}]},{"i":{"x":0.833,"y":0.833},"o":{"x":0.167,"y":0.167},"t":35,"s":[{"i":[[71.915,-49.951],[-34.615,57.285]],"o":[[-71.915,49.951],[34.615,-57.285]],"v":[[-116.396,-133.358],[-22.926,45.877]],"c":false}]},{"i":{"x":0.833,"y":0.833},"o":{"x":0.167,"y":0.167},"t":41,"s":[{"i":[[-102.085,-55.951],[-34.615,57.285]],"o":[[102.085,55.951],[34.615,-57.285]],"v":[[-184.396,-133.358],[-28.926,51.877]],"c":false}]},{"i":{"x":0.833,"y":0.833},"o":{"x":0.167,"y":0.167},"t":46,"s":[{"i":[[153.915,-143.951],[-80.615,-128.715]],"o":[[-67.915,187.951],[80.615,128.715]],"v":[[-128.396,-133.358],[-26.926,51.877]],"c":false}]},{"i":{"x":0.833,"y":0.833},"o":{"x":0.167,"y":0.167},"t":51,"s":[{"i":[[-146.085,156.049],[-34.615,57.285]],"o":[[146.085,-156.049],[34.615,-57.285]],"v":[[-180.396,-97.358],[-32.926,59.877]],"c":false}]},{"i":{"x":0.833,"y":0.833},"o":{"x":0.167,"y":0.167},"t":56,"s":[{"i":[[219.915,-67.951],[-34.615,57.285]],"o":[[-219.915,67.951],[34.615,-57.284]],"v":[[-102.396,-133.358],[-20.926,39.877]],"c":false}]},{"i":{"x":0.833,"y":0.833},"o":{"x":0.167,"y":0.167},"t":61,"s":[{"i":[[67.915,-23.951],[-34.615,57.285]],"o":[[-67.915,23.951],[34.615,-57.285]],"v":[[167.603,168.642],[-38.926,85.877]],"c":false}]},{"t":66.0000026882351,"s":[{"i":[[-64.085,70.049],[-34.615,57.285]],"o":[[64.085,-70.049],[34.615,-57.285]],"v":[[61.603,250.642],[117.074,67.877]],"c":false}]}],"ix":2},"nm":"Path 1","mn":"ADBE Vector Shape - Group","hd":false},{"ty":"st","c":{"a":0,"k":[1,0.999998863071,1,1],"ix":3},"o":{"a":0,"k":100,"ix":4},"w":{"a":0,"k":54,"ix":5},"lc":2,"lj":1,"ml":10,"bm":0,"nm":"Stroke 2","mn":"ADBE Vector Graphic - Stroke","hd":false},{"ty":"st","c":{"a":0,"k":[0.211781251197,0.211387140611,0.207956052294,1],"ix":3},"o":{"a":0,"k":100,"ix":4},"w":{"a":0,"k":63,"ix":5},"lc":2,"lj":1,"ml":10,"bm":0,"nm":"Stroke 1","mn":"ADBE Vector Graphic - Stroke","hd":false},{"ty":"tr","p":{"a":0,"k":[444.311,503.407],"ix":2},"a":{"a":0,"k":[0,0],"ix":1},"s":{"a":0,"k":[100,100],"ix":3},"r":{"a":0,"k":0,"ix":6},"o":{"a":0,"k":100,"ix":7},"sk":{"a":0,"k":0,"ix":4},"sa":{"a":0,"k":0,"ix":5},"nm":"Transform"}],"nm":"Group 3","np":3,"cix":2,"bm":0,"ix":2,"mn":"ADBE Vector Group","hd":false},{"ty":"gr","it":[{"ind":0,"ty":"sh","ix":1,"ks":{"a":1,"k":[{"i":{"x":0.833,"y":0.833},"o":{"x":0.167,"y":0.167},"t":0,"s":[{"i":[[-59.261,-5.211],[-26.856,43.259]],"o":[[59.26,5.211],[26.856,-43.259]],"v":[[-125.744,362.14],[-11.34,294.61]],"c":false}]},{"i":{"x":0.833,"y":0.833},"o":{"x":0.167,"y":0.167},"t":6,"s":[{"i":[[-7.261,2.789],[-20.856,97.259]],"o":[[51.261,-42.789],[20.856,-97.259]],"v":[[-59.744,384.14],[10.66,164.61]],"c":false}]},{"i":{"x":0.833,"y":0.833},"o":{"x":0.167,"y":0.167},"t":14,"s":[{"i":[[-63.26,110.789],[-20.856,97.259]],"o":[[63.26,-110.789],[20.856,-97.259]],"v":[[88.256,332.14],[10.66,152.61]],"c":false}]},{"i":{"x":0.833,"y":0.833},"o":{"x":0.167,"y":0.167},"t":20,"s":[{"i":[[88.74,48.789],[-20.856,97.259]],"o":[[-88.74,-48.789],[20.856,-97.259]],"v":[[154.256,360.14],[10.66,164.61]],"c":false}]},{"i":{"x":0.833,"y":0.833},"o":{"x":0.167,"y":0.167},"t":25,"s":[{"i":[[-77.26,82.789],[-20.856,97.259]],"o":[[77.26,-82.789],[20.856,-97.259]],"v":[[-35.744,370.14],[10.66,146.61]],"c":false}]},{"i":{"x":0.833,"y":0.833},"o":{"x":0.167,"y":0.167},"t":30,"s":[{"i":[[-152.975,91.218],[-20.856,97.259]],"o":[[152.975,-91.218],[20.856,-97.259]],"v":[[-55.458,344.568],[10.66,164.61]],"c":false}]},{"i":{"x":0.833,"y":0.833},"o":{"x":0.167,"y":0.167},"t":35,"s":[{"i":[[-63.26,110.789],[-20.856,97.259]],"o":[[63.26,-110.789],[20.856,-97.259]],"v":[[88.256,332.14],[12.66,142.61]],"c":false}]},{"i":{"x":0.833,"y":0.833},"o":{"x":0.167,"y":0.167},"t":41,"s":[{"i":[[88.74,48.789],[-20.856,97.259]],"o":[[-88.74,-48.789],[20.856,-97.259]],"v":[[154.256,360.14],[10.66,164.61]],"c":false}]},{"i":{"x":0.833,"y":0.833},"o":{"x":0.167,"y":0.167},"t":46,"s":[{"i":[[-77.26,82.789],[-20.856,97.259]],"o":[[77.26,-82.789],[20.856,-97.259]],"v":[[-35.744,370.14],[10.66,138.61]],"c":false}]},{"i":{"x":0.833,"y":0.833},"o":{"x":0.167,"y":0.167},"t":51,"s":[{"i":[[-152.975,91.218],[-20.856,97.259]],"o":[[152.975,-91.218],[20.856,-97.259]],"v":[[-55.458,344.568],[10.66,164.61]],"c":false}]},{"i":{"x":0.833,"y":0.833},"o":{"x":0.167,"y":0.167},"t":56,"s":[{"i":[[-63.26,110.789],[-20.856,97.259]],"o":[[63.26,-110.789],[20.856,-97.259]],"v":[[88.256,332.14],[10.66,146.61]],"c":false}]},{"i":{"x":0.833,"y":0.833},"o":{"x":0.167,"y":0.167},"t":61,"s":[{"i":[[-63.26,110.789],[-20.856,97.259]],"o":[[-90.74,-68.789],[20.856,-97.259]],"v":[[176.256,366.14],[10.66,164.61]],"c":false}]},{"t":66.0000026882351,"s":[{"i":[[-1.26,72.789],[-22.856,103.259]],"o":[[1.26,-72.789],[22.856,-103.259]],"v":[[176.256,366.14],[146.66,170.61]],"c":false}]}],"ix":2},"nm":"Path 1","mn":"ADBE Vector Shape - Group","hd":false},{"ty":"st","c":{"a":0,"k":[1,0.999998863071,1,1],"ix":3},"o":{"a":0,"k":100,"ix":4},"w":{"a":0,"k":54,"ix":5},"lc":2,"lj":1,"ml":10,"bm":0,"nm":"Stroke 2","mn":"ADBE Vector Graphic - Stroke","hd":false},{"ty":"st","c":{"a":0,"k":[0.211781251197,0.211387140611,0.207956052294,1],"ix":3},"o":{"a":0,"k":100,"ix":4},"w":{"a":0,"k":63,"ix":5},"lc":2,"lj":1,"ml":10,"bm":0,"nm":"Stroke 1","mn":"ADBE Vector Graphic - Stroke","hd":false},{"ty":"tr","p":{"a":0,"k":[442.484,560.649],"ix":2},"a":{"a":0,"k":[0,0],"ix":1},"s":{"a":0,"k":[100,100],"ix":3},"r":{"a":0,"k":0,"ix":6},"o":{"a":0,"k":100,"ix":7},"sk":{"a":0,"k":0,"ix":4},"sa":{"a":0,"k":0,"ix":5},"nm":"Transform"}],"nm":"Group 4","np":3,"cix":2,"bm":0,"ix":3,"mn":"ADBE Vector Group","hd":false},{"ty":"gr","it":[{"ind":0,"ty":"sh","ix":1,"ks":{"a":1,"k":[{"i":{"x":0.833,"y":0.833},"o":{"x":0.167,"y":0.167},"t":0,"s":[{"i":[[34.572,-11.363],[19.454,49.234]],"o":[[-34.572,11.363],[-19.454,-49.234]],"v":[[199.204,294.716],[106.086,237.314]],"c":false}]},{"i":{"x":0.833,"y":0.833},"o":{"x":0.167,"y":0.167},"t":6,"s":[{"i":[[34.572,-11.363],[24.546,114.766]],"o":[[-34.572,11.363],[-35.454,-63.234]],"v":[[145.204,320.716],[84.086,97.314]],"c":false}]},{"i":{"x":0.833,"y":0.833},"o":{"x":0.167,"y":0.167},"t":14,"s":[{"i":[[34.572,-11.363],[24.546,114.766]],"o":[[-34.572,11.363],[-35.454,-63.234]],"v":[[-46.796,316.716],[96.086,101.314]],"c":false}]},{"i":{"x":0.833,"y":0.833},"o":{"x":0.167,"y":0.167},"t":20,"s":[{"i":[[34.572,-11.363],[24.546,114.766]],"o":[[-34.572,11.363],[-35.454,-63.234]],"v":[[-46.796,226.716],[84.086,97.314]],"c":false}]},{"i":{"x":0.833,"y":0.833},"o":{"x":0.167,"y":0.167},"t":25,"s":[{"i":[[-163.428,34.637],[24.546,114.765]],"o":[[163.428,-34.637],[-35.454,-63.234]],"v":[[35.204,240.716],[90.086,109.314]],"c":false}]},{"i":{"x":0.833,"y":0.833},"o":{"x":0.167,"y":0.167},"t":30,"s":[{"i":[[41.286,85.779],[24.546,114.766]],"o":[[-41.286,-85.779],[-35.454,-63.234]],"v":[[177.918,275.859],[84.086,97.314]],"c":false}]},{"i":{"x":0.833,"y":0.833},"o":{"x":0.167,"y":0.167},"t":35,"s":[{"i":[[34.572,-11.363],[24.546,114.766]],"o":[[-34.572,11.363],[-35.454,-63.234]],"v":[[-46.796,316.716],[100.086,95.314]],"c":false}]},{"i":{"x":0.833,"y":0.833},"o":{"x":0.167,"y":0.167},"t":41,"s":[{"i":[[34.572,-11.363],[24.546,114.766]],"o":[[-34.572,11.363],[-35.454,-63.234]],"v":[[-46.796,226.716],[84.086,97.314]],"c":false}]},{"i":{"x":0.833,"y":0.833},"o":{"x":0.167,"y":0.167},"t":46,"s":[{"i":[[-163.428,34.637],[24.546,114.766]],"o":[[163.428,-34.637],[-35.454,-63.234]],"v":[[35.204,240.716],[100.086,99.314]],"c":false}]},{"i":{"x":0.833,"y":0.833},"o":{"x":0.167,"y":0.167},"t":51,"s":[{"i":[[41.286,85.779],[24.546,114.766]],"o":[[-41.286,-85.779],[-35.454,-63.234]],"v":[[177.918,275.859],[84.086,97.314]],"c":false}]},{"i":{"x":0.833,"y":0.833},"o":{"x":0.167,"y":0.167},"t":56,"s":[{"i":[[34.572,-11.363],[24.546,114.766]],"o":[[-34.572,11.363],[-35.454,-63.234]],"v":[[-46.796,316.716],[94.086,99.314]],"c":false}]},{"i":{"x":0.833,"y":0.833},"o":{"x":0.167,"y":0.167},"t":61,"s":[{"i":[[34.572,-11.363],[24.546,114.766]],"o":[[-34.572,11.363],[-35.454,-63.234]],"v":[[251.204,276.716],[84.086,97.314]],"c":false}]},{"t":66.0000026882351,"s":[{"i":[[34.572,-11.363],[24.546,114.766]],"o":[[-34.572,11.363],[-35.454,-63.234]],"v":[[267.204,296.716],[240.086,105.314]],"c":false}]}],"ix":2},"nm":"Path 1","mn":"ADBE Vector Shape - Group","hd":false},{"ty":"st","c":{"a":0,"k":[1,0.999998863071,1,1],"ix":3},"o":{"a":0,"k":100,"ix":4},"w":{"a":0,"k":54,"ix":5},"lc":2,"lj":1,"ml":10,"bm":0,"nm":"Stroke 2","mn":"ADBE Vector Graphic - Stroke","hd":false},{"ty":"st","c":{"a":0,"k":[0.211781251197,0.211387140611,0.207956052294,1],"ix":3},"o":{"a":0,"k":100,"ix":4},"w":{"a":0,"k":63,"ix":5},"lc":2,"lj":1,"ml":10,"bm":0,"nm":"Stroke 1","mn":"ADBE Vector Graphic - Stroke","hd":false},{"ty":"tr","p":{"a":0,"k":[439.368,619.92],"ix":2},"a":{"a":0,"k":[0,0],"ix":1},"s":{"a":0,"k":[100,100],"ix":3},"r":{"a":0,"k":0,"ix":6},"o":{"a":0,"k":100,"ix":7},"sk":{"a":0,"k":0,"ix":4},"sa":{"a":0,"k":0,"ix":5},"nm":"Transform"}],"nm":"Group 5","np":3,"cix":2,"bm":0,"ix":4,"mn":"ADBE Vector Group","hd":false},{"ty":"gr","it":[{"ind":0,"ty":"sh","ix":1,"ks":{"a":1,"k":[{"i":{"x":0.833,"y":0.833},"o":{"x":0.167,"y":0.167},"t":0,"s":[{"i":[[37.624,-67.005],[41.511,-2.69]],"o":[[-37.624,67.005],[-41.511,2.69]],"v":[[212.772,215.596],[116.66,273.911]],"c":false}]},{"i":{"x":0.833,"y":0.833},"o":{"x":0.167,"y":0.167},"t":6,"s":[{"i":[[49.624,16.995],[25.511,69.31]],"o":[[-49.624,-16.995],[-25.511,-69.31]],"v":[[218.772,283.596],[98.66,95.911]],"c":false}]},{"i":{"x":0.833,"y":0.833},"o":{"x":0.167,"y":0.167},"t":14,"s":[{"i":[[73.624,128.995],[25.511,69.31]],"o":[[-73.624,-128.995],[-25.511,-69.31]],"v":[[250.772,-98.404],[108.66,115.911]],"c":false}]},{"i":{"x":0.833,"y":0.833},"o":{"x":0.167,"y":0.167},"t":20,"s":[{"i":[[-62.376,-91.005],[25.511,69.31]],"o":[[62.376,91.005],[-25.511,-69.31]],"v":[[162.772,-98.404],[102.66,97.911]],"c":false}]},{"i":{"x":0.833,"y":0.833},"o":{"x":0.167,"y":0.167},"t":25,"s":[{"i":[[109.624,10.995],[25.511,69.31]],"o":[[-109.624,-10.995],[-25.511,-69.31]],"v":[[250.772,-98.404],[106.66,97.911]],"c":false}]},{"i":{"x":0.833,"y":0.833},"o":{"x":0.167,"y":0.167},"t":30,"s":[{"i":[[-94.376,-183.005],[-42.489,-156.69]],"o":[[94.376,183.005],[42.489,156.69]],"v":[[250.772,-98.404],[104.66,113.911]],"c":false}]},{"i":{"x":0.833,"y":0.833},"o":{"x":0.167,"y":0.167},"t":35,"s":[{"i":[[73.624,128.995],[25.511,69.31]],"o":[[-73.624,-128.995],[-25.511,-69.31]],"v":[[250.772,-50.404],[106.66,107.911]],"c":false}]},{"i":{"x":0.833,"y":0.833},"o":{"x":0.167,"y":0.167},"t":41,"s":[{"i":[[-62.376,-91.005],[25.511,69.31]],"o":[[62.376,91.005],[-25.511,-69.31]],"v":[[202.772,-108.404],[104.66,91.911]],"c":false}]},{"i":{"x":0.833,"y":0.833},"o":{"x":0.167,"y":0.167},"t":46,"s":[{"i":[[109.624,10.995],[25.511,69.31]],"o":[[-109.624,-10.995],[-25.511,-69.31]],"v":[[252.772,-40.404],[108.66,99.911]],"c":false}]},{"i":{"x":0.833,"y":0.833},"o":{"x":0.167,"y":0.167},"t":51,"s":[{"i":[[-94.376,-183.005],[-42.489,-156.69]],"o":[[94.376,183.005],[42.489,156.69]],"v":[[198.772,-74.404],[100.66,93.911]],"c":false}]},{"i":{"x":0.833,"y":0.833},"o":{"x":0.167,"y":0.167},"t":56,"s":[{"i":[[-94.376,-183.005],[13.511,-216.69]],"o":[[94.376,183.005],[-13.511,216.69]],"v":[[250.772,-98.404],[108.66,123.911]],"c":false}]},{"i":{"x":0.833,"y":0.833},"o":{"x":0.167,"y":0.167},"t":61,"s":[{"i":[[73.624,-7.005],[49.511,29.31]],"o":[[-73.624,7.005],[-49.511,-29.31]],"v":[[264.772,135.596],[108.66,123.911]],"c":false}]},{"t":66.0000026882351,"s":[{"i":[[73.624,-7.005],[49.511,29.31]],"o":[[-73.624,7.005],[-49.511,-29.31]],"v":[[350.772,245.596],[282.66,115.911]],"c":false}]}],"ix":2},"nm":"Path 1","mn":"ADBE Vector Shape - Group","hd":false},{"ty":"st","c":{"a":0,"k":[1,0.999998863071,1,1],"ix":3},"o":{"a":0,"k":100,"ix":4},"w":{"a":0,"k":54,"ix":5},"lc":2,"lj":1,"ml":10,"bm":0,"nm":"Stroke 2","mn":"ADBE Vector Graphic - Stroke","hd":false},{"ty":"st","c":{"a":0,"k":[0.211781251197,0.211387140611,0.207956052294,1],"ix":3},"o":{"a":0,"k":100,"ix":4},"w":{"a":0,"k":63,"ix":5},"lc":2,"lj":1,"ml":10,"bm":0,"nm":"Stroke 1","mn":"ADBE Vector Graphic - Stroke","hd":false},{"ty":"tr","p":{"a":0,"k":[444.851,447.399],"ix":2},"a":{"a":0,"k":[0,0],"ix":1},"s":{"a":0,"k":[100,100],"ix":3},"r":{"a":0,"k":0,"ix":6},"o":{"a":0,"k":100,"ix":7},"sk":{"a":0,"k":0,"ix":4},"sa":{"a":0,"k":0,"ix":5},"nm":"Transform"}],"nm":"Group 6","np":3,"cix":2,"bm":0,"ix":5,"mn":"ADBE Vector Group","hd":false},{"ty":"gr","it":[{"ind":0,"ty":"sh","ix":1,"ks":{"a":1,"k":[{"i":{"x":0.833,"y":0.833},"o":{"x":0.167,"y":0.167},"t":0,"s":[{"i":[[-16.828,-60.524],[-5.816,-7.064]],"o":[[16.828,60.524],[5.816,7.064]],"v":[[-61.742,145.112],[-51.23,246.571]],"c":false}]},{"i":{"x":0.833,"y":0.833},"o":{"x":0.167,"y":0.167},"t":3,"s":[{"i":[[-8.414,-30.262],[-13.816,-7.814]],"o":[[8.414,30.262],[13.816,7.814]],"v":[[-59.742,143.112],[-52.23,166.571]],"c":false}]},{"i":{"x":0.833,"y":0.833},"o":{"x":0.167,"y":0.167},"t":6,"s":[{"i":[[-4.328,-48.024],[-1.816,-36.564]],"o":[[4.328,48.024],[1.816,36.564]],"v":[[-57.742,-18.888],[-53.23,86.571]],"c":false}]},{"i":{"x":0.833,"y":0.833},"o":{"x":0.167,"y":0.167},"t":14,"s":[{"i":[[-4.328,-48.024],[-1.816,-36.564]],"o":[[4.328,48.024],[1.816,36.564]],"v":[[-57.742,-18.888],[-53.23,86.571]],"c":false}]},{"i":{"x":0.833,"y":0.833},"o":{"x":0.167,"y":0.167},"t":20,"s":[{"i":[[-42.328,-30.024],[29.816,-43.436]],"o":[[42.328,30.024],[1.816,36.564]],"v":[[-91.742,-26.888],[-45.23,72.571]],"c":false}]},{"i":{"x":0.833,"y":0.833},"o":{"x":0.167,"y":0.167},"t":25,"s":[{"i":[[47.672,-22.024],[-40.184,-25.436]],"o":[[-47.672,22.024],[1.816,36.564]],"v":[[-39.742,-18.888],[-53.23,86.571]],"c":false}]},{"i":{"x":0.833,"y":0.833},"o":{"x":0.167,"y":0.167},"t":30,"s":[{"i":[[-23.231,-66.024],[-1.816,-36.564]],"o":[[75.231,34.024],[1.816,36.564]],"v":[[-92.645,-34.888],[-43.23,74.571]],"c":false}]},{"i":{"x":0.833,"y":0.833},"o":{"x":0.167,"y":0.167},"t":35,"s":[{"i":[[41.865,-42.024],[-36.184,-29.436]],"o":[[-41.865,42.024],[1.816,36.564]],"v":[[-45.548,-18.888],[-53.23,86.571]],"c":false}]},{"i":{"x":0.833,"y":0.833},"o":{"x":0.167,"y":0.167},"t":41,"s":[{"i":[[28.667,-43.738],[-1.816,-36.564]],"o":[[63.618,44.024],[1.816,36.564]],"v":[[-83.032,-36.888],[-43.23,76.571]],"c":false}]},{"i":{"x":0.833,"y":0.833},"o":{"x":0.167,"y":0.167},"t":46,"s":[{"i":[[17.669,-45.167],[-38.184,-37.436]],"o":[[-52.812,32.024],[1.816,36.564]],"v":[[-22.602,-30.888],[-53.23,86.571]],"c":false}]},{"i":{"x":0.833,"y":0.833},"o":{"x":0.167,"y":0.167},"t":51,"s":[{"i":[[6.67,-46.595],[41.816,-41.436]],"o":[[78.758,44.024],[1.816,36.564]],"v":[[-74.172,-26.888],[-49.23,78.571]],"c":false}]},{"i":{"x":0.833,"y":0.833},"o":{"x":0.167,"y":0.167},"t":56,"s":[{"i":[[-4.328,-48.024],[-1.816,-36.564]],"o":[[4.328,48.024],[1.816,36.564]],"v":[[-57.742,-18.888],[-47.23,74.571]],"c":false}]},{"i":{"x":0.833,"y":0.833},"o":{"x":0.167,"y":0.167},"t":61,"s":[{"i":[[-4.328,-48.024],[-1.816,-36.564]],"o":[[4.328,48.024],[1.816,36.564]],"v":[[-193.742,-22.888],[-50.855,90.383]],"c":false}]},{"t":66.0000026882351,"s":[{"i":[[-4.328,-48.024],[-1.816,-36.564]],"o":[[4.328,48.024],[1.816,36.564]],"v":[[102.258,-22.888],[112.77,74.571]],"c":false}]}],"ix":2},"nm":"Path 1","mn":"ADBE Vector Shape - Group","hd":false},{"ty":"st","c":{"a":0,"k":[1,0.999998863071,1,1],"ix":3},"o":{"a":0,"k":100,"ix":4},"w":{"a":0,"k":65,"ix":5},"lc":2,"lj":1,"ml":10,"bm":0,"nm":"Stroke 2","mn":"ADBE Vector Graphic - Stroke","hd":false},{"ty":"st","c":{"a":0,"k":[0.211781251197,0.211387140611,0.207956052294,1],"ix":3},"o":{"a":0,"k":100,"ix":4},"w":{"a":0,"k":74,"ix":5},"lc":2,"lj":1,"ml":10,"bm":0,"nm":"Stroke 1","mn":"ADBE Vector Graphic - Stroke","hd":false},{"ty":"tr","p":{"a":0,"k":[527.414,414.865],"ix":2},"a":{"a":0,"k":[0,0],"ix":1},"s":{"a":0,"k":[100,100],"ix":3},"r":{"a":0,"k":0,"ix":6},"o":{"a":0,"k":100,"ix":7},"sk":{"a":0,"k":0,"ix":4},"sa":{"a":0,"k":0,"ix":5},"nm":"Transform"}],"nm":"Group 7","np":3,"cix":2,"bm":0,"ix":6,"mn":"ADBE Vector Group","hd":false},{"ty":"gr","it":[{"ind":0,"ty":"sh","ix":1,"ks":{"a":1,"k":[{"i":{"x":0.833,"y":0.833},"o":{"x":0.167,"y":0.167},"t":0,"s":[{"i":[[20.623,-37.714],[30.063,42.286],[10.063,133.745],[-20.32,-1.872],[-16.919,-17.872],[-0.919,-32.172]],"o":[[-20.623,37.714],[-30.063,-42.286],[-2.063,-43.745],[20.32,1.872],[16.919,17.872],[0.919,32.172]],"v":[[43.051,340.079],[-75.509,348.079],[-89.509,209.538],[-33.892,159.921],[31.509,171.921],[43.509,241.621]],"c":true}]},{"i":{"x":0.833,"y":0.833},"o":{"x":0.167,"y":0.167},"t":5,"s":[{"i":[[20.623,-39.715],[-3.937,50.285],[-23.937,35.744],[-20.32,-1.872],[-16.919,-17.872],[-0.919,-32.172]],"o":[[-20.623,39.715],[3.937,-50.285],[23.937,-35.744],[20.32,1.872],[16.919,17.872],[0.919,32.172]],"v":[[73.051,344.079],[-111.509,348.079],[-79.509,259.538],[-45.606,183.921],[9.509,191.921],[21.509,263.621]],"c":true}]},{"i":{"x":0.833,"y":0.833},"o":{"x":0.167,"y":0.167},"t":9,"s":[{"i":[[20.623,-39.169],[5.608,44.285],[-14.664,62.472],[-20.32,-1.872],[-16.919,-17.872],[-0.919,-32.172]],"o":[[-20.623,39.169],[-5.608,-44.285],[16.846,-37.926],[20.32,1.872],[16.919,17.872],[0.919,32.172]],"v":[[18.869,330.988],[-71.691,334.079],[-98.236,193.902],[-42.048,177.376],[29.509,174.466],[45.509,197.621]],"c":true}]},{"i":{"x":0.833,"y":0.833},"o":{"x":0.167,"y":0.167},"t":14,"s":[{"i":[[20.623,-37.714],[36.063,38.286],[-7.937,35.745],[-20.32,-1.872],[-16.919,-17.872],[-0.919,-32.172]],"o":[[-20.623,37.714],[-36.063,-38.286],[7.937,-35.745],[20.32,1.872],[16.919,17.872],[0.919,32.172]],"v":[[65.051,342.079],[-89.509,354.079],[-81.509,235.538],[-32.559,159.921],[31.509,171.921],[37.509,257.621]],"c":true}]},{"i":{"x":0.833,"y":0.833},"o":{"x":0.167,"y":0.167},"t":22,"s":[{"i":[[21.623,-34.714],[30.063,42.286],[10.063,133.745],[-20.32,-1.872],[-16.919,-17.872],[-0.919,-32.172]],"o":[[-21.623,34.714],[-30.063,-42.286],[-2.063,-43.745],[20.32,1.872],[16.919,17.872],[0.919,32.172]],"v":[[53.051,328.079],[-75.509,348.079],[-105.509,203.538],[-31.892,159.921],[31.509,171.921],[43.509,241.621]],"c":true}]},{"i":{"x":0.833,"y":0.833},"o":{"x":0.167,"y":0.167},"t":30,"s":[{"i":[[21.194,-36],[20.063,59.286],[-8.937,34.745],[-20.32,-1.872],[-16.919,-17.872],[-0.919,-32.172]],"o":[[-21.194,36],[-20.063,-59.286],[8.937,-34.745],[20.32,1.872],[16.919,17.872],[0.919,32.172]],"v":[[48.765,333.222],[-81.509,344.079],[-67.509,235.538],[-31.892,159.921],[31.509,171.921],[43.509,241.621]],"c":true}]},{"i":{"x":0.833,"y":0.833},"o":{"x":0.167,"y":0.167},"t":37,"s":[{"i":[[20.861,-37],[25.896,49.369],[2.146,92.495],[-20.32,-1.872],[-16.919,-17.872],[-0.919,-32.172]],"o":[[-20.861,36.999],[-25.896,-49.369],[2.52,-39.995],[20.32,1.872],[16.919,17.872],[0.919,32.172]],"v":[[65.432,342.222],[-78.009,346.412],[-89.509,209.538],[-31.892,159.921],[31.509,171.921],[35.509,215.621]],"c":true}]},{"i":{"x":0.833,"y":0.833},"o":{"x":0.167,"y":0.167},"t":42,"s":[{"i":[[20.623,-37.714],[30.063,42.286],[4.063,43.745],[-20.32,-1.872],[-16.919,-17.872],[-0.919,-32.172]],"o":[[-20.623,37.714],[-30.063,-42.286],[-4.063,-43.745],[20.32,1.872],[16.919,17.872],[0.919,32.172]],"v":[[43.051,340.079],[-93.509,346.079],[-89.509,209.538],[-31.892,159.921],[31.509,171.921],[43.509,241.621]],"c":true}]},{"i":{"x":0.833,"y":0.833},"o":{"x":0.167,"y":0.167},"t":47,"s":[{"i":[[43.623,-8.714],[46.063,47.286],[4.063,32.745],[-20.32,-1.872],[-16.919,-17.872],[-0.919,-32.172]],"o":[[-43.623,8.714],[-46.063,-47.286],[-4.063,-32.745],[20.32,1.872],[16.919,17.872],[0.919,32.172]],"v":[[43.051,340.079],[-75.509,348.079],[-89.509,209.538],[-31.892,159.921],[31.509,171.921],[43.509,241.621]],"c":true}]},{"i":{"x":0.833,"y":0.833},"o":{"x":0.167,"y":0.167},"t":52,"s":[{"i":[[34.623,14.286],[40.349,45.5],[6.206,68.816],[-20.32,-1.872],[-16.919,-17.872],[-0.919,-32.172]],"o":[[-34.623,-14.286],[-27.063,-48.286],[-3.349,-36.674],[20.32,1.872],[16.919,17.872],[0.919,32.172]],"v":[[43.051,340.079],[-75.509,348.079],[-89.509,209.538],[-31.892,159.921],[31.509,171.921],[43.509,241.621]],"c":true}]},{"i":{"x":0.833,"y":0.833},"o":{"x":0.167,"y":0.167},"t":61,"s":[{"i":[[20.623,-37.714],[30.063,42.286],[10.063,133.745],[-20.32,-1.872],[-16.919,-17.872],[-0.919,-32.172]],"o":[[-20.623,37.714],[-30.063,-42.286],[-2.063,-43.745],[20.32,1.872],[16.919,17.872],[0.919,32.172]],"v":[[43.051,340.079],[-75.509,348.079],[-89.509,209.538],[-31.892,159.921],[31.509,171.921],[43.509,241.621]],"c":true}]},{"t":66.0000026882351,"s":[{"i":[[28.623,-49.714],[30.063,42.286],[10.063,133.745],[-20.32,-1.872],[-16.919,-17.872],[-0.919,-32.172]],"o":[[-28.623,49.714],[-30.063,-42.286],[-2.063,-43.745],[20.32,1.872],[16.919,17.872],[0.919,32.172]],"v":[[205.051,336.079],[82.491,344.079],[54.491,211.538],[128.108,157.921],[177.509,167.921],[191.509,205.621]],"c":true}]}],"ix":2},"nm":"Path 1","mn":"ADBE Vector Shape - Group","hd":false},{"ty":"st","c":{"a":0,"k":[0.211781251197,0.211387140611,0.207956052294,1],"ix":3},"o":{"a":0,"k":100,"ix":4},"w":{"a":0,"k":3,"ix":5},"lc":2,"lj":1,"ml":10,"bm":0,"nm":"Stroke 1","mn":"ADBE Vector Graphic - Stroke","hd":false},{"ty":"fl","c":{"a":0,"k":[0.864720123889,0.864410759421,0.863839063457,1],"ix":4},"o":{"a":0,"k":100,"ix":5},"r":1,"bm":0,"nm":"Fill 1","mn":"ADBE Vector Graphic - Fill","hd":false},{"ty":"tr","p":{"a":1,"k":[{"i":{"x":0.667,"y":1},"o":{"x":0.333,"y":0},"t":0,"s":[507.572,502.207],"to":[0,0],"ti":[0,0]},{"t":6.00000024438501,"s":[507.572,354.207]}],"ix":2},"a":{"a":0,"k":[0,0],"ix":1},"s":{"a":0,"k":[100,100],"ix":3},"r":{"a":0,"k":0,"ix":6},"o":{"a":0,"k":100,"ix":7},"sk":{"a":0,"k":0,"ix":4},"sa":{"a":0,"k":0,"ix":5},"nm":"Transform"}],"nm":"Group 8","np":3,"cix":2,"bm":0,"ix":7,"mn":"ADBE Vector Group","hd":false}],"ip":0,"op":89.0000036250443,"st":0,"ct":1,"bm":0}]},{"id":"comp_3","nm":"REstitution","fr":29.9700012207031,"layers":[{"ddd":0,"ind":1,"ty":4,"nm":"Calque 1/hand Outlines","sr":1,"ks":{"o":{"a":0,"k":100,"ix":11},"r":{"a":0,"k":0,"ix":10},"p":{"a":0,"k":[500,500,0],"ix":2,"l":2},"a":{"a":0,"k":[500,500,0],"ix":1,"l":2},"s":{"a":0,"k":[100,100,100],"ix":6,"l":2}},"ao":0,"shapes":[{"ty":"gr","it":[{"ind":0,"ty":"sh","ix":1,"ks":{"a":1,"k":[{"i":{"x":0.833,"y":0.833},"o":{"x":0.167,"y":0.167},"t":0,"s":[{"i":[[101.914,-23.951],[-51.073,45.315],[-76,-203.623],[106.066,23.823],[-12.12,20.057]],"o":[[-101.914,23.951],[108.713,-96.455],[111.704,299.285],[-106.067,-23.822],[34.615,-57.285]],"v":[[41.603,24.642],[-188.104,-43.428],[408.095,-87.986],[181.756,222.415],[117.074,67.877]],"c":false}]},{"t":14.0000005702317,"s":[{"i":[[101.914,-23.951],[-51.073,45.315],[-76,-203.623],[106.066,23.823],[-12.12,20.057]],"o":[[-101.914,23.951],[108.713,-96.455],[111.704,299.285],[-106.067,-23.822],[34.615,-57.285]],"v":[[19.603,26.642],[-188.104,-43.428],[408.095,-87.986],[181.756,222.415],[117.074,67.877]],"c":false}]}],"ix":2},"nm":"Path 1","mn":"ADBE Vector Shape - Group","hd":false},{"ty":"tm","s":{"a":1,"k":[{"i":{"x":[0.833],"y":[0.833]},"o":{"x":[0.167],"y":[0.167]},"t":0,"s":[85]},{"t":14.0000005702317,"s":[85]}],"ix":1},"e":{"a":0,"k":95,"ix":2},"o":{"a":1,"k":[{"i":{"x":[0.833],"y":[0.833]},"o":{"x":[0.167],"y":[0.167]},"t":0,"s":[0]},{"t":14.0000005702317,"s":[-303]}],"ix":3},"m":1,"ix":2,"nm":"Trim Paths 1","mn":"ADBE Vector Filter - Trim","hd":false},{"ty":"st","c":{"a":0,"k":[1,0.999998863071,1,1],"ix":3},"o":{"a":0,"k":100,"ix":4},"w":{"a":0,"k":54,"ix":5},"lc":2,"lj":1,"ml":10,"bm":0,"nm":"Stroke 2","mn":"ADBE Vector Graphic - Stroke","hd":false},{"ty":"st","c":{"a":0,"k":[0.211781251197,0.211387140611,0.207956052294,1],"ix":3},"o":{"a":0,"k":100,"ix":4},"w":{"a":0,"k":63,"ix":5},"lc":2,"lj":1,"ml":10,"bm":0,"nm":"Stroke 1","mn":"ADBE Vector Graphic - Stroke","hd":false},{"ty":"tr","p":{"a":0,"k":[444.311,503.407],"ix":2},"a":{"a":0,"k":[0,0],"ix":1},"s":{"a":0,"k":[100,100],"ix":3},"r":{"a":0,"k":0,"ix":6},"o":{"a":0,"k":100,"ix":7},"sk":{"a":0,"k":0,"ix":4},"sa":{"a":0,"k":0,"ix":5},"nm":"Transform"}],"nm":"Group 3","np":4,"cix":2,"bm":0,"ix":1,"mn":"ADBE Vector Group","hd":false},{"ty":"gr","it":[{"ind":0,"ty":"sh","ix":1,"ks":{"a":1,"k":[{"i":{"x":0.833,"y":0.833},"o":{"x":0.167,"y":0.167},"t":0,"s":[{"i":[[288.74,-65.211],[75.402,-23.904],[6.155,-21.963],[-70.851,-53.439],[-55.947,27.271],[-5.279,23.851]],"o":[[-76.222,17.214],[-21.651,6.864],[-15.28,54.526],[50.59,38.157],[53.968,-26.306],[22.856,-103.259]],"v":[[30.256,46.14],[-175.082,21.447],[-216.572,66.881],[-129.874,262.386],[104.613,349.393],[146.66,170.61]],"c":false}]},{"t":14.0000005702317,"s":[{"i":[[288.74,-65.211],[43.402,20.096],[5.121,-41.064],[-56.575,-42.671],[-55.947,27.271],[-5.279,23.851]],"o":[[-76.222,17.214],[-43.402,-20.096],[-6.767,54.26],[50.59,38.157],[53.968,-26.306],[22.856,-103.259]],"v":[[26.256,26.14],[-151.082,9.447],[-303.175,3.264],[-129.874,262.386],[104.613,349.393],[146.66,170.61]],"c":false}]}],"ix":2},"nm":"Path 1","mn":"ADBE Vector Shape - Group","hd":false},{"ty":"tm","s":{"a":1,"k":[{"i":{"x":[0.833],"y":[0.833]},"o":{"x":[0.167],"y":[0.167]},"t":0,"s":[79]},{"t":14.0000005702317,"s":[79]}],"ix":1},"e":{"a":1,"k":[{"i":{"x":[0.833],"y":[0.833]},"o":{"x":[0.167],"y":[0.167]},"t":0,"s":[100]},{"t":14.0000005702317,"s":[95]}],"ix":2},"o":{"a":1,"k":[{"i":{"x":[0.833],"y":[0.833]},"o":{"x":[0.167],"y":[0.167]},"t":0,"s":[0]},{"t":14.0000005702317,"s":[-280]}],"ix":3},"m":1,"ix":2,"nm":"Trim Paths 1","mn":"ADBE Vector Filter - Trim","hd":false},{"ty":"st","c":{"a":0,"k":[1,0.999998863071,1,1],"ix":3},"o":{"a":0,"k":100,"ix":4},"w":{"a":0,"k":54,"ix":5},"lc":2,"lj":1,"ml":10,"bm":0,"nm":"Stroke 2","mn":"ADBE Vector Graphic - Stroke","hd":false},{"ty":"st","c":{"a":0,"k":[0.211781251197,0.211387140611,0.207956052294,1],"ix":3},"o":{"a":0,"k":100,"ix":4},"w":{"a":0,"k":63,"ix":5},"lc":2,"lj":1,"ml":10,"bm":0,"nm":"Stroke 1","mn":"ADBE Vector Graphic - Stroke","hd":false},{"ty":"tr","p":{"a":0,"k":[442.484,560.649],"ix":2},"a":{"a":0,"k":[0,0],"ix":1},"s":{"a":0,"k":[100,100],"ix":3},"r":{"a":0,"k":0,"ix":6},"o":{"a":0,"k":100,"ix":7},"sk":{"a":0,"k":0,"ix":4},"sa":{"a":0,"k":0,"ix":5},"nm":"Transform"}],"nm":"Group 4","np":4,"cix":2,"bm":0,"ix":2,"mn":"ADBE Vector Group","hd":false},{"ty":"gr","it":[{"ind":0,"ty":"sh","ix":1,"ks":{"a":1,"k":[{"i":{"x":0.833,"y":0.833},"o":{"x":0.167,"y":0.167},"t":0,"s":[{"i":[[-95.428,-27.363],[-70.031,6.456],[-47.593,-44.072],[84.075,-5.874],[4.894,22.882]],"o":[[26.202,7.513],[70.031,-6.456],[100.389,92.962],[-84.075,5.874],[-35.454,-63.235]],"v":[[-178.796,0.716],[6.601,28.536],[354.243,81.117],[318.707,310.205],[240.086,105.314]],"c":false}]},{"t":14.0000005702317,"s":[{"i":[[-95.428,-27.363],[-62.031,18.456],[-47.593,-44.072],[84.075,-5.874],[4.894,22.882]],"o":[[39.428,25.363],[62.031,-18.456],[100.389,92.962],[-84.075,5.874],[-35.454,-63.235]],"v":[[-178.796,0.716],[6.601,28.536],[354.243,81.117],[318.707,310.205],[240.086,105.314]],"c":false}]}],"ix":2},"nm":"Path 1","mn":"ADBE Vector Shape - Group","hd":false},{"ty":"tm","s":{"a":1,"k":[{"i":{"x":[0.833],"y":[0.833]},"o":{"x":[0.167],"y":[0.167]},"t":0,"s":[82]},{"t":14.0000005702317,"s":[85]}],"ix":1},"e":{"a":1,"k":[{"i":{"x":[0.833],"y":[0.833]},"o":{"x":[0.167],"y":[0.167]},"t":0,"s":[100]},{"t":14.0000005702317,"s":[99]}],"ix":2},"o":{"a":1,"k":[{"i":{"x":[0.833],"y":[0.833]},"o":{"x":[0.167],"y":[0.167]},"t":0,"s":[0]},{"t":14.0000005702317,"s":[-295]}],"ix":3},"m":1,"ix":2,"nm":"Trim Paths 1","mn":"ADBE Vector Filter - Trim","hd":false},{"ty":"st","c":{"a":0,"k":[1,0.999998863071,1,1],"ix":3},"o":{"a":0,"k":100,"ix":4},"w":{"a":0,"k":54,"ix":5},"lc":2,"lj":1,"ml":10,"bm":0,"nm":"Stroke 2","mn":"ADBE Vector Graphic - Stroke","hd":false},{"ty":"st","c":{"a":0,"k":[0.211781251197,0.211387140611,0.207956052294,1],"ix":3},"o":{"a":0,"k":100,"ix":4},"w":{"a":0,"k":63,"ix":5},"lc":2,"lj":1,"ml":10,"bm":0,"nm":"Stroke 1","mn":"ADBE Vector Graphic - Stroke","hd":false},{"ty":"tr","p":{"a":0,"k":[439.368,619.92],"ix":2},"a":{"a":0,"k":[0,0],"ix":1},"s":{"a":0,"k":[100,100],"ix":3},"r":{"a":0,"k":0,"ix":6},"o":{"a":0,"k":100,"ix":7},"sk":{"a":0,"k":0,"ix":4},"sa":{"a":0,"k":0,"ix":5},"nm":"Transform"}],"nm":"Group 5","np":4,"cix":2,"bm":0,"ix":3,"mn":"ADBE Vector Group","hd":false},{"ty":"gr","it":[{"ind":0,"ty":"sh","ix":1,"ks":{"a":0,"k":{"i":[[-108.376,-57.005],[-64.424,11.358],[-41.044,143.888],[12.434,7.361]],"o":[[32.645,17.171],[95.742,-16.88],[41.044,-143.888],[-49.511,-29.31]],"v":[[-169.228,237.596],[-5.688,251.854],[320.105,314.488],[282.66,115.911]],"c":false},"ix":2},"nm":"Path 1","mn":"ADBE Vector Shape - Group","hd":false},{"ty":"tm","s":{"a":1,"k":[{"i":{"x":[0.833],"y":[0.833]},"o":{"x":[0.167],"y":[0.167]},"t":0,"s":[78]},{"t":14.0000005702317,"s":[82]}],"ix":1},"e":{"a":1,"k":[{"i":{"x":[0.833],"y":[0.833]},"o":{"x":[0.167],"y":[0.167]},"t":0,"s":[100]},{"t":14.0000005702317,"s":[96]}],"ix":2},"o":{"a":1,"k":[{"i":{"x":[0.833],"y":[0.833]},"o":{"x":[0.167],"y":[0.167]},"t":0,"s":[0]},{"t":14.0000005702317,"s":[-278]}],"ix":3},"m":1,"ix":2,"nm":"Trim Paths 1","mn":"ADBE Vector Filter - Trim","hd":false},{"ty":"st","c":{"a":0,"k":[1,0.999998863071,1,1],"ix":3},"o":{"a":0,"k":100,"ix":4},"w":{"a":0,"k":54,"ix":5},"lc":2,"lj":1,"ml":10,"bm":0,"nm":"Stroke 2","mn":"ADBE Vector Graphic - Stroke","hd":false},{"ty":"st","c":{"a":0,"k":[0.211781251197,0.211387140611,0.207956052294,1],"ix":3},"o":{"a":0,"k":100,"ix":4},"w":{"a":0,"k":63,"ix":5},"lc":2,"lj":1,"ml":10,"bm":0,"nm":"Stroke 1","mn":"ADBE Vector Graphic - Stroke","hd":false},{"ty":"tr","p":{"a":0,"k":[444.851,447.399],"ix":2},"a":{"a":0,"k":[0,0],"ix":1},"s":{"a":0,"k":[100,100],"ix":3},"r":{"a":0,"k":0,"ix":6},"o":{"a":0,"k":100,"ix":7},"sk":{"a":0,"k":0,"ix":4},"sa":{"a":0,"k":0,"ix":5},"nm":"Transform"}],"nm":"Group 6","np":4,"cix":2,"bm":0,"ix":4,"mn":"ADBE Vector Group","hd":false},{"ty":"gr","it":[{"ind":0,"ty":"sh","ix":1,"ks":{"a":0,"k":{"i":[[93.672,17.976],[-66.891,20.055],[177.992,12.022],[-15.991,-24.62],[-0.355,-7.144]],"o":[[-93.672,-17.976],[33.551,-10.059],[-177.992,-12.022],[25.495,39.253],[1.816,36.564]],"v":[[-27.742,51.112],[-26.305,-118.81],[92.578,-314.843],[140.799,-59.003],[112.77,82.571]],"c":false},"ix":2},"nm":"Path 1","mn":"ADBE Vector Shape - Group","hd":false},{"ty":"tm","s":{"a":1,"k":[{"i":{"x":[0.833],"y":[0.833]},"o":{"x":[0.167],"y":[0.167]},"t":0,"s":[90]},{"t":14.0000005702317,"s":[82]}],"ix":1},"e":{"a":1,"k":[{"i":{"x":[0.833],"y":[0.833]},"o":{"x":[0.167],"y":[0.167]},"t":0,"s":[100]},{"t":14.0000005702317,"s":[100]}],"ix":2},"o":{"a":1,"k":[{"i":{"x":[0.833],"y":[0.833]},"o":{"x":[0.167],"y":[0.167]},"t":0,"s":[0]},{"t":14.0000005702317,"s":[-295]}],"ix":3},"m":1,"ix":2,"nm":"Trim Paths 1","mn":"ADBE Vector Filter - Trim","hd":false},{"ty":"st","c":{"a":0,"k":[1,0.999998863071,1,1],"ix":3},"o":{"a":0,"k":100,"ix":4},"w":{"a":0,"k":65,"ix":5},"lc":2,"lj":1,"ml":10,"bm":0,"nm":"Stroke 2","mn":"ADBE Vector Graphic - Stroke","hd":false},{"ty":"st","c":{"a":0,"k":[0.211781251197,0.211387140611,0.207956052294,1],"ix":3},"o":{"a":0,"k":100,"ix":4},"w":{"a":0,"k":74,"ix":5},"lc":2,"lj":1,"ml":10,"bm":0,"nm":"Stroke 1","mn":"ADBE Vector Graphic - Stroke","hd":false},{"ty":"gr","it":[{"ty":"tm","s":{"a":1,"k":[{"i":{"x":[0.833],"y":[0.833]},"o":{"x":[0.167],"y":[0.167]},"t":14,"s":[90]},{"t":28.0000011404634,"s":[82]}],"ix":1},"e":{"a":1,"k":[{"i":{"x":[0.833],"y":[0.833]},"o":{"x":[0.167],"y":[0.167]},"t":14,"s":[100]},{"t":28.0000011404634,"s":[100]}],"ix":2},"o":{"a":1,"k":[{"i":{"x":[0.833],"y":[0.833]},"o":{"x":[0.167],"y":[0.167]},"t":14,"s":[0]},{"t":28.0000011404634,"s":[-295]}],"ix":3},"m":1,"ix":1,"nm":"Trim Paths 1","mn":"ADBE Vector Filter - Trim","hd":false},{"ty":"st","c":{"a":0,"k":[1,0.999998863071,1,1],"ix":3},"o":{"a":0,"k":100,"ix":4},"w":{"a":0,"k":65,"ix":5},"lc":2,"lj":1,"ml":10,"bm":0,"nm":"Stroke 2","mn":"ADBE Vector Graphic - Stroke","hd":false},{"ty":"st","c":{"a":0,"k":[0.211781251197,0.211387140611,0.207956052294,1],"ix":3},"o":{"a":0,"k":100,"ix":4},"w":{"a":0,"k":74,"ix":5},"lc":2,"lj":1,"ml":10,"bm":0,"nm":"Stroke 1","mn":"ADBE Vector Graphic - Stroke","hd":false},{"ty":"tr","p":{"a":0,"k":[527.414,414.865],"ix":2},"a":{"a":0,"k":[0,0],"ix":1},"s":{"a":0,"k":[100,100],"ix":3},"r":{"a":0,"k":0,"ix":6},"o":{"a":0,"k":100,"ix":7},"sk":{"a":0,"k":0,"ix":4},"sa":{"a":0,"k":0,"ix":5},"nm":"Transform"}],"nm":"Group 7","np":3,"cix":2,"bm":0,"ix":5,"mn":"ADBE Vector Group","hd":false},{"ty":"tr","p":{"a":0,"k":[527.414,414.865],"ix":2},"a":{"a":0,"k":[0,0],"ix":1},"s":{"a":0,"k":[100,100],"ix":3},"r":{"a":0,"k":0,"ix":6},"o":{"a":0,"k":100,"ix":7},"sk":{"a":0,"k":0,"ix":4},"sa":{"a":0,"k":0,"ix":5},"nm":"Transform"}],"nm":"Group 7","np":5,"cix":2,"bm":0,"ix":5,"mn":"ADBE Vector Group","hd":false},{"ty":"gr","it":[{"ind":0,"ty":"sh","ix":1,"ks":{"a":1,"k":[{"i":{"x":0.833,"y":0.833},"o":{"x":0.167,"y":0.167},"t":0,"s":[{"i":[[28.623,-49.714],[30.063,42.286],[10.063,133.745],[-20.32,-1.872],[-16.919,-17.872],[-0.919,-32.172]],"o":[[-28.623,49.714],[-30.063,-42.286],[-2.063,-43.745],[20.32,1.872],[16.919,17.872],[0.919,32.172]],"v":[[205.051,336.079],[82.491,344.079],[54.491,211.538],[128.108,157.921],[177.509,167.921],[191.509,205.621]],"c":true}]},{"i":{"x":0.833,"y":0.833},"o":{"x":0.167,"y":0.167},"t":3,"s":[{"i":[[24.534,-42.612],[22.92,33.715],[11.492,110.316],[-6.891,2.128],[-13.776,-9.586],[-3.491,-23.029]],"o":[[-24.534,42.612],[-22.92,-33.715],[-4.634,-33.174],[6.891,-2.128],[13.776,9.586],[3.491,23.029]],"v":[[164.479,302.65],[75.634,312.365],[41.634,177.252],[75.822,128.207],[112.08,101.064],[142.652,142.764]],"c":true}]},{"i":{"x":0.833,"y":0.833},"o":{"x":0.167,"y":0.167},"t":6,"s":[{"i":[[20.445,-35.51],[60.348,-1.143],[84.015,69.174],[9.775,32.033],[-10.633,-1.3],[-6.062,-13.886]],"o":[[-20.445,35.51],[-60.349,1.143],[-84.015,-69.174],[-9.775,-32.033],[10.633,1.301],[6.062,13.886]],"v":[[173.908,229.222],[160.777,316.65],[72.443,208.967],[-29.797,129.826],[60.652,125.207],[89.128,140.573]],"c":true}]},{"i":{"x":0.833,"y":0.833},"o":{"x":0.167,"y":0.167},"t":10,"s":[{"i":[[-46.377,-20.714],[18.463,-43.514],[64.83,39.345],[56.947,17.661],[23.081,29.628],[-37.586,7.495]],"o":[[46.377,20.714],[-18.463,43.514],[-64.83,-39.345],[-56.947,-17.661],[-23.081,-29.628],[37.586,-7.495]],"v":[[112.051,161.079],[166.891,250.279],[92.458,271.938],[-64.625,261.454],[-128.491,211.421],[-45.158,129.288]],"c":true}]},{"t":14.0000005702317,"s":[{"i":[[0,0],[-19.937,-17.714],[20.063,-30.255],[73.68,26.128],[5.081,40.128],[-18.919,31.828]],"o":[[0,0],[19.937,17.714],[-20.063,30.255],[-73.68,-26.128],[-5.081,-40.128],[18.919,-31.828]],"v":[[-78.949,102.079],[34.491,122.079],[34.491,307.538],[-125.892,341.921],[-196.491,245.921],[-178.491,129.621]],"c":true}]}],"ix":2},"nm":"Path 1","mn":"ADBE Vector Shape - Group","hd":false},{"ty":"st","c":{"a":0,"k":[0.211781251197,0.211387140611,0.207956052294,1],"ix":3},"o":{"a":0,"k":100,"ix":4},"w":{"a":0,"k":3,"ix":5},"lc":2,"lj":1,"ml":10,"bm":0,"nm":"Stroke 1","mn":"ADBE Vector Graphic - Stroke","hd":false},{"ty":"fl","c":{"a":0,"k":[0.864720123889,0.864410759421,0.863839063457,1],"ix":4},"o":{"a":0,"k":100,"ix":5},"r":1,"bm":0,"nm":"Fill 1","mn":"ADBE Vector Graphic - Fill","hd":false},{"ty":"tr","p":{"a":0,"k":[507.572,354.207],"ix":2},"a":{"a":0,"k":[0,0],"ix":1},"s":{"a":0,"k":[100,100],"ix":3},"r":{"a":0,"k":0,"ix":6},"o":{"a":0,"k":100,"ix":7},"sk":{"a":0,"k":0,"ix":4},"sa":{"a":0,"k":0,"ix":5},"nm":"Transform"}],"nm":"Group 8","np":3,"cix":2,"bm":0,"ix":6,"mn":"ADBE Vector Group","hd":false}],"ip":0,"op":89.0000036250443,"st":0,"ct":1,"bm":0},{"ddd":0,"ind":2,"ty":4,"nm":"Calque 1/hand Outlines","sr":1,"ks":{"o":{"a":0,"k":100,"ix":11},"r":{"a":0,"k":0,"ix":10},"p":{"a":0,"k":[500,500,0],"ix":2,"l":2},"a":{"a":0,"k":[500,500,0],"ix":1,"l":2},"s":{"a":0,"k":[100,100,100],"ix":6,"l":2}},"ao":0,"shapes":[{"ty":"gr","it":[{"ind":0,"ty":"sh","ix":1,"ks":{"a":0,"k":{"i":[[-38.57,84.946],[-65.12,55.056],[-154.262,-54.828],[67.43,-71.714]],"o":[[38.57,-84.946],[65.12,-55.056],[154.262,54.828],[-67.43,71.714]],"v":[[569.43,656.946],[594.88,439.056],[937.738,361.172],[663.43,658.286]],"c":false},"ix":2},"nm":"Path 1","mn":"ADBE Vector Shape - Group","hd":false},{"ty":"tm","s":{"a":1,"k":[{"i":{"x":[0.833],"y":[0.833]},"o":{"x":[0.167],"y":[0.167]},"t":0,"s":[100]},{"i":{"x":[0.833],"y":[0.833]},"o":{"x":[0.167],"y":[0.167]},"t":5,"s":[84]},{"t":14.0000005702317,"s":[87]}],"ix":1},"e":{"a":0,"k":100,"ix":2},"o":{"a":1,"k":[{"i":{"x":[0.833],"y":[0.833]},"o":{"x":[0.167],"y":[0.167]},"t":0,"s":[0]},{"t":14.0000005702317,"s":[-311]}],"ix":3},"m":1,"ix":2,"nm":"Trim Paths 1","mn":"ADBE Vector Filter - Trim","hd":false},{"ty":"st","c":{"a":0,"k":[1,0.999998863071,1,1],"ix":3},"o":{"a":0,"k":100,"ix":4},"w":{"a":0,"k":54,"ix":5},"lc":2,"lj":1,"ml":10,"bm":0,"nm":"Stroke 2","mn":"ADBE Vector Graphic - Stroke","hd":false},{"ty":"st","c":{"a":0,"k":[0.211781251197,0.211387140611,0.207956052294,1],"ix":3},"o":{"a":0,"k":100,"ix":4},"w":{"a":0,"k":63,"ix":5},"lc":2,"lj":1,"ml":10,"bm":0,"nm":"Stroke 1","mn":"ADBE Vector Graphic - Stroke","hd":false},{"ty":"tr","p":{"a":0,"k":[0,0],"ix":2},"a":{"a":0,"k":[0,0],"ix":1},"s":{"a":0,"k":[100,100],"ix":3},"r":{"a":0,"k":0,"ix":6},"o":{"a":0,"k":100,"ix":7},"sk":{"a":0,"k":0,"ix":4},"sa":{"a":0,"k":0,"ix":5},"nm":"Transform"}],"nm":"Group 2","np":4,"cix":2,"bm":0,"ix":1,"mn":"ADBE Vector Group","hd":false}],"ip":0,"op":88.0000035843135,"st":0,"ct":1,"bm":0}]},{"id":"comp_4","nm":"final hand","fr":29.9700012207031,"layers":[{"ddd":0,"ind":1,"ty":4,"nm":"Calque 1/hand Outlines","sr":1,"ks":{"o":{"a":0,"k":100,"ix":11},"r":{"a":0,"k":0,"ix":10},"p":{"a":0,"k":[500,500,0],"ix":2,"l":2},"a":{"a":0,"k":[500,500,0],"ix":1,"l":2},"s":{"a":0,"k":[100,100,100],"ix":6,"l":2}},"ao":0,"shapes":[{"ty":"gr","it":[{"ind":0,"ty":"sh","ix":1,"ks":{"a":1,"k":[{"i":{"x":0.833,"y":0.833},"o":{"x":0.167,"y":0.167},"t":0,"s":[{"i":[[11.144,-52.244],[-65.684,11.064]],"o":[[-11.144,52.244],[0,0]],"v":[[-42.27,-135.109],[34.27,-25.929]],"c":false}]},{"i":{"x":0.833,"y":0.833},"o":{"x":0.167,"y":0.167},"t":3,"s":[{"i":[[-9.428,-56.816],[-45.684,-2.936]],"o":[[9.428,56.816],[0,0]],"v":[[-66.841,-101.68],[34.27,-25.929]],"c":false}]},{"i":{"x":0.833,"y":0.833},"o":{"x":0.167,"y":0.167},"t":6,"s":[{"i":[[-5.892,-35.51],[-54.255,-12.696]],"o":[[61.213,12.101],[0,0]],"v":[[-78.627,-42.966],[34.27,-25.929]],"c":false}]},{"t":9.00000036657752,"s":[{"i":[[0,0],[-68.54,-28.962]],"o":[[0,-15.773],[0,0]],"v":[[-34.27,54.891],[34.27,-25.929]],"c":false}]}],"ix":2},"nm":"Path 1","mn":"ADBE Vector Shape - Group","hd":false},{"ty":"st","c":{"a":1,"k":[{"i":{"x":[0.833],"y":[0.833]},"o":{"x":[0.167],"y":[0.167]},"t":0,"s":[0.594845712185,0.891207098961,0.545796096325,1]},{"t":2.00000008146167,"s":[1,1,1,1]}],"ix":3},"o":{"a":0,"k":100,"ix":4},"w":{"a":0,"k":65,"ix":5},"lc":2,"lj":1,"ml":10,"bm":0,"nm":"Stroke 2","mn":"ADBE Vector Graphic - Stroke","hd":false},{"ty":"st","c":{"a":0,"k":[0.211781251197,0.211387140611,0.207956052294,1],"ix":3},"o":{"a":0,"k":100,"ix":4},"w":{"a":0,"k":74,"ix":5},"lc":2,"lj":1,"ml":10,"bm":0,"nm":"Stroke 1","mn":"ADBE Vector Graphic - Stroke","hd":false},{"ty":"tr","p":{"a":0,"k":[527.414,414.865],"ix":2},"a":{"a":0,"k":[0,0],"ix":1},"s":{"a":0,"k":[100,100],"ix":3},"r":{"a":0,"k":0,"ix":6},"o":{"a":0,"k":100,"ix":7},"sk":{"a":0,"k":0,"ix":4},"sa":{"a":0,"k":0,"ix":5},"nm":"Transform"}],"nm":"Group 7","np":3,"cix":2,"bm":0,"ix":1,"mn":"ADBE Vector Group","hd":false},{"ty":"gr","it":[{"ind":0,"ty":"sh","ix":1,"ks":{"a":0,"k":{"i":[[0,0],[0,0]],"o":[[0,0],[0,0]],"v":[[621.43,404.946],[621.43,572.286]],"c":false},"ix":2},"nm":"Path 1","mn":"ADBE Vector Shape - Group","hd":false},{"ty":"st","c":{"a":1,"k":[{"i":{"x":[0.833],"y":[0.833]},"o":{"x":[0.167],"y":[0.167]},"t":0,"s":[0.596078455448,0.890196144581,0.54509806633,1]},{"t":2.00000008146167,"s":[1,1,1,1]}],"ix":3},"o":{"a":0,"k":100,"ix":4},"w":{"a":0,"k":54,"ix":5},"lc":2,"lj":1,"ml":10,"bm":0,"nm":"Stroke 2","mn":"ADBE Vector Graphic - Stroke","hd":false},{"ty":"st","c":{"a":0,"k":[0.211781251197,0.211387140611,0.207956052294,1],"ix":3},"o":{"a":0,"k":100,"ix":4},"w":{"a":0,"k":63,"ix":5},"lc":2,"lj":1,"ml":10,"bm":0,"nm":"Stroke 1","mn":"ADBE Vector Graphic - Stroke","hd":false},{"ty":"tr","p":{"a":0,"k":[0,0],"ix":2},"a":{"a":0,"k":[0,0],"ix":1},"s":{"a":0,"k":[100,100],"ix":3},"r":{"a":0,"k":0,"ix":6},"o":{"a":0,"k":100,"ix":7},"sk":{"a":0,"k":0,"ix":4},"sa":{"a":0,"k":0,"ix":5},"nm":"Transform"}],"nm":"Group 2","np":3,"cix":2,"bm":0,"ix":2,"mn":"ADBE Vector Group","hd":false},{"ty":"gr","it":[{"ind":0,"ty":"sh","ix":1,"ks":{"a":0,"k":{"i":[[0,0],[-42.407,8.656]],"o":[[58.941,11.717],[0,0]],"v":[[-65.074,-5.594],[65.074,-6.123]],"c":false},"ix":2},"nm":"Path 1","mn":"ADBE Vector Shape - Group","hd":false},{"ty":"st","c":{"a":1,"k":[{"i":{"x":[0.833],"y":[0.833]},"o":{"x":[0.167],"y":[0.167]},"t":0,"s":[0.596078455448,0.890196144581,0.54509806633,1]},{"t":2.00000008146167,"s":[1,1,1,1]}],"ix":3},"o":{"a":0,"k":100,"ix":4},"w":{"a":0,"k":54,"ix":5},"lc":2,"lj":1,"ml":10,"bm":0,"nm":"Stroke 2","mn":"ADBE Vector Graphic - Stroke","hd":false},{"ty":"st","c":{"a":0,"k":[0.211781251197,0.211387140611,0.207956052294,1],"ix":3},"o":{"a":0,"k":100,"ix":4},"w":{"a":0,"k":63,"ix":5},"lc":2,"lj":1,"ml":10,"bm":0,"nm":"Stroke 1","mn":"ADBE Vector Graphic - Stroke","hd":false},{"ty":"tr","p":{"a":0,"k":[444.311,503.407],"ix":2},"a":{"a":0,"k":[0,0],"ix":1},"s":{"a":0,"k":[100,100],"ix":3},"r":{"a":0,"k":0,"ix":6},"o":{"a":0,"k":100,"ix":7},"sk":{"a":0,"k":0,"ix":4},"sa":{"a":0,"k":0,"ix":5},"nm":"Transform"}],"nm":"Group 3","np":3,"cix":2,"bm":0,"ix":3,"mn":"ADBE Vector Group","hd":false},{"ty":"gr","it":[{"ind":0,"ty":"sh","ix":1,"ks":{"a":0,"k":{"i":[[0,0],[-29.523,8.307]],"o":[[52.534,10.251],[0,0]],"v":[[-50.66,-4.861],[50.66,-5.39]],"c":false},"ix":2},"nm":"Path 1","mn":"ADBE Vector Shape - Group","hd":false},{"ty":"st","c":{"a":1,"k":[{"i":{"x":[0.833],"y":[0.833]},"o":{"x":[0.167],"y":[0.167]},"t":0,"s":[0.596078455448,0.890196144581,0.54509806633,1]},{"t":2.00000008146167,"s":[1,0.999998863071,1,1]}],"ix":3},"o":{"a":0,"k":100,"ix":4},"w":{"a":0,"k":54,"ix":5},"lc":2,"lj":1,"ml":10,"bm":0,"nm":"Stroke 2","mn":"ADBE Vector Graphic - Stroke","hd":false},{"ty":"st","c":{"a":0,"k":[0.211781251197,0.211387140611,0.207956052294,1],"ix":3},"o":{"a":0,"k":100,"ix":4},"w":{"a":0,"k":63,"ix":5},"lc":2,"lj":1,"ml":10,"bm":0,"nm":"Stroke 1","mn":"ADBE Vector Graphic - Stroke","hd":false},{"ty":"tr","p":{"a":0,"k":[442.484,560.649],"ix":2},"a":{"a":0,"k":[0,0],"ix":1},"s":{"a":0,"k":[100,100],"ix":3},"r":{"a":0,"k":0,"ix":6},"o":{"a":0,"k":100,"ix":7},"sk":{"a":0,"k":0,"ix":4},"sa":{"a":0,"k":0,"ix":5},"nm":"Transform"}],"nm":"Group 4","np":3,"cix":2,"bm":0,"ix":4,"mn":"ADBE Vector Group","hd":false},{"ty":"gr","it":[{"ind":0,"ty":"sh","ix":1,"ks":{"a":0,"k":{"i":[[0,0],[-16.095,8.488]],"o":[[47.958,12.843],[0,0]],"v":[[-34.086,-6.157],[34.086,-6.686]],"c":false},"ix":2},"nm":"Path 1","mn":"ADBE Vector Shape - Group","hd":false},{"ty":"st","c":{"a":1,"k":[{"i":{"x":[0.833],"y":[0.833]},"o":{"x":[0.167],"y":[0.167]},"t":0,"s":[0.596078455448,0.890196144581,0.54509806633,1]},{"t":2.00000008146167,"s":[1,0.999998863071,1,1]}],"ix":3},"o":{"a":0,"k":100,"ix":4},"w":{"a":0,"k":54,"ix":5},"lc":2,"lj":1,"ml":10,"bm":0,"nm":"Stroke 2","mn":"ADBE Vector Graphic - Stroke","hd":false},{"ty":"st","c":{"a":0,"k":[0.211781251197,0.211387140611,0.207956052294,1],"ix":3},"o":{"a":0,"k":100,"ix":4},"w":{"a":0,"k":63,"ix":5},"lc":2,"lj":1,"ml":10,"bm":0,"nm":"Stroke 1","mn":"ADBE Vector Graphic - Stroke","hd":false},{"ty":"tr","p":{"a":0,"k":[439.368,619.92],"ix":2},"a":{"a":0,"k":[0,0],"ix":1},"s":{"a":0,"k":[100,100],"ix":3},"r":{"a":0,"k":0,"ix":6},"o":{"a":0,"k":100,"ix":7},"sk":{"a":0,"k":0,"ix":4},"sa":{"a":0,"k":0,"ix":5},"nm":"Transform"}],"nm":"Group 5","np":3,"cix":2,"bm":0,"ix":5,"mn":"ADBE Vector Group","hd":false},{"ty":"gr","it":[{"ind":0,"ty":"sh","ix":1,"ks":{"a":0,"k":{"i":[[0,0],[-33.284,10.578]],"o":[[49.498,15.651],[0,0]],"v":[[-50.66,-7.561],[50.66,-8.09]],"c":false},"ix":2},"nm":"Path 1","mn":"ADBE Vector Shape - Group","hd":false},{"ty":"st","c":{"a":1,"k":[{"i":{"x":[0.833],"y":[0.833]},"o":{"x":[0.167],"y":[0.167]},"t":0,"s":[0.596078455448,0.890196144581,0.54509806633,1]},{"t":2.00000008146167,"s":[1,0.999998863071,1,1]}],"ix":3},"o":{"a":0,"k":100,"ix":4},"w":{"a":0,"k":54,"ix":5},"lc":2,"lj":1,"ml":10,"bm":0,"nm":"Stroke 2","mn":"ADBE Vector Graphic - Stroke","hd":false},{"ty":"st","c":{"a":0,"k":[0.211781251197,0.211387140611,0.207956052294,1],"ix":3},"o":{"a":0,"k":100,"ix":4},"w":{"a":0,"k":63,"ix":5},"lc":2,"lj":1,"ml":10,"bm":0,"nm":"Stroke 1","mn":"ADBE Vector Graphic - Stroke","hd":false},{"ty":"tr","p":{"a":0,"k":[444.851,447.399],"ix":2},"a":{"a":0,"k":[0,0],"ix":1},"s":{"a":0,"k":[100,100],"ix":3},"r":{"a":0,"k":0,"ix":6},"o":{"a":0,"k":100,"ix":7},"sk":{"a":0,"k":0,"ix":4},"sa":{"a":0,"k":0,"ix":5},"nm":"Transform"}],"nm":"Group 6","np":3,"cix":2,"bm":0,"ix":6,"mn":"ADBE Vector Group","hd":false},{"ty":"gr","it":[{"ind":0,"ty":"sh","ix":1,"ks":{"a":0,"k":{"i":[[27.867,0],[0,0],[0,0],[-18.566,0],[0,0],[0,0]],"o":[[0,0],[0,0],[0,-18.566],[0,0],[0,0],[0,27.867]],"v":[[33.051,112.079],[-83.509,112.079],[-83.509,-78.462],[-49.892,-112.079],[83.509,-112.079],[83.509,61.621]],"c":true},"ix":2},"nm":"Path 1","mn":"ADBE Vector Shape - Group","hd":false},{"ty":"st","c":{"a":0,"k":[0.211781251197,0.211387140611,0.207956052294,1],"ix":3},"o":{"a":0,"k":100,"ix":4},"w":{"a":0,"k":3,"ix":5},"lc":2,"lj":1,"ml":10,"bm":0,"nm":"Stroke 1","mn":"ADBE Vector Graphic - Stroke","hd":false},{"ty":"fl","c":{"a":1,"k":[{"i":{"x":[0.833],"y":[0.833]},"o":{"x":[0.167],"y":[0.167]},"t":0,"s":[0.596078455448,0.890196144581,0.54509806633,1]},{"t":2.00000008146167,"s":[0.864720123889,0.864410759421,0.863839063457,1]}],"ix":4},"o":{"a":0,"k":100,"ix":5},"r":1,"bm":0,"nm":"Fill 1","mn":"ADBE Vector Graphic - Fill","hd":false},{"ty":"tr","p":{"a":0,"k":[507.572,502.207],"ix":2},"a":{"a":0,"k":[0,0],"ix":1},"s":{"a":0,"k":[100,100],"ix":3},"r":{"a":0,"k":0,"ix":6},"o":{"a":0,"k":100,"ix":7},"sk":{"a":0,"k":0,"ix":4},"sa":{"a":0,"k":0,"ix":5},"nm":"Transform"}],"nm":"Group 8","np":3,"cix":2,"bm":0,"ix":7,"mn":"ADBE Vector Group","hd":false}],"ip":0,"op":88.0000035843135,"st":0,"ct":1,"bm":0}]}],"layers":[{"ddd":0,"ind":1,"ty":0,"nm":".comp.overflow","cl":"comp overflow","refId":"comp_0","sr":1,"ks":{"o":{"a":0,"k":100,"ix":11},"r":{"a":0,"k":0,"ix":10},"p":{"a":0,"k":[250,253,0],"ix":2,"l":2},"a":{"a":0,"k":[500,500,0],"ix":1,"l":2},"s":{"a":0,"k":[156,156,100],"ix":6,"l":2}},"ao":0,"w":1000,"h":1000,"ip":0,"op":120.0000048877,"st":0,"bm":0}],"markers":[],"props":{}}