{"v":"5.12.1","fr":60,"ip":0,"op":332,"w":1080,"h":1080,"nm":"Unexpected","ddd":0,"assets":[{"id":"comp_0","nm":"Coeurs","fr":60,"layers":[{"ddd":0,"ind":1,"ty":4,"nm":".coeur.noclick","cl":"coeur noclick","sr":1,"ks":{"o":{"a":1,"k":[{"i":{"x":[0.833],"y":[0.833]},"o":{"x":[0.167],"y":[0.167]},"t":44,"s":[100]},{"t":52,"s":[0]}],"ix":11},"r":{"a":0,"k":0,"ix":10},"p":{"a":0,"k":[150,150,0],"ix":2,"l":2},"a":{"a":0,"k":[108.539,112.477,0],"ix":1,"l":2},"s":{"a":1,"k":[{"i":{"x":[0.667,0.667,0.667],"y":[1,1,1]},"o":{"x":[0.333,0.333,0.333],"y":[0,0,0]},"t":0,"s":[0,0,100]},{"i":{"x":[0.667,0.667,0.667],"y":[0.62,0.62,22.635]},"o":{"x":[0.333,0.333,0.333],"y":[0,0,0]},"t":9,"s":[73.346,73.346,100]},{"i":{"x":[0.667,0.667,0.667],"y":[1,1,1]},"o":{"x":[0.333,0.333,0.333],"y":[-2.689,-2.689,-19.399]},"t":15.691,"s":[48.493,48.493,100]},{"t":21.69140625,"s":[51.641,51.641,100]}],"ix":6,"l":2}},"ao":0,"shapes":[{"ty":"gr","it":[{"ind":0,"ty":"sh","ix":1,"ks":{"a":0,"k":{"i":[[22.09,-22.09],[0,0],[0,0],[0,0],[0,0],[-22.09,22.09],[-14.47,0],[-11.04,-11.05],[0,0],[0,0],[-14.48,0],[-11.05,-11.05]],"o":[[0,0],[0,0],[0,0],[0,0],[-22.09,-22.09],[11.05,-11.05],[14.48,0],[0,0],[0,0],[11.05,-11.05],[14.48,0],[22.09,22.09]],"v":[[84.945,5.955],[0.285,90.615],[0.005,90.335],[-0.275,90.615],[-84.945,5.955],[-84.945,-74.045],[-44.945,-90.615],[-4.945,-74.045],[0.005,-69.105],[4.945,-74.045],[44.945,-90.615],[84.945,-74.045]],"c":true},"ix":2},"nm":"Path 1","mn":"ADBE Vector Shape - Group","hd":false},{"ty":"fl","c":{"a":0,"k":[0.917647118662,0.290196078431,0.407843167174,1],"ix":4},"o":{"a":0,"k":100,"ix":5},"r":1,"bm":0,"nm":"Fill 1","mn":"ADBE Vector Graphic - Fill","hd":false},{"ty":"tr","p":{"a":0,"k":[108.539,112.789],"ix":2},"a":{"a":0,"k":[0,50.312],"ix":1},"s":{"a":0,"k":[100,100],"ix":3},"r":{"a":0,"k":0,"ix":6},"o":{"a":0,"k":100,"ix":7},"sk":{"a":0,"k":0,"ix":4},"sa":{"a":0,"k":0,"ix":5},"nm":"Transform"}],"nm":"Shape 1","np":2,"cix":2,"bm":0,"ix":1,"mn":"ADBE Vector Group","hd":false}],"ip":0,"op":86,"st":0,"ct":1,"bm":0}]}],"layers":[{"ddd":0,"ind":1,"ty":4,"nm":".pupille-fill.noclick","cl":"pupille-fill noclick","sr":1,"ks":{"o":{"a":0,"k":100,"ix":11},"r":{"a":0,"k":0,"ix":10},"p":{"a":0,"k":[540,540,0],"ix":2,"l":2},"a":{"a":0,"k":[545.954,800.812,0],"ix":1,"l":2},"s":{"a":1,"k":[{"i":{"x":[0.667,0.667,0.667],"y":[1,1,1]},"o":{"x":[0.643,0.643,0.333],"y":[0,0,0]},"t":217,"s":[0,0,100]},{"i":{"x":[0.667,0.667,0.667],"y":[1,1,1]},"o":{"x":[0.624,0.624,0.333],"y":[0,0,0]},"t":225.5,"s":[80,80,100]},{"i":{"x":[0.667,0.667,0.667],"y":[1,1,1]},"o":{"x":[0.167,0.167,0.167],"y":[0,0,0]},"t":234,"s":[60,60,100]},{"i":{"x":[0.376,0.376,0.667],"y":[1,1,1]},"o":{"x":[0.333,0.333,0.333],"y":[0,0,0]},"t":248,"s":[60,60,100]},{"i":{"x":[0.357,0.357,0.667],"y":[1,1,1]},"o":{"x":[0.333,0.333,0.333],"y":[0,0,0]},"t":256.5,"s":[80,80,100]},{"t":265,"s":[0,0,100]}],"ix":6,"l":2}},"ao":0,"shapes":[{"ty":"gr","it":[{"ind":0,"ty":"sh","ix":1,"ks":{"a":0,"k":{"i":[[0,-46.434],[46.434,0],[0,46.481],[-46.481,0]],"o":[[0,46.481],[-46.481,0],[0,-46.434],[46.434,0]],"v":[[84.167,-0.024],[0.023,84.167],[-84.168,-0.024],[0.023,-84.168]],"c":true},"ix":2},"nm":"Path 1","mn":"ADBE Vector Shape - Group","hd":false},{"ty":"fl","c":{"a":0,"k":[0.345098039216,0.337254901961,1,1],"ix":4},"o":{"a":0,"k":100,"ix":5},"r":1,"bm":0,"nm":"Fill 1","mn":"ADBE Vector Graphic - Fill","hd":false},{"ty":"tr","p":{"a":0,"k":[545.954,800.812],"ix":2},"a":{"a":0,"k":[0,0],"ix":1},"s":{"a":0,"k":[100,100],"ix":3},"r":{"a":0,"k":0,"ix":6},"o":{"a":0,"k":100,"ix":7},"sk":{"a":0,"k":0,"ix":4},"sa":{"a":0,"k":0,"ix":5},"nm":"Transform"}],"nm":"Group 2","np":2,"cix":2,"bm":0,"ix":1,"mn":"ADBE Vector Group","hd":false}],"ip":214,"op":300,"st":208,"ct":1,"bm":0},{"ddd":0,"ind":2,"ty":4,"nm":".eye-fill.noclick","cl":"eye-fill noclick","sr":1,"ks":{"o":{"a":0,"k":100,"ix":11},"r":{"a":0,"k":0,"ix":10},"p":{"a":0,"k":[540,540,0],"ix":2,"l":2},"a":{"a":0,"k":[540,815.559,0],"ix":1,"l":2},"s":{"a":1,"k":[{"i":{"x":[0.833,0.833,0.833],"y":[0.833,0.833,0.833]},"o":{"x":[0.167,0.167,0.167],"y":[0.167,0.167,0.167]},"t":221,"s":[79,1,100]},{"i":{"x":[0.842,0.842,0.667],"y":[1,1,1]},"o":{"x":[0.167,0.167,0.167],"y":[0,0,6.667]},"t":225,"s":[60,60,100]},{"i":{"x":[0.835,0.835,0.667],"y":[1,1,1]},"o":{"x":[0.158,0.158,0.333],"y":[0,0,0]},"t":250,"s":[60,60,100]},{"i":{"x":[0.835,0.835,0.667],"y":[1,1,1]},"o":{"x":[0.158,0.158,0.333],"y":[0,0,0]},"t":257,"s":[68,68,100]},{"t":265,"s":[60,60,100]}],"ix":6,"l":2}},"ao":0,"shapes":[{"ty":"gr","it":[{"ind":0,"ty":"sh","ix":1,"ks":{"a":0,"k":{"i":[[59.353,0],[45.285,-45.285],[0,0],[0,0],[-59.353,0],[-45.286,45.285],[0,0],[0,0]],"o":[[-59.353,0],[0,0],[0,0],[45.285,45.285],[59.353,0],[0,0],[0,0],[-45.286,-45.285]],"v":[[0,-210.872],[-163.992,-142.944],[-306.937,0],[-163.992,142.944],[0,210.872],[163.992,142.944],[306.937,0],[163.992,-142.944]],"c":true},"ix":2},"nm":"Path 1","mn":"ADBE Vector Shape - Group","hd":false},{"ind":1,"ty":"sh","ix":2,"ks":{"a":1,"k":[{"i":{"x":0.073,"y":1},"o":{"x":0.355,"y":0},"t":222,"s":[{"i":[[-51.925,0],[-36.717,-36.717],[0,0],[0,0],[51.925,0],[36.716,36.717],[0,0],[0,0]],"o":[[51.925,0],[0,0],[0,0],[-36.717,36.717],[-51.925,0],[0,0],[0,0],[36.716,-36.717]],"v":[[0,-173.35],[137.459,-116.412],[253.872,0],[137.459,116.412],[0,173.35],[-137.458,116.412],[-253.872,0],[-137.458,-116.412]],"c":true}]},{"i":{"x":0.073,"y":1},"o":{"x":0.167,"y":0},"t":241,"s":[{"i":[[-39.485,-0.014],[-25.866,-25.866],[0.014,-39.485],[25.873,-25.873],[39.485,0.021],[25.866,25.866],[-0.014,39.478],[-25.866,25.866]],"o":[[39.485,0.014],[25.866,25.866],[-0.014,39.485],[-25.866,25.866],[-39.478,-0.021],[-25.866,-25.866],[0.014,-39.485],[25.873,-25.873]],"v":[[0.961,-143.406],[102.049,-101.517],[143.938,-0.429],[102.049,100.659],[0.961,142.548],[-100.127,100.659],[-142.016,-0.429],[-100.127,-101.517]],"c":true}]},{"i":{"x":0.645,"y":1},"o":{"x":0.927,"y":0},"t":246,"s":[{"i":[[-39.485,-0.014],[-25.866,-25.866],[0.014,-39.485],[25.873,-25.873],[39.485,0.021],[25.866,25.866],[-0.014,39.478],[-25.866,25.866]],"o":[[39.485,0.014],[25.866,25.866],[-0.014,39.485],[-25.866,25.866],[-39.478,-0.021],[-25.866,-25.866],[0.014,-39.485],[25.873,-25.873]],"v":[[0.961,-143.406],[102.049,-101.517],[143.938,-0.429],[102.049,100.659],[0.961,142.548],[-100.127,100.659],[-142.016,-0.429],[-100.127,-101.517]],"c":true}]},{"t":265,"s":[{"i":[[-51.925,0],[-36.717,-36.717],[0,0],[0,0],[51.925,0],[36.716,36.717],[0,0],[0,0]],"o":[[51.925,0],[0,0],[0,0],[-36.717,36.717],[-51.925,0],[0,0],[0,0],[36.716,-36.717]],"v":[[0,-173.35],[137.459,-116.412],[253.872,0],[137.459,116.412],[0,173.35],[-137.458,116.412],[-253.872,0],[-137.458,-116.412]],"c":true}]}],"ix":2},"nm":"Path 2","mn":"ADBE Vector Shape - Group","hd":false},{"ty":"mm","mm":1,"nm":"Merge Paths 1","mn":"ADBE Vector Filter - Merge","hd":false},{"ty":"fl","c":{"a":0,"k":[0.345098039216,0.337254901961,1,1],"ix":4},"o":{"a":0,"k":100,"ix":5},"r":1,"bm":0,"nm":"Fill 1","mn":"ADBE Vector Graphic - Fill","hd":false},{"ty":"tr","p":{"a":0,"k":[540,815.559],"ix":2},"a":{"a":0,"k":[0,0],"ix":1},"s":{"a":0,"k":[100,100],"ix":3},"r":{"a":0,"k":0,"ix":6},"o":{"a":0,"k":100,"ix":7},"sk":{"a":0,"k":0,"ix":4},"sa":{"a":0,"k":0,"ix":5},"nm":"Transform"}],"nm":"Group 1","np":4,"cix":2,"bm":0,"ix":1,"mn":"ADBE Vector Group","hd":false}],"ip":221,"op":390,"st":222,"ct":1,"bm":0},{"ddd":0,"ind":3,"ty":4,"nm":".balle.noclick","cl":"balle noclick","sr":1,"ks":{"o":{"a":0,"k":100,"ix":11},"r":{"a":1,"k":[{"i":{"x":[0.833],"y":[0.833]},"o":{"x":[0.167],"y":[0.167]},"t":142,"s":[2]},{"i":{"x":[0.833],"y":[0.833]},"o":{"x":[0.167],"y":[0.167]},"t":171,"s":[33.872]},{"i":{"x":[0.833],"y":[0.833]},"o":{"x":[0.167],"y":[0.167]},"t":189,"s":[-29]},{"t":215,"s":[0]}],"ix":10},"p":{"a":1,"k":[{"i":{"x":0,"y":0.944},"o":{"x":0,"y":0},"t":142,"s":[356,466,0],"to":[0,0,0],"ti":[-77,1,0]},{"i":{"x":1,"y":1},"o":{"x":1,"y":0.048},"t":178,"s":[448,78,0],"to":[97,-2,0],"ti":[0,0,0]},{"i":{"x":1,"y":1},"o":{"x":0.167,"y":0},"t":215,"s":[542,552,0],"to":[0,0,0],"ti":[0,0,0]},{"t":220,"s":[542,543,0]}],"ix":2,"l":2},"a":{"a":0,"k":[0,0,0],"ix":1,"l":2},"s":{"a":1,"k":[{"i":{"x":[0,0,0.667],"y":[1,1,1]},"o":{"x":[0,0,0.333],"y":[0,0,0]},"t":142,"s":[24,124,100]},{"i":{"x":[0,0,0.667],"y":[1,1,1]},"o":{"x":[0.311,0.311,0.333],"y":[0,0,0]},"t":165,"s":[65,65,100]},{"i":{"x":[0,0,0.667],"y":[1,1,1]},"o":{"x":[0.311,0.311,0.333],"y":[0.569,0.569,0]},"t":178,"s":[65,65,100]},{"i":{"x":[0.87,0.87,0.667],"y":[0.955,1.017,1.186]},"o":{"x":[0.311,0.311,0.333],"y":[0,0,0]},"t":194,"s":[65,65,100]},{"i":{"x":[0.999,0.999,0.667],"y":[1,1,1]},"o":{"x":[0.645,0.645,0.333],"y":[-0.019,0.004,-0.009]},"t":214,"s":[27.66,162.66,100]},{"i":{"x":[0.668,0.668,0.668],"y":[0.587,9.37,1]},"o":{"x":[0.157,0.157,0.157],"y":[0,0,0]},"t":215,"s":[50,50,100]},{"i":{"x":[0.833,0.833,0.833],"y":[1,1,1]},"o":{"x":[0.436,0.436,0.436],"y":[9.486,0.916,0]},"t":220,"s":[294.798,51.506,100]},{"t":229,"s":[320,19,100]}],"ix":6,"l":2}},"ao":0,"shapes":[{"ty":"gr","it":[{"d":1,"ty":"el","s":{"a":0,"k":[1080,1080],"ix":2},"p":{"a":0,"k":[0,0],"ix":3},"nm":"Ellipse Path 1","mn":"ADBE Vector Shape - Ellipse","hd":false},{"ty":"fl","c":{"a":0,"k":[0.345098039216,0.337254901961,1,1],"ix":4},"o":{"a":0,"k":100,"ix":5},"r":1,"bm":0,"nm":"Fill 1","mn":"ADBE Vector Graphic - Fill","hd":false},{"ty":"tr","p":{"a":0,"k":[0,0],"ix":2},"a":{"a":0,"k":[0,0],"ix":1},"s":{"a":0,"k":[13.056,13.056],"ix":3},"r":{"a":0,"k":0,"ix":6},"o":{"a":0,"k":100,"ix":7},"sk":{"a":0,"k":0,"ix":4},"sa":{"a":0,"k":0,"ix":5},"nm":"Transform"}],"nm":"Ellipse 1","np":3,"cix":2,"bm":0,"ix":1,"mn":"ADBE Vector Group","hd":false}],"ip":142,"op":220,"st":142,"ct":1,"bm":0},{"ddd":0,"ind":4,"ty":4,"nm":".boucheTrait.noclick","cl":"boucheTrait noclick","parent":6,"sr":1,"ks":{"o":{"a":0,"k":100,"ix":11},"r":{"a":0,"k":0,"ix":10},"p":{"a":0,"k":[209.571,230.674,0],"ix":2,"l":2},"a":{"a":0,"k":[0,0,0],"ix":1,"l":2},"s":{"a":0,"k":[89.286,89.286,100],"ix":6,"l":2}},"ao":0,"shapes":[{"ty":"gr","it":[{"ind":0,"ty":"sh","ix":1,"ks":{"a":1,"k":[{"i":{"x":0.833,"y":1},"o":{"x":0.333,"y":0},"t":112,"s":[{"i":[[0,0],[0,0],[0,0]],"o":[[0,0],[0,0],[0,0]],"v":[[-168,0],[-9.145,0],[166,0]],"c":false}]},{"t":168,"s":[{"i":[[0,0],[-73.999,1.581],[0,0]],"o":[[0,0],[73.999,-1.581],[0,0]],"v":[[-174.096,-9.707],[-3.481,19.134],[177.547,-11.567]],"c":false}]}],"ix":2},"nm":"Path 1","mn":"ADBE Vector Shape - Group","hd":false},{"ty":"st","c":{"a":0,"k":[0.576470588235,0,0.337254901961,1],"ix":3},"o":{"a":0,"k":100,"ix":4},"w":{"a":0,"k":20,"ix":5},"lc":1,"lj":1,"ml":4,"bm":0,"nm":"Stroke 1","mn":"ADBE Vector Graphic - Stroke","hd":false},{"ty":"tr","p":{"a":0,"k":[0,0],"ix":2},"a":{"a":0,"k":[0,0],"ix":1},"s":{"a":0,"k":[100,100],"ix":3},"r":{"a":0,"k":0,"ix":6},"o":{"a":0,"k":100,"ix":7},"sk":{"a":0,"k":0,"ix":4},"sa":{"a":0,"k":0,"ix":5},"nm":"Transform"}],"nm":"Shape 1","np":3,"cix":2,"bm":0,"ix":1,"mn":"ADBE Vector Group","hd":false}],"ip":69,"op":220,"st":-19,"ct":1,"bm":0},{"ddd":0,"ind":5,"ty":4,"nm":".Oeil.noclick","cl":"Oeil noclick","td":1,"sr":1,"ks":{"o":{"a":0,"k":100,"ix":11},"r":{"a":1,"k":[{"i":{"x":[0.667],"y":[1]},"o":{"x":[0.333],"y":[0]},"t":27,"s":[0]},{"i":{"x":[0.667],"y":[1]},"o":{"x":[0.333],"y":[0]},"t":30.957,"s":[10]},{"i":{"x":[0.667],"y":[1]},"o":{"x":[0.333],"y":[0]},"t":37.174,"s":[-10]},{"i":{"x":[0.667],"y":[1]},"o":{"x":[0.333],"y":[0]},"t":42.826,"s":[5]},{"i":{"x":[0.667],"y":[1]},"o":{"x":[0.333],"y":[0]},"t":46.217,"s":[-5]},{"i":{"x":[0.667],"y":[1]},"o":{"x":[0.333],"y":[0]},"t":49.043,"s":[3]},{"i":{"x":[0.667],"y":[1]},"o":{"x":[0.333],"y":[0]},"t":51.305,"s":[-2]},{"i":{"x":[0.833],"y":[1]},"o":{"x":[0.167],"y":[0]},"t":53,"s":[0]},{"i":{"x":[0.246],"y":[1]},"o":{"x":[0.828],"y":[0]},"t":113.773,"s":[0]},{"t":167,"s":[360]}],"ix":10},"p":{"a":1,"k":[{"i":{"x":0.254,"y":1},"o":{"x":0.756,"y":0},"t":114,"s":[540,543,0],"to":[0,0,0],"ti":[0,0,0]},{"i":{"x":0.254,"y":0.254},"o":{"x":1,"y":1},"t":167.227,"s":[540,459,0],"to":[0,0,0],"ti":[0,0,0]},{"i":{"x":1,"y":1},"o":{"x":1,"y":0},"t":176.227,"s":[540,459,0],"to":[0,0,0],"ti":[0,0,0]},{"t":213.2265625,"s":[540,543,0]}],"ix":2,"l":2},"a":{"a":0,"k":[209.571,233.352,0],"ix":1,"l":2},"s":{"a":1,"k":[{"i":{"x":[0,0,0.667],"y":[1,1,1]},"o":{"x":[0.333,0.333,0.333],"y":[0,0,0]},"t":16,"s":[112,112,100]},{"i":{"x":[0.667,0.667,0.667],"y":[1,1,1]},"o":{"x":[0.333,0.333,0.333],"y":[0,0,0]},"t":53.031,"s":[76,186,100]},{"i":{"x":[0.296,0.296,0.667],"y":[1,1,1]},"o":{"x":[0.336,0.336,0.333],"y":[0,0,0]},"t":65.125,"s":[76,186,100]},{"i":{"x":[0.833,0.833,0.833],"y":[1,1,1]},"o":{"x":[0.167,0.167,0.167],"y":[0,0,0]},"t":70,"s":[161,80,100]},{"i":{"x":[0.833,0.833,0.833],"y":[1,1,1]},"o":{"x":[0.167,0.167,0.167],"y":[0,0,0]},"t":75,"s":[85,184,100]},{"i":{"x":[0.833,0.833,0.833],"y":[1,1,1]},"o":{"x":[0.167,0.167,0.167],"y":[0,0,0]},"t":80,"s":[112,83,100]},{"i":{"x":[0.833,0.833,0.833],"y":[1,1,1]},"o":{"x":[0.167,0.167,0.167],"y":[0,0,0]},"t":84,"s":[112,112,100]},{"i":{"x":[0.833,0.833,0.833],"y":[1,1,1]},"o":{"x":[0.169,0.169,0.169],"y":[0,0,0]},"t":113.773,"s":[112,112,100]},{"i":{"x":[0.579,0.579,0.579],"y":[1,1,1]},"o":{"x":[0.169,0.169,0.169],"y":[0,0,0]},"t":130.068,"s":[112,112,100]},{"i":{"x":[0.835,0.835,0.835],"y":[1,1,1]},"o":{"x":[0.411,0.411,0.411],"y":[0,0,0]},"t":146.361,"s":[128,84,100]},{"i":{"x":[0.609,0.609,0.609],"y":[1,1,1]},"o":{"x":[0.16,0.16,0.16],"y":[0,0,0]},"t":173,"s":[112,112,100]},{"i":{"x":[0.731,0.731,0.731],"y":[1,1,1]},"o":{"x":[0.377,0.377,0.377],"y":[0,0,0]},"t":198,"s":[112,112,100]},{"i":{"x":[0.76,0.76,0.76],"y":[1,1,1]},"o":{"x":[0.417,0.417,0.417],"y":[0,0,0]},"t":207,"s":[54,150,100]},{"i":{"x":[0.833,0.833,0.833],"y":[1,1,1]},"o":{"x":[0.167,0.167,0.167],"y":[0,0,0]},"t":213,"s":[112,112,100]},{"i":{"x":[0.833,0.833,0.833],"y":[1,1,1]},"o":{"x":[0.167,0.167,0.167],"y":[0,0,0]},"t":214,"s":[149,50,100]},{"i":{"x":[0.833,0.833,0.833],"y":[1,1,1]},"o":{"x":[0.167,0.167,0.167],"y":[0,0,0]},"t":215,"s":[149,50,100]},{"t":221,"s":[93,2,100]}],"ix":6,"l":2}},"ao":0,"shapes":[{"ty":"gr","it":[{"ind":0,"ty":"sh","ix":1,"ks":{"a":1,"k":[{"i":{"x":0.667,"y":1},"o":{"x":0.333,"y":0},"t":16,"s":[{"i":[[30.792,0],[21.774,21.307],[0,0],[0,0],[-12.924,13.021],[-12.763,9.652],[-24.302,-0.368],[-14.403,-9.635],[-17.67,-16.851],[0,0],[0,0],[0,0]],"o":[[-30.792,0],[0,0],[0,0],[0,0],[11.808,-11.897],[14.16,-10.708],[24.146,0.366],[13.001,8.697],[15.812,15.292],[0,0],[0,0],[-21.773,21.307]],"v":[[0.136,100.813],[-81.379,67.772],[-151.305,-1.567],[-135.725,-16.894],[-103.594,-50.074],[-66.255,-84.652],[-2.294,-105.254],[63.338,-85.483],[104.723,-46.542],[137.519,-13.948],[148.899,-2.46],[81.651,67.772]],"c":true}]},{"i":{"x":0.667,"y":1},"o":{"x":0.333,"y":0},"t":53,"s":[{"i":[[30.792,0],[21.774,21.307],[0,0],[0,0],[-10.057,12.986],[-11.735,-0.572],[-24.286,-0.958],[-23.295,0.381],[-19.577,-24.911],[0,0],[0,0],[0,0]],"o":[[-30.792,0],[0,0],[0,0],[0,0],[21.663,-27.973],[21.096,1.028],[26.155,1.032],[12.126,-0.199],[13.437,16.497],[0,0],[0,0],[-21.773,21.307]],"v":[[0.136,100.813],[-81.379,67.772],[-150.412,0.219],[-136.171,-16.001],[-104.933,-54.092],[-54.647,-86.884],[-3.216,-64.522],[54.919,-86.884],[102.815,-56.24],[138.412,-13.501],[150.685,0.219],[81.651,67.772]],"c":true}]},{"i":{"x":0.117,"y":1},"o":{"x":0.333,"y":0},"t":112,"s":[{"i":[[30.792,0],[21.774,21.307],[0,0],[0,0],[-10.057,12.986],[-11.735,-0.572],[-24.286,-0.958],[-23.295,0.381],[-19.577,-24.911],[0,0],[0,0],[0,0]],"o":[[-30.792,0],[0,0],[0,0],[0,0],[21.663,-27.973],[21.096,1.028],[26.155,1.032],[12.126,-0.199],[13.437,16.497],[0,0],[0,0],[-21.773,21.307]],"v":[[0.136,100.813],[-81.379,67.772],[-150.412,0.219],[-136.171,-16.001],[-104.933,-54.092],[-54.647,-86.884],[-3.216,-64.522],[54.919,-86.884],[102.815,-56.24],[138.412,-13.501],[150.685,0.219],[81.651,67.772]],"c":true}]},{"t":167,"s":[{"i":[[30.792,0],[21.774,21.307],[0,0],[0,0],[-11.808,13.021],[-11.735,-0.572],[-24.286,-0.958],[-23.295,0.381],[-19.577,-24.911],[0,0],[0,0],[0,0]],"o":[[-30.792,0],[0,0],[0,0],[0,0],[23.767,-26.209],[21.096,1.028],[26.155,1.032],[12.126,-0.199],[13.257,15.838],[0,0],[0,0],[-21.773,21.307]],"v":[[0.136,100.813],[-81.379,67.772],[-160.904,-14.513],[-142.421,-24.706],[-104.933,-54.092],[-54.647,-86.884],[-3.216,-64.522],[54.919,-86.884],[106.832,-57.356],[143.099,-26.224],[163.408,-17.415],[81.651,67.772]],"c":true}]}],"ix":2},"nm":"Path 1","mn":"ADBE Vector Shape - Group","hd":false},{"ty":"fl","c":{"a":0,"k":[1,0,0,1],"ix":4},"o":{"a":0,"k":100,"ix":5},"r":1,"bm":0,"nm":"Fill 1","mn":"ADBE Vector Graphic - Fill","hd":false},{"ty":"st","c":{"a":0,"k":[1,1,1,1],"ix":3},"o":{"a":0,"k":100,"ix":4},"w":{"a":0,"k":2,"ix":5},"lc":1,"lj":1,"ml":4,"bm":0,"nm":"Stroke 2","mn":"ADBE Vector Graphic - Stroke","hd":false},{"ty":"tr","p":{"a":0,"k":[209.571,233.352],"ix":2},"a":{"a":0,"k":[0,0],"ix":1},"s":{"a":0,"k":[100,100],"ix":3},"r":{"a":0,"k":0,"ix":6},"o":{"a":0,"k":100,"ix":7},"sk":{"a":0,"k":0,"ix":4},"sa":{"a":0,"k":0,"ix":5},"nm":"Transform"}],"nm":"Group 1","np":4,"cix":2,"bm":0,"ix":1,"mn":"ADBE Vector Group","hd":false}],"ip":0,"op":220,"st":0,"ct":1,"bm":0},{"ddd":0,"ind":6,"ty":4,"nm":".Oeil.noclick","cl":"Oeil noclick","sr":1,"ks":{"o":{"a":0,"k":100,"ix":11},"r":{"a":1,"k":[{"i":{"x":[0.667],"y":[1]},"o":{"x":[0.333],"y":[0]},"t":27,"s":[0]},{"i":{"x":[0.667],"y":[1]},"o":{"x":[0.333],"y":[0]},"t":30.957,"s":[10]},{"i":{"x":[0.667],"y":[1]},"o":{"x":[0.333],"y":[0]},"t":37.174,"s":[-10]},{"i":{"x":[0.667],"y":[1]},"o":{"x":[0.333],"y":[0]},"t":42.826,"s":[5]},{"i":{"x":[0.667],"y":[1]},"o":{"x":[0.333],"y":[0]},"t":46.217,"s":[-5]},{"i":{"x":[0.667],"y":[1]},"o":{"x":[0.333],"y":[0]},"t":49.043,"s":[3]},{"i":{"x":[0.667],"y":[1]},"o":{"x":[0.333],"y":[0]},"t":51.305,"s":[-2]},{"i":{"x":[0.833],"y":[1]},"o":{"x":[0.167],"y":[0]},"t":53,"s":[0]},{"i":{"x":[0.246],"y":[1]},"o":{"x":[0.828],"y":[0]},"t":113.773,"s":[0]},{"t":167,"s":[360]}],"ix":10},"p":{"a":1,"k":[{"i":{"x":0.254,"y":1},"o":{"x":0.756,"y":0},"t":113.773,"s":[540,543,0],"to":[0,0,0],"ti":[0,0,0]},{"i":{"x":0.254,"y":0.254},"o":{"x":1,"y":1},"t":167,"s":[540,459,0],"to":[0,0,0],"ti":[0,0,0]},{"i":{"x":1,"y":1},"o":{"x":1,"y":0},"t":176,"s":[540,459,0],"to":[0,0,0],"ti":[0,0,0]},{"t":213,"s":[540,543,0]}],"ix":2,"l":2},"a":{"a":0,"k":[209.571,233.352,0],"ix":1,"l":2},"s":{"a":1,"k":[{"i":{"x":[0,0,0.667],"y":[1,1,1]},"o":{"x":[0.333,0.333,0.333],"y":[0,0,0]},"t":16,"s":[112,112,100]},{"i":{"x":[0.667,0.667,0.667],"y":[1,1,1]},"o":{"x":[0.333,0.333,0.333],"y":[0,0,0]},"t":53.031,"s":[76,186,100]},{"i":{"x":[0.296,0.296,0.667],"y":[1,1,1]},"o":{"x":[0.336,0.336,0.333],"y":[0,0,0]},"t":65.125,"s":[76,186,100]},{"i":{"x":[0.833,0.833,0.833],"y":[1,1,1]},"o":{"x":[0.167,0.167,0.167],"y":[0,0,0]},"t":70,"s":[161,80,100]},{"i":{"x":[0.833,0.833,0.833],"y":[1,1,1]},"o":{"x":[0.167,0.167,0.167],"y":[0,0,0]},"t":75,"s":[85,184,100]},{"i":{"x":[0.833,0.833,0.833],"y":[1,1,1]},"o":{"x":[0.167,0.167,0.167],"y":[0,0,0]},"t":80,"s":[112,83,100]},{"i":{"x":[0.833,0.833,0.833],"y":[1,1,1]},"o":{"x":[0.167,0.167,0.167],"y":[0,0,0]},"t":84,"s":[112,112,100]},{"i":{"x":[0.833,0.833,0.833],"y":[1,1,1]},"o":{"x":[0.169,0.169,0.169],"y":[0,0,0]},"t":113.773,"s":[112,112,100]},{"i":{"x":[0.579,0.579,0.579],"y":[1,1,1]},"o":{"x":[0.169,0.169,0.169],"y":[0,0,0]},"t":130.068,"s":[112,112,100]},{"i":{"x":[0.835,0.835,0.835],"y":[1,1,1]},"o":{"x":[0.411,0.411,0.411],"y":[0,0,0]},"t":146.361,"s":[128,84,100]},{"i":{"x":[0.609,0.609,0.609],"y":[1,1,1]},"o":{"x":[0.16,0.16,0.16],"y":[0,0,0]},"t":173,"s":[112,112,100]},{"i":{"x":[0.731,0.731,0.731],"y":[1,1,1]},"o":{"x":[0.377,0.377,0.377],"y":[0,0,0]},"t":198,"s":[112,112,100]},{"i":{"x":[0.76,0.76,0.76],"y":[1,1,1]},"o":{"x":[0.417,0.417,0.417],"y":[0,0,0]},"t":207,"s":[54,150,100]},{"i":{"x":[0.833,0.833,0.833],"y":[1,1,1]},"o":{"x":[0.167,0.167,0.167],"y":[0,0,0]},"t":213,"s":[112,112,100]},{"i":{"x":[0.833,0.833,0.833],"y":[1,1,1]},"o":{"x":[0.167,0.167,0.167],"y":[0,0,0]},"t":214,"s":[149,50,100]},{"i":{"x":[0.833,0.833,0.833],"y":[1,1,1]},"o":{"x":[0.167,0.167,0.167],"y":[0,0,0]},"t":215,"s":[149,50,100]},{"t":221,"s":[93,2,100]}],"ix":6,"l":2}},"ao":0,"shapes":[{"ty":"gr","it":[{"ind":0,"ty":"sh","ix":1,"ks":{"a":1,"k":[{"i":{"x":0.667,"y":1},"o":{"x":0.333,"y":0},"t":16,"s":[{"i":[[30.792,0],[21.774,21.307],[0,0],[0,0],[-12.924,13.021],[-12.763,9.652],[-24.302,-0.368],[-14.403,-9.635],[-17.67,-16.851],[0,0],[0,0],[0,0]],"o":[[-30.792,0],[0,0],[0,0],[0,0],[11.808,-11.897],[14.16,-10.708],[24.146,0.366],[13.001,8.697],[15.812,15.292],[0,0],[0,0],[-21.773,21.307]],"v":[[0.136,100.813],[-81.379,67.772],[-151.305,-1.567],[-135.725,-16.894],[-103.594,-50.074],[-66.255,-84.652],[-2.294,-105.254],[63.338,-85.483],[104.723,-46.542],[137.519,-13.948],[148.899,-2.46],[81.651,67.772]],"c":true}]},{"i":{"x":0.667,"y":1},"o":{"x":0.333,"y":0},"t":53,"s":[{"i":[[30.792,0],[21.774,21.307],[0,0],[0,0],[-10.057,12.986],[-11.735,-0.572],[-24.286,-0.958],[-23.295,0.381],[-19.577,-24.911],[0,0],[0,0],[0,0]],"o":[[-30.792,0],[0,0],[0,0],[0,0],[21.663,-27.973],[21.096,1.028],[26.155,1.032],[12.126,-0.199],[13.437,16.497],[0,0],[0,0],[-21.773,21.307]],"v":[[0.136,100.813],[-81.379,67.772],[-150.412,0.219],[-136.171,-16.001],[-104.933,-54.092],[-54.647,-86.884],[-3.216,-64.522],[54.919,-86.884],[102.815,-56.24],[138.412,-13.501],[150.685,0.219],[81.651,67.772]],"c":true}]},{"i":{"x":0.117,"y":1},"o":{"x":0.333,"y":0},"t":112,"s":[{"i":[[30.792,0],[21.774,21.307],[0,0],[0,0],[-10.057,12.986],[-11.735,-0.572],[-24.286,-0.958],[-23.295,0.381],[-19.577,-24.911],[0,0],[0,0],[0,0]],"o":[[-30.792,0],[0,0],[0,0],[0,0],[21.663,-27.973],[21.096,1.028],[26.155,1.032],[12.126,-0.199],[13.437,16.497],[0,0],[0,0],[-21.773,21.307]],"v":[[0.136,100.813],[-81.379,67.772],[-150.412,0.219],[-136.171,-16.001],[-104.933,-54.092],[-54.647,-86.884],[-3.216,-64.522],[54.919,-86.884],[102.815,-56.24],[138.412,-13.501],[150.685,0.219],[81.651,67.772]],"c":true}]},{"t":167,"s":[{"i":[[30.792,0],[21.774,21.307],[0,0],[0,0],[-11.808,13.021],[-11.735,-0.572],[-24.286,-0.958],[-23.295,0.381],[-19.577,-24.911],[0,0],[0,0],[0,0]],"o":[[-30.792,0],[0,0],[0,0],[0,0],[23.767,-26.209],[21.096,1.028],[26.155,1.032],[12.126,-0.199],[13.257,15.838],[0,0],[0,0],[-21.773,21.307]],"v":[[0.136,100.813],[-81.379,67.772],[-160.904,-14.513],[-142.421,-24.706],[-104.933,-54.092],[-54.647,-86.884],[-3.216,-64.522],[54.919,-86.884],[106.833,-57.356],[143.099,-26.224],[163.408,-17.415],[81.651,67.772]],"c":true}]}],"ix":2},"nm":"Path 1","mn":"ADBE Vector Shape - Group","hd":false},{"ty":"st","c":{"a":1,"k":[{"i":{"x":[0.833],"y":[0.833]},"o":{"x":[0.167],"y":[0.167]},"t":67,"s":[0.345098039216,0.337254901961,1,1]},{"t":68,"s":[0.57758885622,0,0.337846934795,1]}],"ix":3},"o":{"a":0,"k":100,"ix":4},"w":{"a":0,"k":20,"ix":5},"lc":1,"lj":1,"ml":10,"bm":0,"nm":"Stroke 1","mn":"ADBE Vector Graphic - Stroke","hd":false},{"ty":"tr","p":{"a":0,"k":[209.571,233.352],"ix":2},"a":{"a":0,"k":[0,0],"ix":1},"s":{"a":0,"k":[100,100],"ix":3},"r":{"a":0,"k":0,"ix":6},"o":{"a":0,"k":100,"ix":7},"sk":{"a":0,"k":0,"ix":4},"sa":{"a":0,"k":0,"ix":5},"nm":"Transform"}],"nm":"Group 1","np":2,"cix":2,"bm":0,"ix":1,"mn":"ADBE Vector Group","hd":false}],"ip":0,"op":220,"st":0,"ct":1,"bm":0},{"ddd":0,"ind":7,"ty":0,"nm":".coeurs.noclick","cl":"coeurs noclick","refId":"comp_0","sr":1,"ks":{"o":{"a":0,"k":100,"ix":11},"r":{"a":0,"k":-23,"ix":10},"p":{"a":0,"k":[342,490,0],"ix":2,"l":2},"a":{"a":0,"k":[150,150,0],"ix":1,"l":2},"s":{"a":0,"k":[128,128,100],"ix":6,"l":2}},"ao":0,"w":300,"h":300,"ip":71,"op":157,"st":71,"bm":0},{"ddd":0,"ind":8,"ty":4,"nm":".FillLevres.noclick","cl":"FillLevres noclick","tt":1,"tp":5,"sr":1,"ks":{"o":{"a":0,"k":100,"ix":11},"r":{"a":0,"k":0,"ix":10},"p":{"a":1,"k":[{"i":{"x":0.096,"y":1},"o":{"x":0.333,"y":0},"t":65,"s":[540.59,1058.252,0],"to":[0,0,0],"ti":[0,0,0]},{"t":81,"s":[540.59,732.252,0]}],"ix":2,"l":2},"a":{"a":0,"k":[0.59,357.191,0],"ix":1,"l":2},"s":{"a":1,"k":[{"i":{"x":[0.833,0.833,0.833],"y":[0.833,0.833,0.833]},"o":{"x":[0.167,0.167,0.167],"y":[0.167,0.167,0.167]},"t":83,"s":[100,174.207,100]},{"t":85,"s":[140.877,245.418,100]}],"ix":6,"l":2}},"ao":0,"ef":[{"ty":5,"nm":"Wave Warp","np":10,"mn":"ADBE Wave Warp","ix":1,"en":1,"ef":[{"ty":7,"nm":"Wave Type","mn":"ADBE Wave Warp-0001","ix":1,"v":{"a":0,"k":1,"ix":1}},{"ty":0,"nm":"Wave Height","mn":"ADBE Wave Warp-0002","ix":2,"v":{"a":0,"k":14,"ix":2}},{"ty":0,"nm":"Wave Width","mn":"ADBE Wave Warp-0003","ix":3,"v":{"a":0,"k":40.7,"ix":3}},{"ty":0,"nm":"Direction","mn":"ADBE Wave Warp-0004","ix":4,"v":{"a":0,"k":60,"ix":4}},{"ty":7,"nm":"Wave Speed","mn":"ADBE Wave Warp-0005","ix":5,"v":{"a":0,"k":1.02,"ix":5}},{"ty":7,"nm":"Pinning","mn":"ADBE Wave Warp-0006","ix":6,"v":{"a":0,"k":1,"ix":6}},{"ty":0,"nm":"Phase","mn":"ADBE Wave Warp-0007","ix":7,"v":{"a":0,"k":179,"ix":7}},{"ty":7,"nm":"Antialiasing (Best Quality)","mn":"ADBE Wave Warp-0008","ix":8,"v":{"a":0,"k":1,"ix":8}}]}],"shapes":[{"ty":"gr","it":[{"ty":"rc","d":1,"s":{"a":0,"k":[545.18,215.156],"ix":2},"p":{"a":0,"k":[0,0],"ix":3},"r":{"a":0,"k":0,"ix":4},"nm":"Rectangle Path 1","mn":"ADBE Vector Shape - Rect","hd":false},{"ty":"fl","c":{"a":0,"k":[0.917647058824,0.290196078431,0.407843137255,1],"ix":4},"o":{"a":0,"k":100,"ix":5},"r":1,"bm":0,"nm":"Fill 1","mn":"ADBE Vector Graphic - Fill","hd":false},{"ty":"tr","p":{"a":0,"k":[0.59,250.422],"ix":2},"a":{"a":0,"k":[0,0],"ix":1},"s":{"a":0,"k":[100,100],"ix":3},"r":{"a":0,"k":0,"ix":6},"o":{"a":0,"k":100,"ix":7},"sk":{"a":0,"k":0,"ix":4},"sa":{"a":0,"k":0,"ix":5},"nm":"Transform"}],"nm":"Rectangle 1","np":3,"cix":2,"bm":0,"ix":1,"mn":"ADBE Vector Group","hd":false}],"ip":65,"op":220,"st":65,"ct":1,"bm":0},{"ddd":0,"ind":9,"ty":4,"nm":".cilles.noclick ","cl":"cilles noclick","parent":2,"sr":1,"ks":{"o":{"a":0,"k":100,"ix":11},"r":{"a":0,"k":0,"ix":10},"p":{"a":0,"k":[540,815.559,0],"ix":2,"l":2},"a":{"a":0,"k":[531.714,887.699,0],"ix":1,"l":2},"s":{"a":0,"k":[171.667,171.667,100],"ix":6,"l":2}},"ao":0,"shapes":[{"ty":"gr","it":[{"ind":0,"ty":"sh","ix":1,"ks":{"a":0,"k":{"i":[[0,0],[0,0]],"o":[[0,0],[0,0]],"v":[[13.971,-13.971],[-13.971,13.971]],"c":false},"ix":2},"nm":"Path 1","mn":"ADBE Vector Shape - Group","hd":false},{"ty":"tm","s":{"a":0,"k":0,"ix":1},"e":{"a":1,"k":[{"i":{"x":[0.256],"y":[1]},"o":{"x":[0.243],"y":[0]},"t":256,"s":[0]},{"t":269,"s":[100]}],"ix":2},"o":{"a":0,"k":0,"ix":3},"m":1,"ix":2,"nm":"Trim Paths 1","mn":"ADBE Vector Filter - Trim","hd":false},{"ty":"st","c":{"a":0,"k":[0.345098039216,0.337254901961,1,1],"ix":3},"o":{"a":0,"k":100,"ix":4},"w":{"a":0,"k":23,"ix":5},"lc":1,"lj":1,"ml":10,"bm":0,"nm":"Stroke 1","mn":"ADBE Vector Graphic - Stroke","hd":false},{"ty":"fl","c":{"a":0,"k":[0.345098039216,0.337254901961,1,1],"ix":4},"o":{"a":0,"k":100,"ix":5},"r":1,"bm":0,"nm":"Fill 1","mn":"ADBE Vector Graphic - Fill","hd":false},{"ty":"tr","p":{"a":0,"k":[389.936,951.511],"ix":2},"a":{"a":0,"k":[0,0],"ix":1},"s":{"a":0,"k":[100,100],"ix":3},"r":{"a":0,"k":0,"ix":6},"o":{"a":0,"k":100,"ix":7},"sk":{"a":0,"k":0,"ix":4},"sa":{"a":0,"k":0,"ix":5},"nm":"Transform"}],"nm":"Group 1","np":4,"cix":2,"bm":0,"ix":1,"mn":"ADBE Vector Group","hd":false},{"ty":"gr","it":[{"ind":0,"ty":"sh","ix":1,"ks":{"a":0,"k":{"i":[[0,0],[0,0]],"o":[[0,0],[0,0]],"v":[[-13.971,-13.971],[13.971,13.971]],"c":false},"ix":2},"nm":"Path 1","mn":"ADBE Vector Shape - Group","hd":false},{"ty":"tm","s":{"a":0,"k":0,"ix":1},"e":{"a":1,"k":[{"i":{"x":[0.256],"y":[1]},"o":{"x":[0.243],"y":[0]},"t":256,"s":[0]},{"t":269,"s":[100]}],"ix":2},"o":{"a":0,"k":0,"ix":3},"m":1,"ix":2,"nm":"Trim Paths 1","mn":"ADBE Vector Filter - Trim","hd":false},{"ty":"st","c":{"a":0,"k":[0.345098039216,0.337254901961,1,1],"ix":3},"o":{"a":0,"k":100,"ix":4},"w":{"a":0,"k":23,"ix":5},"lc":1,"lj":1,"ml":10,"bm":0,"nm":"Stroke 1","mn":"ADBE Vector Graphic - Stroke","hd":false},{"ty":"fl","c":{"a":0,"k":[0.345098039216,0.337254901961,1,1],"ix":4},"o":{"a":0,"k":100,"ix":5},"r":1,"bm":0,"nm":"Fill 1","mn":"ADBE Vector Graphic - Fill","hd":false},{"ty":"tr","p":{"a":0,"k":[673.492,951.511],"ix":2},"a":{"a":0,"k":[0,0],"ix":1},"s":{"a":0,"k":[100,100],"ix":3},"r":{"a":0,"k":0,"ix":6},"o":{"a":0,"k":100,"ix":7},"sk":{"a":0,"k":0,"ix":4},"sa":{"a":0,"k":0,"ix":5},"nm":"Transform"}],"nm":"Group 2","np":4,"cix":2,"bm":0,"ix":2,"mn":"ADBE Vector Group","hd":false},{"ty":"gr","it":[{"ind":0,"ty":"sh","ix":1,"ks":{"a":0,"k":{"i":[[0,0],[0,0]],"o":[[0,0],[0,0]],"v":[[-9.168,-17.502],[9.167,17.502]],"c":false},"ix":2},"nm":"Path 1","mn":"ADBE Vector Shape - Group","hd":false},{"ty":"tm","s":{"a":0,"k":0,"ix":1},"e":{"a":1,"k":[{"i":{"x":[0.256],"y":[1]},"o":{"x":[0.243],"y":[0]},"t":253,"s":[0]},{"t":266,"s":[100]}],"ix":2},"o":{"a":0,"k":0,"ix":3},"m":1,"ix":2,"nm":"Trim Paths 1","mn":"ADBE Vector Filter - Trim","hd":false},{"ty":"st","c":{"a":0,"k":[0.345098039216,0.337254901961,1,1],"ix":3},"o":{"a":0,"k":100,"ix":4},"w":{"a":0,"k":23,"ix":5},"lc":1,"lj":1,"ml":10,"bm":0,"nm":"Stroke 1","mn":"ADBE Vector Graphic - Stroke","hd":false},{"ty":"fl","c":{"a":0,"k":[0.345098039216,0.337254901961,1,1],"ix":4},"o":{"a":0,"k":100,"ix":5},"r":1,"bm":0,"nm":"Fill 1","mn":"ADBE Vector Graphic - Fill","hd":false},{"ty":"tr","p":{"a":0,"k":[606.303,1007.959],"ix":2},"a":{"a":0,"k":[0,0],"ix":1},"s":{"a":0,"k":[100,100],"ix":3},"r":{"a":0,"k":0,"ix":6},"o":{"a":0,"k":100,"ix":7},"sk":{"a":0,"k":0,"ix":4},"sa":{"a":0,"k":0,"ix":5},"nm":"Transform"}],"nm":"Group 3","np":4,"cix":2,"bm":0,"ix":3,"mn":"ADBE Vector Group","hd":false},{"ty":"gr","it":[{"ind":0,"ty":"sh","ix":1,"ks":{"a":0,"k":{"i":[[0,0],[0,0]],"o":[[0,0],[0,0]],"v":[[9.168,-17.502],[-9.167,17.502]],"c":false},"ix":2},"nm":"Path 1","mn":"ADBE Vector Shape - Group","hd":false},{"ty":"st","c":{"a":0,"k":[0.345098039216,0.337254901961,1,1],"ix":3},"o":{"a":0,"k":100,"ix":4},"w":{"a":0,"k":23,"ix":5},"lc":1,"lj":1,"ml":10,"bm":0,"nm":"Stroke 1","mn":"ADBE Vector Graphic - Stroke","hd":false},{"ty":"fl","c":{"a":0,"k":[0.345098039216,0.337254901961,1,1],"ix":4},"o":{"a":0,"k":100,"ix":5},"r":1,"bm":0,"nm":"Fill 1","mn":"ADBE Vector Graphic - Fill","hd":false},{"ty":"tm","s":{"a":0,"k":0,"ix":1},"e":{"a":1,"k":[{"i":{"x":[0.256],"y":[1]},"o":{"x":[0.243],"y":[0]},"t":253,"s":[0]},{"t":266,"s":[100]}],"ix":2},"o":{"a":0,"k":0,"ix":3},"m":1,"ix":4,"nm":"Trim Paths 2","mn":"ADBE Vector Filter - Trim","hd":false},{"ty":"tr","p":{"a":0,"k":[457.239,1007.988],"ix":2},"a":{"a":0,"k":[0,0],"ix":1},"s":{"a":0,"k":[100,100],"ix":3},"r":{"a":0,"k":0,"ix":6},"o":{"a":0,"k":100,"ix":7},"sk":{"a":0,"k":0,"ix":4},"sa":{"a":0,"k":0,"ix":5},"nm":"Transform"}],"nm":"Group 4","np":4,"cix":2,"bm":0,"ix":4,"mn":"ADBE Vector Group","hd":false},{"ty":"gr","it":[{"ind":0,"ty":"sh","ix":1,"ks":{"a":0,"k":{"i":[[0,0],[0,0]],"o":[[0,0],[0,0]],"v":[[531.989,1006.424],[531.989,1045.938]],"c":false},"ix":2},"nm":"Path 1","mn":"ADBE Vector Shape - Group","hd":false},{"ty":"st","c":{"a":0,"k":[0.345098039216,0.337254901961,1,1],"ix":3},"o":{"a":0,"k":100,"ix":4},"w":{"a":0,"k":23,"ix":5},"lc":1,"lj":1,"ml":10,"bm":0,"nm":"Stroke 1","mn":"ADBE Vector Graphic - Stroke","hd":false},{"ty":"tm","s":{"a":0,"k":0,"ix":1},"e":{"a":1,"k":[{"i":{"x":[0.256],"y":[1]},"o":{"x":[0.243],"y":[0]},"t":250,"s":[0]},{"t":263,"s":[100]}],"ix":2},"o":{"a":0,"k":0,"ix":3},"m":1,"ix":3,"nm":"Trim Paths 2","mn":"ADBE Vector Filter - Trim","hd":false},{"ty":"tr","p":{"a":0,"k":[0,0],"ix":2},"a":{"a":0,"k":[0,0],"ix":1},"s":{"a":0,"k":[100,100],"ix":3},"r":{"a":0,"k":0,"ix":6},"o":{"a":0,"k":100,"ix":7},"sk":{"a":0,"k":0,"ix":4},"sa":{"a":0,"k":0,"ix":5},"nm":"Transform"}],"nm":"Group 5","np":3,"cix":2,"bm":0,"ix":5,"mn":"ADBE Vector Group","hd":false}],"ip":0,"op":338,"st":0,"ct":1,"bm":0},{"ddd":0,"ind":10,"ty":4,"nm":".cilles.noclick","cl":"cilles noclick","parent":6,"sr":1,"ks":{"o":{"a":0,"k":100,"ix":11},"r":{"a":0,"k":0,"ix":10},"p":{"a":0,"k":[209.571,230.674,0],"ix":2,"l":2},"a":{"a":0,"k":[531.714,887.699,0],"ix":1,"l":2},"s":{"a":0,"k":[91.964,91.964,100],"ix":6,"l":2}},"ao":0,"shapes":[{"ty":"gr","it":[{"ind":0,"ty":"sh","ix":1,"ks":{"a":0,"k":{"i":[[0,0],[0,0]],"o":[[0,0],[0,0]],"v":[[13.971,-13.971],[-13.971,13.971]],"c":false},"ix":2},"nm":"Path 1","mn":"ADBE Vector Shape - Group","hd":false},{"ty":"tm","s":{"a":0,"k":0,"ix":1},"e":{"a":1,"k":[{"i":{"x":[0.757],"y":[1]},"o":{"x":[0.744],"y":[0]},"t":16,"s":[100]},{"i":{"x":[0.757],"y":[1]},"o":{"x":[0.333],"y":[0]},"t":29,"s":[0]},{"i":{"x":[0.256],"y":[1]},"o":{"x":[0.243],"y":[0]},"t":233,"s":[0]},{"t":246,"s":[100]}],"ix":2},"o":{"a":0,"k":0,"ix":3},"m":1,"ix":2,"nm":"Trim Paths 1","mn":"ADBE Vector Filter - Trim","hd":false},{"ty":"st","c":{"a":0,"k":[0.345098039216,0.337254901961,1,1],"ix":3},"o":{"a":0,"k":100,"ix":4},"w":{"a":0,"k":23,"ix":5},"lc":1,"lj":1,"ml":10,"bm":0,"nm":"Stroke 1","mn":"ADBE Vector Graphic - Stroke","hd":false},{"ty":"fl","c":{"a":0,"k":[0.345098039216,0.337254901961,1,1],"ix":4},"o":{"a":0,"k":100,"ix":5},"r":1,"bm":0,"nm":"Fill 1","mn":"ADBE Vector Graphic - Fill","hd":false},{"ty":"tr","p":{"a":0,"k":[389.936,951.511],"ix":2},"a":{"a":0,"k":[0,0],"ix":1},"s":{"a":0,"k":[100,100],"ix":3},"r":{"a":0,"k":0,"ix":6},"o":{"a":0,"k":100,"ix":7},"sk":{"a":0,"k":0,"ix":4},"sa":{"a":0,"k":0,"ix":5},"nm":"Transform"}],"nm":"Group 1","np":4,"cix":2,"bm":0,"ix":1,"mn":"ADBE Vector Group","hd":false},{"ty":"gr","it":[{"ind":0,"ty":"sh","ix":1,"ks":{"a":0,"k":{"i":[[0,0],[0,0]],"o":[[0,0],[0,0]],"v":[[-13.971,-13.971],[13.971,13.971]],"c":false},"ix":2},"nm":"Path 1","mn":"ADBE Vector Shape - Group","hd":false},{"ty":"tm","s":{"a":0,"k":0,"ix":1},"e":{"a":1,"k":[{"i":{"x":[0.757],"y":[1]},"o":{"x":[0.744],"y":[0]},"t":16,"s":[100]},{"i":{"x":[0.757],"y":[1]},"o":{"x":[0.333],"y":[0]},"t":29,"s":[0]},{"i":{"x":[0.256],"y":[1]},"o":{"x":[0.243],"y":[0]},"t":233,"s":[0]},{"t":246,"s":[100]}],"ix":2},"o":{"a":0,"k":0,"ix":3},"m":1,"ix":2,"nm":"Trim Paths 1","mn":"ADBE Vector Filter - Trim","hd":false},{"ty":"st","c":{"a":0,"k":[0.345098039216,0.337254901961,1,1],"ix":3},"o":{"a":0,"k":100,"ix":4},"w":{"a":0,"k":23,"ix":5},"lc":1,"lj":1,"ml":10,"bm":0,"nm":"Stroke 1","mn":"ADBE Vector Graphic - Stroke","hd":false},{"ty":"fl","c":{"a":0,"k":[0.345098039216,0.337254901961,1,1],"ix":4},"o":{"a":0,"k":100,"ix":5},"r":1,"bm":0,"nm":"Fill 1","mn":"ADBE Vector Graphic - Fill","hd":false},{"ty":"tr","p":{"a":0,"k":[673.492,951.511],"ix":2},"a":{"a":0,"k":[0,0],"ix":1},"s":{"a":0,"k":[100,100],"ix":3},"r":{"a":0,"k":0,"ix":6},"o":{"a":0,"k":100,"ix":7},"sk":{"a":0,"k":0,"ix":4},"sa":{"a":0,"k":0,"ix":5},"nm":"Transform"}],"nm":"Group 2","np":4,"cix":2,"bm":0,"ix":2,"mn":"ADBE Vector Group","hd":false},{"ty":"gr","it":[{"ind":0,"ty":"sh","ix":1,"ks":{"a":0,"k":{"i":[[0,0],[0,0]],"o":[[0,0],[0,0]],"v":[[-9.168,-17.502],[9.167,17.502]],"c":false},"ix":2},"nm":"Path 1","mn":"ADBE Vector Shape - Group","hd":false},{"ty":"tm","s":{"a":0,"k":0,"ix":1},"e":{"a":1,"k":[{"i":{"x":[0.757],"y":[1]},"o":{"x":[0.744],"y":[0]},"t":19,"s":[100]},{"i":{"x":[0.757],"y":[1]},"o":{"x":[0.167],"y":[0]},"t":32,"s":[0]},{"i":{"x":[0.256],"y":[1]},"o":{"x":[0.243],"y":[0]},"t":230,"s":[0]},{"t":243,"s":[100]}],"ix":2},"o":{"a":0,"k":0,"ix":3},"m":1,"ix":2,"nm":"Trim Paths 1","mn":"ADBE Vector Filter - Trim","hd":false},{"ty":"st","c":{"a":0,"k":[0.345098039216,0.337254901961,1,1],"ix":3},"o":{"a":0,"k":100,"ix":4},"w":{"a":0,"k":23,"ix":5},"lc":1,"lj":1,"ml":10,"bm":0,"nm":"Stroke 1","mn":"ADBE Vector Graphic - Stroke","hd":false},{"ty":"fl","c":{"a":0,"k":[0.345098039216,0.337254901961,1,1],"ix":4},"o":{"a":0,"k":100,"ix":5},"r":1,"bm":0,"nm":"Fill 1","mn":"ADBE Vector Graphic - Fill","hd":false},{"ty":"tr","p":{"a":0,"k":[606.303,1007.959],"ix":2},"a":{"a":0,"k":[0,0],"ix":1},"s":{"a":0,"k":[100,100],"ix":3},"r":{"a":0,"k":0,"ix":6},"o":{"a":0,"k":100,"ix":7},"sk":{"a":0,"k":0,"ix":4},"sa":{"a":0,"k":0,"ix":5},"nm":"Transform"}],"nm":"Group 3","np":4,"cix":2,"bm":0,"ix":3,"mn":"ADBE Vector Group","hd":false},{"ty":"gr","it":[{"ind":0,"ty":"sh","ix":1,"ks":{"a":0,"k":{"i":[[0,0],[0,0]],"o":[[0,0],[0,0]],"v":[[9.168,-17.502],[-9.167,17.502]],"c":false},"ix":2},"nm":"Path 1","mn":"ADBE Vector Shape - Group","hd":false},{"ty":"st","c":{"a":0,"k":[0.345098039216,0.337254901961,1,1],"ix":3},"o":{"a":0,"k":100,"ix":4},"w":{"a":0,"k":23,"ix":5},"lc":1,"lj":1,"ml":10,"bm":0,"nm":"Stroke 1","mn":"ADBE Vector Graphic - Stroke","hd":false},{"ty":"fl","c":{"a":0,"k":[0.345098039216,0.337254901961,1,1],"ix":4},"o":{"a":0,"k":100,"ix":5},"r":1,"bm":0,"nm":"Fill 1","mn":"ADBE Vector Graphic - Fill","hd":false},{"ty":"tm","s":{"a":0,"k":0,"ix":1},"e":{"a":1,"k":[{"i":{"x":[0.757],"y":[1]},"o":{"x":[0.744],"y":[0]},"t":19,"s":[100]},{"i":{"x":[0.757],"y":[1]},"o":{"x":[0.167],"y":[0]},"t":32,"s":[0]},{"i":{"x":[0.256],"y":[1]},"o":{"x":[0.243],"y":[0]},"t":230,"s":[0]},{"t":243,"s":[100]}],"ix":2},"o":{"a":0,"k":0,"ix":3},"m":1,"ix":4,"nm":"Trim Paths 2","mn":"ADBE Vector Filter - Trim","hd":false},{"ty":"tr","p":{"a":0,"k":[457.239,1007.988],"ix":2},"a":{"a":0,"k":[0,0],"ix":1},"s":{"a":0,"k":[100,100],"ix":3},"r":{"a":0,"k":0,"ix":6},"o":{"a":0,"k":100,"ix":7},"sk":{"a":0,"k":0,"ix":4},"sa":{"a":0,"k":0,"ix":5},"nm":"Transform"}],"nm":"Group 4","np":4,"cix":2,"bm":0,"ix":4,"mn":"ADBE Vector Group","hd":false},{"ty":"gr","it":[{"ind":0,"ty":"sh","ix":1,"ks":{"a":0,"k":{"i":[[0,0],[0,0]],"o":[[0,0],[0,0]],"v":[[531.989,1006.424],[531.989,1045.938]],"c":false},"ix":2},"nm":"Path 1","mn":"ADBE Vector Shape - Group","hd":false},{"ty":"st","c":{"a":0,"k":[0.345098039216,0.337254901961,1,1],"ix":3},"o":{"a":0,"k":100,"ix":4},"w":{"a":0,"k":23,"ix":5},"lc":1,"lj":1,"ml":10,"bm":0,"nm":"Stroke 1","mn":"ADBE Vector Graphic - Stroke","hd":false},{"ty":"tm","s":{"a":0,"k":0,"ix":1},"e":{"a":1,"k":[{"i":{"x":[0.757],"y":[1]},"o":{"x":[0.744],"y":[0]},"t":22,"s":[100]},{"i":{"x":[0.757],"y":[1]},"o":{"x":[0.167],"y":[0]},"t":35,"s":[0]},{"i":{"x":[0.256],"y":[1]},"o":{"x":[0.243],"y":[0]},"t":227,"s":[0]},{"t":240,"s":[100]}],"ix":2},"o":{"a":0,"k":0,"ix":3},"m":1,"ix":3,"nm":"Trim Paths 2","mn":"ADBE Vector Filter - Trim","hd":false},{"ty":"tr","p":{"a":0,"k":[0,0],"ix":2},"a":{"a":0,"k":[0,0],"ix":1},"s":{"a":0,"k":[100,100],"ix":3},"r":{"a":0,"k":0,"ix":6},"o":{"a":0,"k":100,"ix":7},"sk":{"a":0,"k":0,"ix":4},"sa":{"a":0,"k":0,"ix":5},"nm":"Transform"}],"nm":"Group 5","np":3,"cix":2,"bm":0,"ix":5,"mn":"ADBE Vector Group","hd":false}],"ip":0,"op":37,"st":0,"ct":1,"bm":0},{"ddd":0,"ind":11,"ty":4,"nm":".hitbox","cl":"hitbox","sr":1,"ks":{"o":{"a":0,"k":100,"ix":11},"r":{"a":0,"k":0,"ix":10},"p":{"a":0,"k":[540,540,0],"ix":2,"l":2},"a":{"a":0,"k":[0,0,0],"ix":1,"l":2},"s":{"a":0,"k":[120.814,120.814,100],"ix":6,"l":2}},"ao":0,"shapes":[{"ty":"gr","it":[{"d":1,"ty":"el","s":{"a":0,"k":[1080,1080],"ix":2},"p":{"a":0,"k":[0,0],"ix":3},"nm":"Ellipse Path 1","mn":"ADBE Vector Shape - Ellipse","hd":false},{"ty":"fl","c":{"a":0,"k":[0.931110097848,0.930284926471,1,1],"ix":4},"o":{"a":0,"k":100,"ix":5},"r":1,"bm":0,"nm":"Fill 1","mn":"ADBE Vector Graphic - Fill","hd":false},{"ty":"tr","p":{"a":0,"k":[0,0],"ix":2},"a":{"a":0,"k":[0,0],"ix":1},"s":{"a":0,"k":[38.807,38.807],"ix":3},"r":{"a":0,"k":0,"ix":6},"o":{"a":0,"k":100,"ix":7},"sk":{"a":0,"k":0,"ix":4},"sa":{"a":0,"k":0,"ix":5},"nm":"Transform"}],"nm":"Ellipse 1","np":3,"cix":2,"bm":0,"ix":1,"mn":"ADBE Vector Group","hd":false}],"ip":0,"op":339,"st":1,"ct":1,"bm":0}],"markers":[{"tm":16,"cm":"open-start","dr":0},{"tm":239,"cm":"open-end","dr":0},{"tm":248,"cm":"close-start","dr":0},{"tm":271,"cm":"close-end","dr":0}],"props":{}}