{"v":"5.12.1","fr":60,"ip":0,"op":674,"w":1080,"h":1080,"nm":"toggle12-animation 2","ddd":0,"assets":[{"id":"comp_0","nm":"toggle12-animation","fr":60,"layers":[{"ddd":0,"ind":1,"ty":4,"nm":"Shape Layer 1","sr":1,"ks":{"o":{"a":0,"k":100,"ix":11},"r":{"a":0,"k":0,"ix":10},"p":{"a":0,"k":[1080,1080,0],"ix":2,"l":2},"a":{"a":0,"k":[0,0,0],"ix":1,"l":2},"s":{"a":0,"k":[100,100,100],"ix":6,"l":2}},"ao":0,"shapes":[{"ty":"gr","it":[{"ty":"st","c":{"a":0,"k":[0.913725011489,0.212843995936,0.212843995936,1],"ix":3},"o":{"a":0,"k":100,"ix":4},"w":{"a":0,"k":42,"ix":5},"lc":1,"lj":1,"ml":4,"bm":0,"nm":"Stroke 1","mn":"ADBE Vector Graphic - Stroke","hd":false},{"ty":"tr","p":{"a":0,"k":[0,0],"ix":2},"a":{"a":0,"k":[0,0],"ix":1},"s":{"a":0,"k":[100,100],"ix":3},"r":{"a":0,"k":0,"ix":6},"o":{"a":0,"k":100,"ix":7},"sk":{"a":0,"k":0,"ix":4},"sa":{"a":0,"k":0,"ix":5},"nm":"Transform"}],"nm":"Shape 1","np":2,"cix":2,"bm":0,"ix":1,"mn":"ADBE Vector Group","hd":false}],"ip":0,"op":720,"st":0,"ct":1,"bm":0},{"ddd":0,"ind":3,"ty":0,"nm":".toggle Comp 1","cl":"toggle","refId":"comp_1","sr":1,"ks":{"o":{"a":0,"k":100,"ix":11},"r":{"a":0,"k":0,"ix":10},"p":{"a":0,"k":[1010,1070,0],"ix":2,"l":2},"a":{"a":0,"k":[1080,1080,0],"ix":1,"l":2},"s":{"a":1,"k":[{"i":{"x":[0.833,0.833,0.833],"y":[0.833,0.833,0.833]},"o":{"x":[0.167,0.167,0.167],"y":[0.167,0.167,0.167]},"t":254.4,"s":[100,100,100]},{"t":354.9375,"s":[100,100,100],"h":1}],"ix":6,"l":2}},"ao":0,"tm":{"a":1,"k":[{"i":{"x":[0.833],"y":[0.833]},"o":{"x":[0.167],"y":[0.167]},"t":47,"s":[0]},{"i":{"x":[0.833],"y":[0.833]},"o":{"x":[0.167],"y":[0.167]},"t":132,"s":[1.3]},{"i":{"x":[0.833],"y":[0.833]},"o":{"x":[0.167],"y":[0.167]},"t":139,"s":[1.5]},{"i":{"x":[0.833],"y":[0.833]},"o":{"x":[0.167],"y":[0.167]},"t":157,"s":[1.557]},{"i":{"x":[0.833],"y":[0.833]},"o":{"x":[0.167],"y":[0.167]},"t":184,"s":[1.617]},{"i":{"x":[0.833],"y":[0.833]},"o":{"x":[0.167],"y":[0.167]},"t":196,"s":[1.743]},{"i":{"x":[0.833],"y":[0.833]},"o":{"x":[0.167],"y":[0.167]},"t":204,"s":[1.974]},{"i":{"x":[0.833],"y":[0.833]},"o":{"x":[0.167],"y":[0.167]},"t":213,"s":[2.08]},{"i":{"x":[0.833],"y":[0.833]},"o":{"x":[0.167],"y":[0.167]},"t":224,"s":[2.164]},{"i":{"x":[0.833],"y":[0.833]},"o":{"x":[0.167],"y":[0.167]},"t":236,"s":[2.238]},{"i":{"x":[0.833],"y":[0.833]},"o":{"x":[0.167],"y":[0.167]},"t":244,"s":[2.29]},{"i":{"x":[0.833],"y":[0.833]},"o":{"x":[0.167],"y":[0.167]},"t":260,"s":[2.374]},{"i":{"x":[0.833],"y":[0.833]},"o":{"x":[0.167],"y":[0.167]},"t":274,"s":[2.543]},{"i":{"x":[0.833],"y":[0.833]},"o":{"x":[0.167],"y":[0.167]},"t":280,"s":[2.727]},{"i":{"x":[0.833],"y":[0.833]},"o":{"x":[0.167],"y":[0.167]},"t":286.062,"s":[3.149]},{"i":{"x":[0.833],"y":[0.833]},"o":{"x":[0.167],"y":[0.167]},"t":292.812,"s":[3.252]},{"i":{"x":[0.833],"y":[0.833]},"o":{"x":[0.167],"y":[0.167]},"t":300.812,"s":[3.343]},{"i":{"x":[0.839],"y":[0.814]},"o":{"x":[0.177],"y":[0.177]},"t":324.812,"s":[3.555]},{"t":354,"s":[3.768],"h":1},{"i":{"x":[0.833],"y":[0.833]},"o":{"x":[0.167],"y":[0.167]},"t":395,"s":[4.268]},{"t":408,"s":[4.499],"h":1}],"ix":2},"w":2160,"h":2160,"ip":0,"op":674,"st":0,"bm":0},{"ddd":0,"ind":5,"ty":0,"nm":"on Comp 1","refId":"comp_2","sr":1,"ks":{"o":{"a":0,"k":100,"ix":11},"r":{"a":0,"k":0,"ix":10},"p":{"a":0,"k":[1080,1080,0],"ix":2,"l":2},"a":{"a":0,"k":[1080,1080,0],"ix":1,"l":2},"s":{"a":0,"k":[100,100,100],"ix":6,"l":2}},"ao":0,"tm":{"a":1,"k":[{"i":{"x":[0.814],"y":[1.025]},"o":{"x":[0.167],"y":[0]},"t":74,"s":[0]},{"i":{"x":[0.667],"y":[1]},"o":{"x":[0.167],"y":[0.167]},"t":76,"s":[0]},{"i":{"x":[0.667],"y":[1]},"o":{"x":[0.333],"y":[0]},"t":163,"s":[4.229]},{"i":{"x":[0.652],"y":[0.366]},"o":{"x":[0.316],"y":[0]},"t":317,"s":[4.229]},{"i":{"x":[0.668],"y":[0.654]},"o":{"x":[0.293],"y":[-0.123]},"t":325,"s":[4.058]},{"i":{"x":[0.593],"y":[0.784]},"o":{"x":[0.252],"y":[0.336]},"t":369,"s":[8.126]},{"i":{"x":[0.624],"y":[0.985]},"o":{"x":[0.26],"y":[0.139]},"t":392,"s":[9.793]},{"i":{"x":[0.836],"y":[0.533]},"o":{"x":[0.407],"y":[0.301]},"t":412,"s":[11.233]},{"t":674,"s":[11.233]}],"ix":2},"w":2160,"h":2160,"ip":0,"op":674,"st":0,"bm":0}]},{"id":"comp_1","nm":".toggle Comp 1","fr":60,"layers":[{"ddd":0,"ind":1,"ty":4,"nm":".toggle","cl":"toggle","sr":1,"ks":{"o":{"a":0,"k":100,"ix":11},"r":{"a":0,"k":0,"ix":10},"p":{"a":1,"k":[{"i":{"x":0.833,"y":0.833},"o":{"x":0.167,"y":0.167},"t":91,"s":[706.5,1090.117,0],"to":[0,0,0],"ti":[-21.625,0,0]},{"i":{"x":0.833,"y":0.833},"o":{"x":0.167,"y":0.167},"t":95,"s":[775.415,1090.027,0],"to":[38.125,3.106,0],"ti":[5.5,-73.001,0]},{"i":{"x":0.833,"y":0.833},"o":{"x":0.167,"y":0.167},"t":101.398,"s":[842.04,1148.133,0],"to":[-5.635,74.787,0],"ti":[55.013,0,0]},{"i":{"x":0.833,"y":0.833},"o":{"x":0.167,"y":0.167},"t":111.406,"s":[701.526,1211.332,0],"to":[-68.987,0,0],"ti":[1.059,75.409,0]},{"i":{"x":0.833,"y":0.833},"o":{"x":0.167,"y":0.167},"t":122.713,"s":[571.539,1091.633,0],"to":[-0.821,-58.494,0],"ti":[-90,2,0]},{"i":{"x":0.833,"y":0.833},"o":{"x":0.167,"y":0.167},"t":133.975,"s":[699.54,972.133,0],"to":[124.973,-2.777,0],"ti":[12.385,-201.933,0]},{"i":{"x":0.833,"y":0.833},"o":{"x":0.167,"y":0.167},"t":156.162,"s":[963.155,1158.066,0],"to":[-8.88,144.796,0],"ti":[162.964,0,0]},{"i":{"x":0.833,"y":0.833},"o":{"x":0.167,"y":0.167},"t":176.896,"s":[702.576,1338.025,0],"to":[-62.036,0,0],"ti":[0,132.197,0]},{"i":{"x":0.833,"y":0.833},"o":{"x":0.167,"y":0.167},"t":194.605,"s":[476.091,1175.739,0],"to":[0,-115.606,0],"ti":[-135.5,0,0]},{"i":{"x":0.833,"y":0.833},"o":{"x":0.167,"y":0.167},"t":211,"s":[706.54,1090.132,0],"to":[90.1,0,0],"ti":[-21.625,0,0]},{"t":229,"s":[775.415,1090.027,0],"h":1},{"i":{"x":0.833,"y":0.833},"o":{"x":0.167,"y":0.167},"t":248,"s":[775.415,1090.027,0],"to":[40.125,-0.394,0],"ti":[0,0,0]},{"t":272,"s":[698.415,1090.027,0]}],"ix":2,"l":2},"a":{"a":0,"k":[801.096,540.039,0],"ix":1,"l":2},"s":{"a":1,"k":[{"i":{"x":[0.833,0.833,0.833],"y":[0.833,0.833,0.833]},"o":{"x":[0.167,0.167,0.167],"y":[0.167,0.167,0.167]},"t":101,"s":[13,13,100]},{"i":{"x":[0.833,0.833,0.833],"y":[0.833,0.833,0.833]},"o":{"x":[0.167,0.167,0.167],"y":[0.167,0.167,0.167]},"t":109,"s":[25,13,100]},{"i":{"x":[0.833,0.833,0.833],"y":[0.833,0.833,0.833]},"o":{"x":[0.167,0.167,0.167],"y":[0.167,0.167,0.167]},"t":127,"s":[13,13,100]},{"i":{"x":[0.833,0.833,0.833],"y":[0.833,0.833,0.833]},"o":{"x":[0.167,0.167,0.167],"y":[0.167,0.167,0.167]},"t":129,"s":[13,13,100]},{"i":{"x":[0.833,0.833,0.833],"y":[0.833,0.833,0.833]},"o":{"x":[0.167,0.167,0.167],"y":[0.167,0.167,0.167]},"t":144,"s":[13,13,100]},{"i":{"x":[0.833,0.833,0.833],"y":[0.833,0.833,0.833]},"o":{"x":[0.167,0.167,0.167],"y":[0.167,0.167,0.167]},"t":158,"s":[13,13,100]},{"i":{"x":[0.833,0.833,0.833],"y":[0.833,0.833,0.833]},"o":{"x":[0.167,0.167,0.167],"y":[0.167,0.167,0.167]},"t":168,"s":[25,13,100]},{"i":{"x":[0.833,0.833,0.833],"y":[0.833,0.833,0.833]},"o":{"x":[0.167,0.167,0.167],"y":[0.167,0.167,0.167]},"t":183,"s":[25,13,100]},{"i":{"x":[0.833,0.833,0.833],"y":[0.833,0.833,0.833]},"o":{"x":[0.167,0.167,0.167],"y":[0.167,0.167,0.167]},"t":197,"s":[13,13,100]},{"i":{"x":[0.833,0.833,0.833],"y":[0.833,0.833,0.833]},"o":{"x":[0.167,0.167,0.167],"y":[0.167,0.167,0.167]},"t":202,"s":[21,13,100]},{"i":{"x":[0.833,0.833,0.833],"y":[0.833,0.833,0.833]},"o":{"x":[0.167,0.167,0.167],"y":[0.167,0.167,0.167]},"t":217,"s":[13,13,100]},{"i":{"x":[0.833,0.833,0.833],"y":[0.833,0.833,0.833]},"o":{"x":[0.167,0.167,0.167],"y":[0.167,0.167,0.167]},"t":249,"s":[13,13,100]},{"i":{"x":[0.833,0.833,0.833],"y":[0.833,0.833,0.833]},"o":{"x":[0.167,0.167,0.167],"y":[0.167,0.167,0.167]},"t":260,"s":[15,13,100]},{"t":273,"s":[13,13,100]}],"ix":6,"l":2}},"ao":1,"shapes":[{"ty":"gr","it":[{"ind":0,"ty":"sh","ix":1,"ks":{"a":0,"k":{"i":[[0,-127.215],[127.216,0],[0,127.215],[-127.215,0]],"o":[[0,127.215],[-127.215,0],[0,-127.215],[127.216,0]],"v":[[230.344,0],[0,230.344],[-230.344,0],[0,-230.344]],"c":true},"ix":2},"nm":"Path 1","mn":"ADBE Vector Shape - Group","hd":false},{"ty":"fl","c":{"a":0,"k":[0.95764708519,0.969804883003,1,1],"ix":4},"o":{"a":0,"k":100,"ix":5},"r":1,"bm":0,"nm":".circle-fill","mn":"ADBE Vector Graphic - Fill","hd":false,"cl":"circle-fill"},{"ty":"tr","p":{"a":0,"k":[801.096,540],"ix":2},"a":{"a":0,"k":[0,0],"ix":1},"s":{"a":0,"k":[100,100],"ix":3},"r":{"a":0,"k":0,"ix":6},"o":{"a":0,"k":100,"ix":7},"sk":{"a":0,"k":0,"ix":4},"sa":{"a":0,"k":0,"ix":5},"nm":"Transform"}],"nm":"Group 1","np":2,"cix":2,"bm":0,"ix":1,"mn":"ADBE Vector Group","hd":false},{"ty":"tm","s":{"a":0,"k":0,"ix":1},"e":{"a":0,"k":100,"ix":2},"o":{"a":0,"k":0,"ix":3},"m":1,"ix":2,"nm":"Trim Paths 1","mn":"ADBE Vector Filter - Trim","hd":false},{"ty":"fl","c":{"a":0,"k":[1,0,0,1],"ix":4},"o":{"a":0,"k":100,"ix":5},"r":1,"bm":0,"nm":".fillback","mn":"ADBE Vector Graphic - Fill","hd":false,"cl":"fillback"}],"ip":0,"op":458,"st":0,"ct":1,"bm":0}]},{"id":"comp_2","nm":"on Comp 1","fr":60,"layers":[{"ddd":0,"ind":1,"ty":4,"nm":"on","sr":1,"ks":{"o":{"a":0,"k":100,"ix":11},"r":{"a":0,"k":0,"ix":10},"p":{"a":0,"k":[671.314,1079.918,0],"ix":2,"l":2},"a":{"a":0,"k":[-338.147,10.051,0],"ix":1,"l":2},"s":{"a":0,"k":[100,100,100],"ix":6,"l":2}},"ao":0,"shapes":[{"ty":"gr","it":[{"ind":0,"ty":"sh","ix":1,"ks":{"a":0,"k":{"i":[[0,0],[-21.625,0],[5.5,-73.001],[55.013,0],[1.059,75.409],[-90,2],[12.385,-201.933],[162.964,0],[0,132.197],[-135.5,0]],"o":[[0,0],[38.125,3.106],[-5.635,74.787],[-68.987,0],[-0.821,-58.494],[124.973,-2.777],[-8.88,144.796],[-62.036,0],[0,-115.606],[90.1,0]],"v":[[-373.5,10.117],[-304.585,10.027],[-237.96,68.133],[-378.473,131.332],[-508.461,11.633],[-380.46,-107.867],[-116.845,78.066],[-377.424,258.025],[-603.909,95.739],[-373.46,10.132]],"c":false},"ix":2},"nm":"Path 1","mn":"ADBE Vector Shape - Group","hd":false},{"ty":"st","c":{"a":1,"k":[{"i":{"x":[0.833],"y":[0.833]},"o":{"x":[0.167],"y":[0.167]},"t":431,"s":[0.690196096897,0.690196096897,0.690196096897,1]},{"i":{"x":[0.833],"y":[0.833]},"o":{"x":[0.167],"y":[0.167]},"t":485,"s":[0.502190589905,0.4388666749,0.872941076756,1]},{"i":{"x":[0.833],"y":[0.833]},"o":{"x":[0.167],"y":[0.167]},"t":611,"s":[0.502190589905,0.4388666749,0.872941076756,1]},{"t":664,"s":[0.690196096897,0.690196096897,0.690196096897,1]}],"ix":3},"o":{"a":0,"k":100,"ix":4},"w":{"a":0,"k":68,"ix":5},"lc":2,"lj":2,"bm":0,"nm":"Stroke 1","mn":"ADBE Vector Graphic - Stroke","hd":false},{"ty":"tr","p":{"a":0,"k":[0,0],"ix":2},"a":{"a":0,"k":[0,0],"ix":1},"s":{"a":0,"k":[100,100],"ix":3},"r":{"a":0,"k":0,"ix":6},"o":{"a":0,"k":100,"ix":7},"sk":{"a":0,"k":0,"ix":4},"sa":{"a":0,"k":0,"ix":5},"nm":"Transform"}],"nm":"Shape 1","np":3,"cix":2,"bm":0,"ix":1,"mn":"ADBE Vector Group","hd":false},{"ty":"tm","s":{"a":0,"k":0,"ix":1},"e":{"a":1,"k":[{"i":{"x":[0.196],"y":[0.992]},"o":{"x":[0.167],"y":[0.167]},"t":131,"s":[2.797]},{"i":{"x":[0.196],"y":[0.352]},"o":{"x":[0],"y":[0]},"t":251,"s":[100]},{"i":{"x":[0.833],"y":[0.833]},"o":{"x":[0],"y":[0]},"t":357,"s":[100]},{"t":484,"s":[2.797]}],"ix":2},"o":{"a":0,"k":0,"ix":3},"m":1,"ix":2,"nm":"Trim Paths 1","mn":"ADBE Vector Filter - Trim","hd":false}],"ip":0,"op":706,"st":0,"ct":1,"bm":0}]}],"layers":[{"ddd":0,"ind":1,"ty":0,"nm":".overflow","cl":"overflow","refId":"comp_0","sr":1,"ks":{"o":{"a":0,"k":100,"ix":11},"r":{"a":0,"k":0,"ix":10},"p":{"a":0,"k":[540,540,0],"ix":2,"l":2},"a":{"a":0,"k":[660,1086,0],"ix":1,"l":2},"s":{"a":1,"k":[{"i":{"x":[0.839,0.839,0.833],"y":[33.014,33.014,1.016]},"o":{"x":[0.167,0.167,0.167],"y":[0,0,0]},"t":0,"s":[436,436,100]},{"i":{"x":[0.833,0.833,0.833],"y":[0.833,0.833,1.023]},"o":{"x":[0.875,0.875,0.167],"y":[0.286,0.286,-0.007]},"t":123,"s":[436,436,100]},{"i":{"x":[0.833,0.833,0.833],"y":[0.833,0.833,0.833]},"o":{"x":[0.167,0.167,0.167],"y":[0.167,0.167,0.167]},"t":177,"s":[168,168,100]},{"i":{"x":[0.833,0.833,0.833],"y":[0.833,0.833,0.833]},"o":{"x":[0.167,0.167,0.167],"y":[0.167,0.167,0.167]},"t":259,"s":[168,168,100]},{"i":{"x":[0,0,0.833],"y":[0.928,0.928,1.037]},"o":{"x":[0.167,0.167,0.167],"y":[0.167,0.167,-0.076]},"t":350,"s":[168,168,100]},{"t":376,"s":[436,436,100]}],"ix":6,"l":2}},"ao":0,"w":2160,"h":2160,"ip":0,"op":674,"st":0,"ct":1,"bm":0}],"markers":[{"tm":99.470703125,"cm":"on-start","dr":0},{"tm":381,"cm":"on-end","dr":0},{"tm":388,"cm":"close-start","dr":0},{"tm":417,"cm":"close-end","dr":0}],"props":{}}