{"v":"5.12.1","fr":60,"ip":0,"op":1800,"w":1080,"h":1080,"nm":"ATF_Emphasis","ddd":0,"assets":[{"id":"comp_0","nm":"ATF_Standard","fr":60,"layers":[{"ddd":0,"ind":1,"ty":4,"nm":"Calque 2/Add_to_favorite_2 Outlines 2","sr":1,"ks":{"o":{"a":0,"k":100,"ix":11},"r":{"a":0,"k":0,"ix":10},"p":{"a":0,"k":[540,540,0],"ix":2,"l":2},"a":{"a":0,"k":[271,251,0],"ix":1,"l":2},"s":{"a":1,"k":[{"i":{"x":[0.285,0.285,0.667],"y":[1,1,1]},"o":{"x":[1,1,0.333],"y":[0,0,0]},"t":112,"s":[111,111,100]},{"i":{"x":[0.169,0.169,0.667],"y":[1,1,1]},"o":{"x":[0.573,0.573,0.333],"y":[0,0,0]},"t":118,"s":[116,116,100]},{"t":135,"s":[0,0,100]}],"ix":6,"l":2}},"ao":0,"shapes":[{"ty":"gr","it":[{"ind":0,"ty":"sh","ix":1,"ks":{"a":0,"k":{"i":[[-0.939,-2.772],[0,0],[0,0],[2.458,-1.712],[0,0],[0,0],[2.424,1.689],[0,0],[0,0],[-0.948,2.798],[0,0],[0,0],[-2.996,0],[0,0],[0,0]],"o":[[0,0],[0,0],[2.996,0],[0,0],[0,0],[0.948,2.798],[0,0],[0,0],[-2.424,1.689],[0,0],[0,0],[-2.458,-1.712],[0,0],[0,0],[0.939,-2.772]],"v":[[2.899,-210.467],[89.805,-85.927],[229.192,-52.528],[230.942,-46.956],[124.666,50.373],[144.686,208.057],[140.037,211.549],[0,147.37],[-140.037,211.549],[-144.686,208.057],[-124.666,50.373],[-230.942,-46.956],[-229.192,-52.528],[-89.805,-85.927],[-2.899,-210.467]],"c":true},"ix":2},"nm":"Path 1","mn":"ADBE Vector Shape - Group","hd":false},{"ty":"st","c":{"a":0,"k":[1,1,1,1],"ix":3},"o":{"a":0,"k":100,"ix":4},"w":{"a":1,"k":[{"i":{"x":[0.505],"y":[1]},"o":{"x":[0.886],"y":[0]},"t":71,"s":[0]},{"t":87,"s":[15]}],"ix":5},"lc":1,"lj":1,"ml":10,"bm":0,"nm":"Stroke 1","mn":"ADBE Vector Graphic - Stroke","hd":false},{"ty":"fl","c":{"a":0,"k":[1,0.783001290116,0.101960776834,1],"ix":4},"o":{"a":0,"k":100,"ix":5},"r":1,"bm":0,"nm":"Fill 1","mn":"ADBE Vector Graphic - Fill","hd":false},{"ty":"tr","p":{"a":0,"k":[270.9,250.739],"ix":2},"a":{"a":0,"k":[0,0],"ix":1},"s":{"a":0,"k":[100,100],"ix":3},"r":{"a":0,"k":0,"ix":6},"o":{"a":0,"k":100,"ix":7},"sk":{"a":0,"k":0,"ix":4},"sa":{"a":0,"k":0,"ix":5},"nm":"Transform"}],"nm":"Group 1","np":3,"cix":2,"bm":0,"ix":1,"mn":"ADBE Vector Group","hd":false}],"ip":52,"op":1838,"st":38,"ct":1,"bm":0},{"ddd":0,"ind":2,"ty":4,"nm":"Calque 1/Add_to_favorite_2 Outlines","sr":1,"ks":{"o":{"a":0,"k":100,"ix":11},"r":{"a":0,"k":0,"ix":10},"p":{"a":0,"k":[540,540,0],"ix":2,"l":2},"a":{"a":0,"k":[383.5,363.5,0],"ix":1,"l":2},"s":{"a":0,"k":[111,111,100],"ix":6,"l":2}},"ao":0,"shapes":[{"ty":"gr","it":[{"ind":0,"ty":"sh","ix":1,"ks":{"a":0,"k":{"i":[[-0.939,-2.772],[0,0],[0,0],[2.458,-1.712],[0,0],[0,0],[2.424,1.689],[0,0],[0,0],[-0.948,2.798],[0,0],[0,0],[-2.996,0],[0,0],[0,0]],"o":[[0,0],[0,0],[2.996,0],[0,0],[0,0],[0.948,2.798],[0,0],[0,0],[-2.424,1.689],[0,0],[0,0],[-2.458,-1.712],[0,0],[0,0],[0.939,-2.772]],"v":[[2.899,-210.467],[89.805,-85.927],[229.192,-52.528],[230.942,-46.956],[124.666,50.373],[144.686,208.057],[140.037,211.549],[0,147.37],[-140.037,211.549],[-144.686,208.057],[-124.666,50.373],[-230.942,-46.956],[-229.192,-52.528],[-89.805,-85.927],[-2.899,-210.467]],"c":true},"ix":2},"nm":"Path 1","mn":"ADBE Vector Shape - Group","hd":false},{"ty":"st","c":{"a":0,"k":[1,0.78431372549,0.101960784314,1],"ix":3},"o":{"a":0,"k":100,"ix":4},"w":{"a":1,"k":[{"i":{"x":[0.214],"y":[1]},"o":{"x":[0.333],"y":[0.216]},"t":52,"s":[0]},{"i":{"x":[0.771],"y":[1]},"o":{"x":[0.694],"y":[0]},"t":66,"s":[84]},{"i":{"x":[0],"y":[0.587]},"o":{"x":[0.212],"y":[0]},"t":76,"s":[16]},{"t":87,"s":[61]}],"ix":5},"lc":1,"lj":1,"ml":10,"bm":0,"nm":"Stroke 1","mn":"ADBE Vector Graphic - Stroke","hd":false},{"ty":"fl","c":{"a":0,"k":[1,1,1,1],"ix":4},"o":{"a":0,"k":100,"ix":5},"r":1,"bm":0,"nm":"Fill 1","mn":"ADBE Vector Graphic - Fill","hd":false},{"ty":"tr","p":{"a":0,"k":[383.4,363.239],"ix":2},"a":{"a":0,"k":[0,0],"ix":1},"s":{"a":0,"k":[100,100],"ix":3},"r":{"a":0,"k":0,"ix":6},"o":{"a":0,"k":100,"ix":7},"sk":{"a":0,"k":0,"ix":4},"sa":{"a":0,"k":0,"ix":5},"nm":"Transform"}],"nm":"Group 1","np":3,"cix":2,"bm":0,"ix":1,"mn":"ADBE Vector Group","hd":false}],"ip":52,"op":87,"st":52,"ct":1,"bm":0},{"ddd":0,"ind":3,"ty":4,"nm":"Calque 4 Outlines","sr":1,"ks":{"o":{"a":0,"k":100,"ix":11},"r":{"a":0,"k":0,"ix":10},"p":{"a":0,"k":[540,540,0],"ix":2,"l":2},"a":{"a":0,"k":[271,251,0],"ix":1,"l":2},"s":{"a":0,"k":[111,111,100],"ix":6,"l":2}},"ao":0,"shapes":[{"ty":"gr","it":[{"ind":0,"ty":"sh","ix":1,"ks":{"a":0,"k":{"i":[[-0.939,-2.772],[0,0],[0,0],[2.458,-1.712],[0,0],[0,0],[2.424,1.689],[0,0],[0,0],[-0.948,2.798],[0,0],[0,0],[-2.996,0],[0,0],[0,0]],"o":[[0,0],[0,0],[2.996,0],[0,0],[0,0],[0.948,2.798],[0,0],[0,0],[-2.424,1.689],[0,0],[0,0],[-2.458,-1.712],[0,0],[0,0],[0.939,-2.772]],"v":[[2.899,-210.467],[89.805,-85.927],[229.192,-52.528],[230.942,-46.956],[124.666,50.373],[144.686,208.057],[140.037,211.549],[0,147.37],[-140.037,211.549],[-144.686,208.057],[-124.666,50.373],[-230.942,-46.956],[-229.192,-52.528],[-89.805,-85.927],[-2.899,-210.467]],"c":true},"ix":2},"nm":"Path 1","mn":"ADBE Vector Shape - Group","hd":false},{"ty":"st","c":{"a":0,"k":[1,0.999998863071,1,1],"ix":3},"o":{"a":0,"k":100,"ix":4},"w":{"a":0,"k":15,"ix":5},"lc":1,"lj":1,"ml":10,"bm":0,"nm":"Stroke 1","mn":"ADBE Vector Graphic - Stroke","hd":false},{"ty":"fl","c":{"a":0,"k":[1,1,1,1],"ix":4},"o":{"a":0,"k":100,"ix":5},"r":1,"bm":0,"nm":"Fill 1","mn":"ADBE Vector Graphic - Fill","hd":false},{"ty":"tr","p":{"a":0,"k":[271,251.216],"ix":2},"a":{"a":0,"k":[0,0],"ix":1},"s":{"a":0,"k":[100,100],"ix":3},"r":{"a":0,"k":0,"ix":6},"o":{"a":0,"k":100,"ix":7},"sk":{"a":0,"k":0,"ix":4},"sa":{"a":0,"k":0,"ix":5},"nm":"Transform"}],"nm":"Group 1","np":3,"cix":2,"bm":0,"ix":1,"mn":"ADBE Vector Group","hd":false}],"ip":0,"op":1800,"st":0,"ct":1,"bm":0},{"ddd":0,"ind":4,"ty":4,"nm":"Calque 3 Outlines 3","sr":1,"ks":{"o":{"a":0,"k":100,"ix":11},"r":{"a":0,"k":0,"ix":10},"p":{"a":0,"k":[540,540,0],"ix":2,"l":2},"a":{"a":0,"k":[384,364,0],"ix":1,"l":2},"s":{"a":0,"k":[111,111,100],"ix":6,"l":2}},"ao":0,"shapes":[{"ty":"gr","it":[{"ind":0,"ty":"sh","ix":1,"ks":{"a":0,"k":{"i":[[-0.939,-2.772],[0,0],[0,0],[2.458,-1.712],[0,0],[0,0],[2.424,1.689],[0,0],[0,0],[-0.948,2.798],[0,0],[0,0],[-2.996,0],[0,0],[0,0]],"o":[[0,0],[0,0],[2.996,0],[0,0],[0,0],[0.948,2.798],[0,0],[0,0],[-2.424,1.689],[0,0],[0,0],[-2.458,-1.712],[0,0],[0,0],[0.939,-2.772]],"v":[[2.899,-210.466],[89.805,-85.927],[229.192,-52.528],[230.942,-46.956],[124.666,50.374],[144.686,208.057],[140.037,211.55],[0,147.37],[-140.037,211.55],[-144.686,208.057],[-124.666,50.374],[-230.942,-46.956],[-229.192,-52.528],[-89.805,-85.927],[-2.899,-210.466]],"c":true},"ix":2},"nm":"Path 1","mn":"ADBE Vector Shape - Group","hd":false},{"ty":"st","c":{"a":0,"k":[0,0,0,1],"ix":3},"o":{"a":0,"k":100,"ix":4},"w":{"a":0,"k":60,"ix":5},"lc":1,"lj":1,"ml":10,"bm":0,"nm":"Stroke 1","mn":"ADBE Vector Graphic - Stroke","hd":false},{"ty":"fl","c":{"a":0,"k":[0.97277879902,0.848321413526,0.181571526621,1],"ix":4},"o":{"a":0,"k":100,"ix":5},"r":1,"bm":0,"nm":"Fill 1","mn":"ADBE Vector Graphic - Fill","hd":false},{"ty":"tr","p":{"a":0,"k":[384,364.216],"ix":2},"a":{"a":0,"k":[0,0],"ix":1},"s":{"a":0,"k":[100,100],"ix":3},"r":{"a":0,"k":0,"ix":6},"o":{"a":0,"k":100,"ix":7},"sk":{"a":0,"k":0,"ix":4},"sa":{"a":0,"k":0,"ix":5},"nm":"Transform"}],"nm":"Group 1","np":3,"cix":2,"bm":0,"ix":1,"mn":"ADBE Vector Group","hd":false}],"ip":135,"op":1800,"st":0,"ct":1,"bm":0},{"ddd":0,"ind":5,"ty":4,"nm":"Calque 3 Outlines 2","sr":1,"ks":{"o":{"a":0,"k":100,"ix":11},"r":{"a":0,"k":0,"ix":10},"p":{"a":0,"k":[540,540,0],"ix":2,"l":2},"a":{"a":0,"k":[384,364,0],"ix":1,"l":2},"s":{"a":0,"k":[111,111,100],"ix":6,"l":2}},"ao":0,"shapes":[{"ty":"gr","it":[{"ind":0,"ty":"sh","ix":1,"ks":{"a":0,"k":{"i":[[-0.939,-2.772],[0,0],[0,0],[2.458,-1.712],[0,0],[0,0],[2.424,1.689],[0,0],[0,0],[-0.948,2.798],[0,0],[0,0],[-2.996,0],[0,0],[0,0]],"o":[[0,0],[0,0],[2.996,0],[0,0],[0,0],[0.948,2.798],[0,0],[0,0],[-2.424,1.689],[0,0],[0,0],[-2.458,-1.712],[0,0],[0,0],[0.939,-2.772]],"v":[[2.899,-210.466],[89.805,-85.927],[229.192,-52.528],[230.942,-46.956],[124.666,50.374],[144.686,208.057],[140.037,211.55],[0,147.37],[-140.037,211.55],[-144.686,208.057],[-124.666,50.374],[-230.942,-46.956],[-229.192,-52.528],[-89.805,-85.927],[-2.899,-210.466]],"c":true},"ix":2},"nm":"Path 1","mn":"ADBE Vector Shape - Group","hd":false},{"ty":"st","c":{"a":0,"k":[1,0.78431372549,0.101960784314,1],"ix":3},"o":{"a":0,"k":100,"ix":4},"w":{"a":0,"k":60,"ix":5},"lc":1,"lj":1,"ml":10,"bm":0,"nm":"Stroke 1","mn":"ADBE Vector Graphic - Stroke","hd":false},{"ty":"fl","c":{"a":0,"k":[0.97277879902,0.848321413526,0.181571526621,1],"ix":4},"o":{"a":0,"k":100,"ix":5},"r":1,"bm":0,"nm":"Fill 1","mn":"ADBE Vector Graphic - Fill","hd":false},{"ty":"tr","p":{"a":0,"k":[384,364.216],"ix":2},"a":{"a":0,"k":[0,0],"ix":1},"s":{"a":0,"k":[100,100],"ix":3},"r":{"a":0,"k":0,"ix":6},"o":{"a":0,"k":100,"ix":7},"sk":{"a":0,"k":0,"ix":4},"sa":{"a":0,"k":0,"ix":5},"nm":"Transform"}],"nm":"Group 1","np":3,"cix":2,"bm":0,"ix":1,"mn":"ADBE Vector Group","hd":false}],"ip":72,"op":135,"st":0,"ct":1,"bm":0},{"ddd":0,"ind":6,"ty":4,"nm":"Calque 3 Outlines","sr":1,"ks":{"o":{"a":0,"k":100,"ix":11},"r":{"a":0,"k":0,"ix":10},"p":{"a":0,"k":[540,540,0],"ix":2,"l":2},"a":{"a":0,"k":[384,364,0],"ix":1,"l":2},"s":{"a":0,"k":[111,111,100],"ix":6,"l":2}},"ao":0,"shapes":[{"ty":"gr","it":[{"ind":0,"ty":"sh","ix":1,"ks":{"a":0,"k":{"i":[[-0.939,-2.772],[0,0],[0,0],[2.458,-1.712],[0,0],[0,0],[2.424,1.689],[0,0],[0,0],[-0.948,2.798],[0,0],[0,0],[-2.996,0],[0,0],[0,0]],"o":[[0,0],[0,0],[2.996,0],[0,0],[0,0],[0.948,2.798],[0,0],[0,0],[-2.424,1.689],[0,0],[0,0],[-2.458,-1.712],[0,0],[0,0],[0.939,-2.772]],"v":[[2.899,-210.466],[89.805,-85.927],[229.192,-52.528],[230.942,-46.956],[124.666,50.374],[144.686,208.057],[140.037,211.55],[0,147.37],[-140.037,211.55],[-144.686,208.057],[-124.666,50.374],[-230.942,-46.956],[-229.192,-52.528],[-89.805,-85.927],[-2.899,-210.466]],"c":true},"ix":2},"nm":"Path 1","mn":"ADBE Vector Shape - Group","hd":false},{"ty":"st","c":{"a":0,"k":[0.065493205949,0.056915324342,0.059409930659,1],"ix":3},"o":{"a":0,"k":100,"ix":4},"w":{"a":0,"k":60,"ix":5},"lc":1,"lj":1,"ml":10,"bm":0,"nm":"Stroke 1","mn":"ADBE Vector Graphic - Stroke","hd":false},{"ty":"fl","c":{"a":0,"k":[0.97277879902,0.848321413526,0.181571526621,1],"ix":4},"o":{"a":0,"k":100,"ix":5},"r":1,"bm":0,"nm":"Fill 1","mn":"ADBE Vector Graphic - Fill","hd":false},{"ty":"tr","p":{"a":0,"k":[384,364.216],"ix":2},"a":{"a":0,"k":[0,0],"ix":1},"s":{"a":0,"k":[100,100],"ix":3},"r":{"a":0,"k":0,"ix":6},"o":{"a":0,"k":100,"ix":7},"sk":{"a":0,"k":0,"ix":4},"sa":{"a":0,"k":0,"ix":5},"nm":"Transform"}],"nm":"Group 1","np":3,"cix":2,"bm":0,"ix":1,"mn":"ADBE Vector Group","hd":false}],"ip":0,"op":72,"st":0,"ct":1,"bm":0}]},{"id":"comp_1","nm":"Star explosion","fr":60,"layers":[{"ddd":0,"ind":1,"ty":0,"nm":"Light ray","refId":"comp_2","sr":1,"ks":{"o":{"a":0,"k":100,"ix":11},"r":{"a":0,"k":-90,"ix":10},"p":{"a":0,"k":[670,526,0],"ix":2,"l":2},"a":{"a":0,"k":[540,540,0],"ix":1,"l":2},"s":{"a":0,"k":[70,25,100],"ix":6,"l":2}},"ao":0,"w":1080,"h":1080,"ip":0,"op":1800,"st":0,"bm":0},{"ddd":0,"ind":2,"ty":0,"nm":"Light ray","refId":"comp_2","sr":1,"ks":{"o":{"a":0,"k":100,"ix":11},"r":{"a":0,"k":90,"ix":10},"p":{"a":0,"k":[399,526,0],"ix":2,"l":2},"a":{"a":0,"k":[540,540,0],"ix":1,"l":2},"s":{"a":0,"k":[70,25,100],"ix":6,"l":2}},"ao":0,"w":1080,"h":1080,"ip":0,"op":1800,"st":0,"bm":0},{"ddd":0,"ind":3,"ty":0,"nm":"Light ray","refId":"comp_2","sr":1,"ks":{"o":{"a":0,"k":100,"ix":11},"r":{"a":0,"k":0,"ix":10},"p":{"a":0,"k":[537,650.5,0],"ix":2,"l":2},"a":{"a":0,"k":[540,540,0],"ix":1,"l":2},"s":{"a":0,"k":[70,25,100],"ix":6,"l":2}},"ao":0,"w":1080,"h":1080,"ip":0,"op":1800,"st":0,"bm":0},{"ddd":0,"ind":4,"ty":0,"nm":"Light ray","refId":"comp_2","sr":1,"ks":{"o":{"a":0,"k":100,"ix":11},"r":{"a":0,"k":180,"ix":10},"p":{"a":0,"k":[534.5,404,0],"ix":2,"l":2},"a":{"a":0,"k":[540,540,0],"ix":1,"l":2},"s":{"a":0,"k":[70,25,100],"ix":6,"l":2}},"ao":0,"w":1080,"h":1080,"ip":0,"op":1800,"st":0,"bm":0}]},{"id":"comp_2","nm":"Light ray","fr":60,"layers":[{"ddd":0,"ind":1,"ty":4,"nm":"Calque 3/Add_to_favorite_2 Outlines 2","sr":1,"ks":{"o":{"a":0,"k":100,"ix":11},"r":{"a":0,"k":0,"ix":10},"p":{"a":0,"k":[540,1038,0],"ix":2,"l":2},"a":{"a":0,"k":[59,719.153,0],"ix":1,"l":2},"s":{"a":1,"k":[{"i":{"x":[0.057,0.057,0.667],"y":[1,1,1]},"o":{"x":[0.333,0.333,0.333],"y":[0,0,0]},"t":20,"s":[105.447,138,100]},{"t":46,"s":[38.447,0,100]}],"ix":6,"l":2}},"ao":0,"shapes":[{"ty":"gr","it":[{"ind":0,"ty":"sh","ix":1,"ks":{"a":0,"k":{"i":[[0,0],[0,0],[0,0],[0,0]],"o":[[0,0],[0,0],[0,0],[0,0]],"v":[[-15.916,358.95],[-58.282,-358.95],[58.282,-358.95],[15.864,358.95]],"c":false},"ix":2},"nm":"Path 1","mn":"ADBE Vector Shape - Group","hd":false},{"ty":"fl","c":{"a":0,"k":[1,0.78431372549,0.101960784314,1],"ix":4},"o":{"a":0,"k":100,"ix":5},"r":1,"bm":0,"nm":"Fill 1","mn":"ADBE Vector Graphic - Fill","hd":false},{"ty":"tr","p":{"a":0,"k":[58.532,359.2],"ix":2},"a":{"a":0,"k":[0,0],"ix":1},"s":{"a":0,"k":[100,100],"ix":3},"r":{"a":0,"k":0,"ix":6},"o":{"a":0,"k":100,"ix":7},"sk":{"a":0,"k":0,"ix":4},"sa":{"a":0,"k":0,"ix":5},"nm":"Transform"}],"nm":"Group 1","np":2,"cix":2,"bm":0,"ix":1,"mn":"ADBE Vector Group","hd":false}],"ip":20,"op":1781,"st":-19,"ct":1,"bm":0},{"ddd":0,"ind":2,"ty":4,"nm":"Calque 3/Add_to_favorite_2 Outlines","sr":1,"ks":{"o":{"a":0,"k":100,"ix":11},"r":{"a":0,"k":0,"ix":10},"p":{"a":0,"k":[540,46,0],"ix":2,"l":2},"a":{"a":0,"k":[59,0.1,0],"ix":1,"l":2},"s":{"a":1,"k":[{"i":{"x":[0.154,0.152,0.667],"y":[1,1,1]},"o":{"x":[0.8,0.8,0.333],"y":[0,0,0]},"t":0,"s":[45.447,0,100]},{"t":20,"s":[105.447,138,100]}],"ix":6,"l":2}},"ao":0,"shapes":[{"ty":"gr","it":[{"ind":0,"ty":"sh","ix":1,"ks":{"a":0,"k":{"i":[[0,0],[0,0],[0,0],[0,0]],"o":[[0,0],[0,0],[0,0],[0,0]],"v":[[-15.916,358.95],[-58.282,-358.95],[58.282,-358.95],[15.864,358.95]],"c":false},"ix":2},"nm":"Path 1","mn":"ADBE Vector Shape - Group","hd":false},{"ty":"fl","c":{"a":0,"k":[1,0.78431372549,0.101960784314,1],"ix":4},"o":{"a":0,"k":100,"ix":5},"r":1,"bm":0,"nm":"Fill 1","mn":"ADBE Vector Graphic - Fill","hd":false},{"ty":"tr","p":{"a":0,"k":[58.532,359.2],"ix":2},"a":{"a":0,"k":[0,0],"ix":1},"s":{"a":0,"k":[100,100],"ix":3},"r":{"a":0,"k":0,"ix":6},"o":{"a":0,"k":100,"ix":7},"sk":{"a":0,"k":0,"ix":4},"sa":{"a":0,"k":0,"ix":5},"nm":"Transform"}],"nm":"Group 1","np":2,"cix":2,"bm":0,"ix":1,"mn":"ADBE Vector Group","hd":false}],"ip":0,"op":20,"st":0,"ct":1,"bm":0}]},{"id":"comp_3","nm":"Start_emphasis","fr":60,"layers":[{"ddd":0,"ind":1,"ty":3,"nm":"Null 4","sr":1,"ks":{"o":{"a":0,"k":0,"ix":11},"r":{"a":0,"k":0,"ix":10},"p":{"a":0,"k":[540,540,0],"ix":2,"l":2},"a":{"a":0,"k":[0,0,0],"ix":1,"l":2},"s":{"a":0,"k":[100,100,100],"ix":6,"l":2}},"ao":0,"ip":-25,"op":1775,"st":-25,"bm":0},{"ddd":0,"ind":2,"ty":4,"nm":"Calque 2/Add_to_favorite_2 Outlines 2","sr":1,"ks":{"o":{"a":0,"k":100,"ix":11},"r":{"a":0,"k":0,"ix":10},"p":{"a":0,"k":[540,540,0],"ix":2,"l":2},"a":{"a":0,"k":[271,251,0],"ix":1,"l":2},"s":{"a":0,"k":[111,111,100],"ix":6,"l":2}},"ao":0,"shapes":[{"ty":"gr","it":[{"ind":0,"ty":"sh","ix":1,"ks":{"a":0,"k":{"i":[[-0.939,-2.772],[0,0],[0,0],[2.458,-1.712],[0,0],[0,0],[2.424,1.689],[0,0],[0,0],[-0.948,2.798],[0,0],[0,0],[-2.996,0],[0,0],[0,0]],"o":[[0,0],[0,0],[2.996,0],[0,0],[0,0],[0.948,2.798],[0,0],[0,0],[-2.424,1.689],[0,0],[0,0],[-2.458,-1.712],[0,0],[0,0],[0.939,-2.772]],"v":[[2.899,-210.467],[89.805,-85.927],[229.192,-52.528],[230.942,-46.956],[124.666,50.373],[144.686,208.057],[140.037,211.549],[0,147.37],[-140.037,211.549],[-144.686,208.057],[-124.666,50.373],[-230.942,-46.956],[-229.192,-52.528],[-89.805,-85.927],[-2.899,-210.467]],"c":true},"ix":2},"nm":"Path 1","mn":"ADBE Vector Shape - Group","hd":false},{"ty":"st","c":{"a":0,"k":[1,1,1,1],"ix":3},"o":{"a":0,"k":100,"ix":4},"w":{"a":0,"k":0,"ix":5},"lc":1,"lj":1,"ml":10,"bm":0,"nm":"Stroke 1","mn":"ADBE Vector Graphic - Stroke","hd":false},{"ty":"fl","c":{"a":1,"k":[{"i":{"x":[0.833],"y":[0.833]},"o":{"x":[0.167],"y":[0.167]},"t":115,"s":[0.952941179276,0.952941179276,0.952941179276,1]},{"i":{"x":[0.833],"y":[0.833]},"o":{"x":[0.167],"y":[0.167]},"t":221,"s":[1,0.812224328518,0,1]},{"i":{"x":[0.833],"y":[0.833]},"o":{"x":[0.167],"y":[0.167]},"t":290,"s":[1,0.812224324544,0,1]},{"i":{"x":[0.833],"y":[0.833]},"o":{"x":[0.167],"y":[0.167]},"t":327,"s":[1,0.812224324544,0,1]},{"i":{"x":[0.833],"y":[0.684]},"o":{"x":[0.167],"y":[0.316]},"t":328,"s":[0.551379442215,0.969745695591,0.828624010086,1]},{"i":{"x":[0.833],"y":[1.316]},"o":{"x":[0.167],"y":[-0.316]},"t":329,"s":[0.787476956844,0.60366243124,0.930070459843,1]},{"i":{"x":[0.833],"y":[0.684]},"o":{"x":[0.167],"y":[0.316]},"t":330,"s":[0.551379442215,0.969745695591,0.828624010086,1]},{"i":{"x":[0.833],"y":[1.316]},"o":{"x":[0.167],"y":[-0.316]},"t":331,"s":[0.787476956844,0.60366243124,0.930070459843,1]},{"i":{"x":[0.833],"y":[0.921]},"o":{"x":[0.167],"y":[0.316]},"t":332,"s":[0.551379442215,0.969745695591,0.828624010086,1]},{"i":{"x":[0.833],"y":[-30.128]},"o":{"x":[0.167],"y":[14.257]},"t":333,"s":[0.787476956844,0.60366243124,0.930070459843,1]},{"i":{"x":[0.833],"y":[0.234]},"o":{"x":[0.167],"y":[0.191]},"t":336,"s":[0.787476956844,0.60366243124,0.930070459843,1]},{"i":{"x":[0.833],"y":[0.833]},"o":{"x":[0.167],"y":[0.167]},"t":337,"s":[1,0.812224324544,0,1]},{"t":427,"s":[0.952941179276,0.952941179276,0.952941179276,1]}],"ix":4},"o":{"a":0,"k":100,"ix":5},"r":1,"bm":0,"nm":"Fill 1","mn":"ADBE Vector Graphic - Fill","hd":false},{"ty":"tr","p":{"a":0,"k":[270.9,250.739],"ix":2},"a":{"a":0,"k":[0,0],"ix":1},"s":{"a":0,"k":[100,100],"ix":3},"r":{"a":0,"k":0,"ix":6},"o":{"a":0,"k":100,"ix":7},"sk":{"a":0,"k":0,"ix":4},"sa":{"a":0,"k":0,"ix":5},"nm":"Transform"}],"nm":"Group 1","np":3,"cix":2,"bm":0,"ix":1,"mn":"ADBE Vector Group","hd":false}],"ip":27,"op":794,"st":13,"ct":1,"bm":0},{"ddd":0,"ind":4,"ty":4,"nm":"Calque 1/Add_to_favorite_2 Outlines","sr":1,"ks":{"o":{"a":0,"k":100,"ix":11},"r":{"a":0,"k":0,"ix":10},"p":{"a":0,"k":[540,540,0],"ix":2,"l":2},"a":{"a":0,"k":[383.5,363.5,0],"ix":1,"l":2},"s":{"a":0,"k":[111,111,100],"ix":6,"l":2}},"ao":0,"shapes":[{"ty":"gr","it":[{"ind":0,"ty":"sh","ix":1,"ks":{"a":0,"k":{"i":[[-0.939,-2.772],[0,0],[0,0],[2.458,-1.712],[0,0],[0,0],[2.424,1.689],[0,0],[0,0],[-0.948,2.798],[0,0],[0,0],[-2.996,0],[0,0],[0,0]],"o":[[0,0],[0,0],[2.996,0],[0,0],[0,0],[0.948,2.798],[0,0],[0,0],[-2.424,1.689],[0,0],[0,0],[-2.458,-1.712],[0,0],[0,0],[0.939,-2.772]],"v":[[2.899,-210.467],[89.805,-85.927],[229.192,-52.528],[230.942,-46.956],[124.666,50.373],[144.686,208.057],[140.037,211.549],[0,147.37],[-140.037,211.549],[-144.686,208.057],[-124.666,50.373],[-230.942,-46.956],[-229.192,-52.528],[-89.805,-85.927],[-2.899,-210.467]],"c":true},"ix":2},"nm":"Path 1","mn":"ADBE Vector Shape - Group","hd":false},{"ty":"st","c":{"a":1,"k":[{"i":{"x":[0.833],"y":[0.833]},"o":{"x":[0.167],"y":[0.167]},"t":115,"s":[0.952941179276,0.952941179276,0.952941179276,1]},{"i":{"x":[0.833],"y":[0.833]},"o":{"x":[0.167],"y":[0.167]},"t":220,"s":[1,0.811764717102,0,1]},{"i":{"x":[0.833],"y":[0.833]},"o":{"x":[0.167],"y":[0.167]},"t":290,"s":[1,0.811764717102,0,1]},{"i":{"x":[0.833],"y":[0.833]},"o":{"x":[0.167],"y":[0.167]},"t":327,"s":[1,0.811764717102,0,1]},{"i":{"x":[0.833],"y":[0.684]},"o":{"x":[0.167],"y":[0.316]},"t":328,"s":[0.551379442215,0.969745695591,0.828624010086,1]},{"i":{"x":[0.833],"y":[1.316]},"o":{"x":[0.167],"y":[-0.316]},"t":329,"s":[0.787476956844,0.60366243124,0.930070459843,1]},{"i":{"x":[0.833],"y":[0.684]},"o":{"x":[0.167],"y":[0.316]},"t":330,"s":[0.551379442215,0.969745695591,0.828624010086,1]},{"i":{"x":[0.833],"y":[1.316]},"o":{"x":[0.167],"y":[-0.316]},"t":331,"s":[0.787476956844,0.60366243124,0.930070459843,1]},{"i":{"x":[0.833],"y":[0.921]},"o":{"x":[0.167],"y":[0.316]},"t":332,"s":[0.551379442215,0.969745695591,0.828624010086,1]},{"i":{"x":[0.833],"y":[-30.128]},"o":{"x":[0.167],"y":[14.257]},"t":333,"s":[0.787476956844,0.60366243124,0.930070459843,1]},{"i":{"x":[0.833],"y":[0.234]},"o":{"x":[0.167],"y":[0.191]},"t":336,"s":[0.787476956844,0.60366243124,0.930070459843,1]},{"i":{"x":[0.833],"y":[0.833]},"o":{"x":[0.167],"y":[0.167]},"t":337,"s":[1,0.812224324544,0,1]},{"t":426,"s":[0.952941179276,0.952941179276,0.952941179276,1]}],"ix":3},"o":{"a":0,"k":100,"ix":4},"w":{"a":1,"k":[{"i":{"x":[0.214],"y":[1]},"o":{"x":[0.333],"y":[0.216]},"t":27,"s":[0]},{"i":{"x":[0.771],"y":[1]},"o":{"x":[0.694],"y":[0]},"t":41,"s":[84]},{"i":{"x":[0],"y":[0.587]},"o":{"x":[0.212],"y":[0]},"t":51,"s":[16]},{"t":62,"s":[61]}],"ix":5},"lc":1,"lj":1,"ml":10,"bm":0,"nm":"Stroke 1","mn":"ADBE Vector Graphic - Stroke","hd":false},{"ty":"fl","c":{"a":0,"k":[1,1,1,1],"ix":4},"o":{"a":0,"k":100,"ix":5},"r":1,"bm":0,"nm":"Fill 1","mn":"ADBE Vector Graphic - Fill","hd":false},{"ty":"tr","p":{"a":0,"k":[383.4,363.239],"ix":2},"a":{"a":0,"k":[0,0],"ix":1},"s":{"a":0,"k":[100,100],"ix":3},"r":{"a":0,"k":0,"ix":6},"o":{"a":0,"k":100,"ix":7},"sk":{"a":0,"k":0,"ix":4},"sa":{"a":0,"k":0,"ix":5},"nm":"Transform"}],"nm":"Group 1","np":3,"cix":2,"bm":0,"ix":1,"mn":"ADBE Vector Group","hd":false}],"ip":27,"op":544,"st":27,"ct":1,"bm":0},{"ddd":0,"ind":5,"ty":4,"nm":"Calque 4 Outlines 3","sr":1,"ks":{"o":{"a":0,"k":100,"ix":11},"r":{"a":0,"k":0,"ix":10},"p":{"a":0,"k":[540,540,0],"ix":2,"l":2},"a":{"a":0,"k":[271,251,0],"ix":1,"l":2},"s":{"a":0,"k":[111,111,100],"ix":6,"l":2}},"ao":0,"shapes":[{"ty":"gr","it":[{"ind":0,"ty":"sh","ix":1,"ks":{"a":0,"k":{"i":[[-0.939,-2.772],[0,0],[0,0],[2.458,-1.712],[0,0],[0,0],[2.424,1.689],[0,0],[0,0],[-0.948,2.798],[0,0],[0,0],[-2.996,0],[0,0],[0,0]],"o":[[0,0],[0,0],[2.996,0],[0,0],[0,0],[0.948,2.798],[0,0],[0,0],[-2.424,1.689],[0,0],[0,0],[-2.458,-1.712],[0,0],[0,0],[0.939,-2.772]],"v":[[2.899,-210.467],[89.805,-85.927],[229.192,-52.528],[230.942,-46.956],[124.666,50.373],[144.686,208.057],[140.037,211.549],[0,147.37],[-140.037,211.549],[-144.686,208.057],[-124.666,50.373],[-230.942,-46.956],[-229.192,-52.528],[-89.805,-85.927],[-2.899,-210.467]],"c":true},"ix":2},"nm":"Path 1","mn":"ADBE Vector Shape - Group","hd":false},{"ty":"st","c":{"a":0,"k":[1,1,1,1],"ix":3},"o":{"a":0,"k":100,"ix":4},"w":{"a":0,"k":15,"ix":5},"lc":1,"lj":1,"ml":10,"bm":0,"nm":"Stroke 1","mn":"ADBE Vector Graphic - Stroke","hd":false},{"ty":"fl","c":{"a":0,"k":[1,1,1,1],"ix":4},"o":{"a":0,"k":100,"ix":5},"r":1,"bm":0,"nm":"Fill 1","mn":"ADBE Vector Graphic - Fill","hd":false},{"ty":"tr","p":{"a":0,"k":[271,251.216],"ix":2},"a":{"a":0,"k":[0,0],"ix":1},"s":{"a":0,"k":[100,100],"ix":3},"r":{"a":0,"k":0,"ix":6},"o":{"a":0,"k":100,"ix":7},"sk":{"a":0,"k":0,"ix":4},"sa":{"a":0,"k":0,"ix":5},"nm":"Transform"}],"nm":"Group 1","np":3,"cix":2,"bm":0,"ix":1,"mn":"ADBE Vector Group","hd":false}],"ip":-25,"op":1775,"st":-25,"ct":1,"bm":0},{"ddd":0,"ind":6,"ty":4,"nm":"Calque 3 Outlines 3","sr":1,"ks":{"o":{"a":0,"k":100,"ix":11},"r":{"a":0,"k":0,"ix":10},"p":{"a":0,"k":[540,540,0],"ix":2,"l":2},"a":{"a":0,"k":[384,364,0],"ix":1,"l":2},"s":{"a":0,"k":[111,111,100],"ix":6,"l":2}},"ao":0,"shapes":[{"ty":"gr","it":[{"ind":0,"ty":"sh","ix":1,"ks":{"a":0,"k":{"i":[[-0.939,-2.772],[0,0],[0,0],[2.458,-1.712],[0,0],[0,0],[2.424,1.689],[0,0],[0,0],[-0.948,2.798],[0,0],[0,0],[-2.996,0],[0,0],[0,0]],"o":[[0,0],[0,0],[2.996,0],[0,0],[0,0],[0.948,2.798],[0,0],[0,0],[-2.424,1.689],[0,0],[0,0],[-2.458,-1.712],[0,0],[0,0],[0.939,-2.772]],"v":[[2.899,-210.466],[89.805,-85.927],[229.192,-52.528],[230.942,-46.956],[124.666,50.374],[144.686,208.057],[140.037,211.55],[0,147.37],[-140.037,211.55],[-144.686,208.057],[-124.666,50.374],[-230.942,-46.956],[-229.192,-52.528],[-89.805,-85.927],[-2.899,-210.466]],"c":true},"ix":2},"nm":"Path 1","mn":"ADBE Vector Shape - Group","hd":false},{"ty":"st","c":{"a":0,"k":[0,0,0,1],"ix":3},"o":{"a":0,"k":100,"ix":4},"w":{"a":0,"k":60,"ix":5},"lc":1,"lj":1,"ml":10,"bm":0,"nm":"Stroke 1","mn":"ADBE Vector Graphic - Stroke","hd":false},{"ty":"fl","c":{"a":0,"k":[0.952941176471,0.952941176471,0.952941176471,1],"ix":4},"o":{"a":0,"k":100,"ix":5},"r":1,"bm":0,"nm":"Fill 1","mn":"ADBE Vector Graphic - Fill","hd":false},{"ty":"tr","p":{"a":0,"k":[384,364.216],"ix":2},"a":{"a":0,"k":[0,0],"ix":1},"s":{"a":0,"k":[100,100],"ix":3},"r":{"a":0,"k":0,"ix":6},"o":{"a":0,"k":100,"ix":7},"sk":{"a":0,"k":0,"ix":4},"sa":{"a":0,"k":0,"ix":5},"nm":"Transform"}],"nm":"Group 1","np":3,"cix":2,"bm":0,"ix":1,"mn":"ADBE Vector Group","hd":false}],"ip":110,"op":1775,"st":-25,"ct":1,"bm":0},{"ddd":0,"ind":7,"ty":4,"nm":"Calque 3 Outlines 4","sr":1,"ks":{"o":{"a":0,"k":100,"ix":11},"r":{"a":0,"k":0,"ix":10},"p":{"a":0,"k":[540,540,0],"ix":2,"l":2},"a":{"a":0,"k":[384,364,0],"ix":1,"l":2},"s":{"a":0,"k":[111,111,100],"ix":6,"l":2}},"ao":0,"shapes":[{"ty":"gr","it":[{"ind":0,"ty":"sh","ix":1,"ks":{"a":0,"k":{"i":[[-0.939,-2.772],[0,0],[0,0],[2.458,-1.712],[0,0],[0,0],[2.424,1.689],[0,0],[0,0],[-0.948,2.798],[0,0],[0,0],[-2.996,0],[0,0],[0,0]],"o":[[0,0],[0,0],[2.996,0],[0,0],[0,0],[0.948,2.798],[0,0],[0,0],[-2.424,1.689],[0,0],[0,0],[-2.458,-1.712],[0,0],[0,0],[0.939,-2.772]],"v":[[2.899,-210.466],[89.805,-85.927],[229.192,-52.528],[230.942,-46.956],[124.666,50.374],[144.686,208.057],[140.037,211.55],[0,147.37],[-140.037,211.55],[-144.686,208.057],[-124.666,50.374],[-230.942,-46.956],[-229.192,-52.528],[-89.805,-85.927],[-2.899,-210.466]],"c":true},"ix":2},"nm":"Path 1","mn":"ADBE Vector Shape - Group","hd":false},{"ty":"st","c":{"a":0,"k":[0.952941176471,0.952941176471,0.952941176471,1],"ix":3},"o":{"a":0,"k":100,"ix":4},"w":{"a":0,"k":60,"ix":5},"lc":1,"lj":1,"ml":10,"bm":0,"nm":"Stroke 1","mn":"ADBE Vector Graphic - Stroke","hd":false},{"ty":"fl","c":{"a":0,"k":[0.97277879902,0.848321413526,0.181571526621,1],"ix":4},"o":{"a":0,"k":100,"ix":5},"r":1,"bm":0,"nm":"Fill 1","mn":"ADBE Vector Graphic - Fill","hd":false},{"ty":"tr","p":{"a":0,"k":[384,364.216],"ix":2},"a":{"a":0,"k":[0,0],"ix":1},"s":{"a":0,"k":[100,100],"ix":3},"r":{"a":0,"k":0,"ix":6},"o":{"a":0,"k":100,"ix":7},"sk":{"a":0,"k":0,"ix":4},"sa":{"a":0,"k":0,"ix":5},"nm":"Transform"}],"nm":"Group 1","np":3,"cix":2,"bm":0,"ix":1,"mn":"ADBE Vector Group","hd":false}],"ip":47,"op":110,"st":-25,"ct":1,"bm":0},{"ddd":0,"ind":8,"ty":4,"nm":"Calque 3 Outlines 5","sr":1,"ks":{"o":{"a":0,"k":100,"ix":11},"r":{"a":0,"k":0,"ix":10},"p":{"a":0,"k":[540,540,0],"ix":2,"l":2},"a":{"a":0,"k":[384,364,0],"ix":1,"l":2},"s":{"a":0,"k":[111,111,100],"ix":6,"l":2}},"ao":0,"shapes":[{"ty":"gr","it":[{"ind":0,"ty":"sh","ix":1,"ks":{"a":0,"k":{"i":[[-0.939,-2.772],[0,0],[0,0],[2.458,-1.712],[0,0],[0,0],[2.424,1.689],[0,0],[0,0],[-0.948,2.798],[0,0],[0,0],[-2.996,0],[0,0],[0,0]],"o":[[0,0],[0,0],[2.996,0],[0,0],[0,0],[0.948,2.798],[0,0],[0,0],[-2.424,1.689],[0,0],[0,0],[-2.458,-1.712],[0,0],[0,0],[0.939,-2.772]],"v":[[2.899,-210.466],[89.805,-85.927],[229.192,-52.528],[230.942,-46.956],[124.666,50.374],[144.686,208.057],[140.037,211.55],[0,147.37],[-140.037,211.55],[-144.686,208.057],[-124.666,50.374],[-230.942,-46.956],[-229.192,-52.528],[-89.805,-85.927],[-2.899,-210.466]],"c":true},"ix":2},"nm":"Path 1","mn":"ADBE Vector Shape - Group","hd":false},{"ty":"st","c":{"a":0,"k":[0.065493205949,0.056915324342,0.059409930659,1],"ix":3},"o":{"a":0,"k":100,"ix":4},"w":{"a":0,"k":60,"ix":5},"lc":1,"lj":1,"ml":10,"bm":0,"nm":"Stroke 1","mn":"ADBE Vector Graphic - Stroke","hd":false},{"ty":"fl","c":{"a":0,"k":[0.97277879902,0.848321413526,0.181571526621,1],"ix":4},"o":{"a":0,"k":100,"ix":5},"r":1,"bm":0,"nm":"Fill 1","mn":"ADBE Vector Graphic - Fill","hd":false},{"ty":"tr","p":{"a":0,"k":[384,364.216],"ix":2},"a":{"a":0,"k":[0,0],"ix":1},"s":{"a":0,"k":[100,100],"ix":3},"r":{"a":0,"k":0,"ix":6},"o":{"a":0,"k":100,"ix":7},"sk":{"a":0,"k":0,"ix":4},"sa":{"a":0,"k":0,"ix":5},"nm":"Transform"}],"nm":"Group 1","np":3,"cix":2,"bm":0,"ix":1,"mn":"ADBE Vector Group","hd":false}],"ip":-25,"op":47,"st":-25,"ct":1,"bm":0}]},{"id":"comp_4","nm":"Light ray compo","fr":60,"layers":[{"ddd":0,"ind":1,"ty":0,"nm":"Light ray purple","refId":"comp_5","sr":0.5,"ks":{"o":{"a":0,"k":100,"ix":11},"r":{"a":0,"k":-90,"ix":10},"p":{"a":0,"k":[-78.25,538.5,0],"ix":2,"l":2},"a":{"a":0,"k":[540,540,0],"ix":1,"l":2},"s":{"a":0,"k":[43.829,125.522,100],"ix":6,"l":2}},"ao":0,"w":1080,"h":1080,"ip":247,"op":271,"st":247,"bm":0},{"ddd":0,"ind":2,"ty":0,"nm":"Light ray","refId":"comp_2","sr":0.5,"ks":{"o":{"a":0,"k":100,"ix":11},"r":{"a":0,"k":90,"ix":10},"p":{"a":0,"k":[1117.75,541,0],"ix":2,"l":2},"a":{"a":0,"k":[540,540,0],"ix":1,"l":2},"s":{"a":0,"k":[43.829,117.003,100],"ix":6,"l":2}},"ao":0,"w":1080,"h":1080,"ip":244,"op":268,"st":244,"bm":0},{"ddd":0,"ind":3,"ty":0,"nm":"Light ray purple","refId":"comp_5","sr":0.5,"ks":{"o":{"a":0,"k":100,"ix":11},"r":{"a":0,"k":-320,"ix":10},"p":{"a":0,"k":[764.75,272.5,0],"ix":2,"l":2},"a":{"a":0,"k":[540,540,0],"ix":1,"l":2},"s":{"a":0,"k":[43.829,67.744,100],"ix":6,"l":2}},"ao":0,"w":1080,"h":1080,"ip":241,"op":265,"st":241,"bm":0},{"ddd":0,"ind":4,"ty":0,"nm":"Light ray","refId":"comp_2","sr":0.5,"ks":{"o":{"a":0,"k":100,"ix":11},"r":{"a":0,"k":320,"ix":10},"p":{"a":0,"k":[318.75,276,0],"ix":2,"l":2},"a":{"a":0,"k":[540,540,0],"ix":1,"l":2},"s":{"a":0,"k":[43.829,67.744,100],"ix":6,"l":2}},"ao":0,"w":1080,"h":1080,"ip":239,"op":263,"st":239,"bm":0},{"ddd":0,"ind":5,"ty":0,"nm":"Light ray purple","refId":"comp_5","sr":0.5,"ks":{"o":{"a":0,"k":100,"ix":11},"r":{"a":0,"k":-148,"ix":10},"p":{"a":0,"k":[357.25,835.5,0],"ix":2,"l":2},"a":{"a":0,"k":[540,540,0],"ix":1,"l":2},"s":{"a":0,"k":[43.829,67.744,100],"ix":6,"l":2}},"ao":0,"w":1080,"h":1080,"ip":236,"op":260,"st":236,"bm":0},{"ddd":0,"ind":6,"ty":0,"nm":"Light ray","refId":"comp_2","sr":0.5,"ks":{"o":{"a":0,"k":100,"ix":11},"r":{"a":0,"k":148,"ix":10},"p":{"a":0,"k":[790.25,942.5,0],"ix":2,"l":2},"a":{"a":0,"k":[540,540,0],"ix":1,"l":2},"s":{"a":0,"k":[43.829,96.677,100],"ix":6,"l":2}},"ao":0,"w":1080,"h":1080,"ip":233,"op":257,"st":233,"bm":0},{"ddd":0,"ind":7,"ty":0,"nm":"Light ray purple","refId":"comp_5","sr":0.5,"ks":{"o":{"a":0,"k":100,"ix":11},"r":{"a":0,"k":168,"ix":10},"p":{"a":0,"k":[546.75,576,0],"ix":2,"l":2},"a":{"a":0,"k":[540,540,0],"ix":1,"l":2},"s":{"a":0,"k":[9.829,5.829,100],"ix":6,"l":2}},"ao":0,"w":1080,"h":1080,"ip":226,"op":250,"st":226,"bm":0},{"ddd":0,"ind":8,"ty":0,"nm":"Light ray","refId":"comp_2","sr":0.5,"ks":{"o":{"a":0,"k":100,"ix":11},"r":{"a":0,"k":56,"ix":10},"p":{"a":0,"k":[576.25,513.75,0],"ix":2,"l":2},"a":{"a":0,"k":[540,540,0],"ix":1,"l":2},"s":{"a":0,"k":[9.829,5.829,100],"ix":6,"l":2}},"ao":0,"w":1080,"h":1080,"ip":199,"op":223,"st":199,"bm":0},{"ddd":0,"ind":9,"ty":0,"nm":"Light ray purple","refId":"comp_5","sr":0.5,"ks":{"o":{"a":0,"k":100,"ix":11},"r":{"a":0,"k":-84,"ix":10},"p":{"a":0,"k":[496,533.5,0],"ix":2,"l":2},"a":{"a":0,"k":[540,540,0],"ix":1,"l":2},"s":{"a":0,"k":[9.829,5.829,100],"ix":6,"l":2}},"ao":0,"w":1080,"h":1080,"ip":194,"op":218,"st":194,"bm":0},{"ddd":0,"ind":10,"ty":0,"nm":"Light ray","refId":"comp_2","sr":1,"ks":{"o":{"a":0,"k":100,"ix":11},"r":{"a":0,"k":2,"ix":10},"p":{"a":0,"k":[562,4,0],"ix":2,"l":2},"a":{"a":0,"k":[540,540,0],"ix":1,"l":2},"s":{"a":0,"k":[42.741,108.717,100],"ix":6,"l":2}},"ao":0,"w":1080,"h":1080,"ip":205,"op":253,"st":205,"bm":0},{"ddd":0,"ind":11,"ty":0,"nm":"Light ray purple","refId":"comp_5","sr":1,"ks":{"o":{"a":0,"k":100,"ix":11},"r":{"a":0,"k":-88,"ix":10},"p":{"a":0,"k":[320,530,0],"ix":2,"l":2},"a":{"a":0,"k":[540,540,0],"ix":1,"l":2},"s":{"a":0,"k":[42.741,42.741,100],"ix":6,"l":2}},"ao":0,"w":1080,"h":1080,"ip":198,"op":246,"st":198,"bm":0},{"ddd":0,"ind":12,"ty":0,"nm":"Light ray","refId":"comp_2","sr":1,"ks":{"o":{"a":0,"k":100,"ix":11},"r":{"a":0,"k":179,"ix":10},"p":{"a":0,"k":[542,752,0],"ix":2,"l":2},"a":{"a":0,"k":[540,540,0],"ix":1,"l":2},"s":{"a":0,"k":[42.741,42.741,100],"ix":6,"l":2}},"ao":0,"w":1080,"h":1080,"ip":190,"op":238,"st":190,"bm":0},{"ddd":0,"ind":13,"ty":0,"nm":"Light ray","refId":"comp_2","sr":0.5,"ks":{"o":{"a":0,"k":100,"ix":11},"r":{"a":0,"k":-84,"ix":10},"p":{"a":0,"k":[491.5,533.5,0],"ix":2,"l":2},"a":{"a":0,"k":[540,540,0],"ix":1,"l":2},"s":{"a":0,"k":[9.829,5.829,100],"ix":6,"l":2}},"ao":0,"w":1080,"h":1080,"ip":174,"op":198,"st":174,"bm":0},{"ddd":0,"ind":14,"ty":0,"nm":"Light ray purple","refId":"comp_5","sr":0.5,"ks":{"o":{"a":0,"k":100,"ix":11},"r":{"a":0,"k":84,"ix":10},"p":{"a":0,"k":[589.5,536,0],"ix":2,"l":2},"a":{"a":0,"k":[540,540,0],"ix":1,"l":2},"s":{"a":0,"k":[9.829,5.829,100],"ix":6,"l":2}},"ao":0,"w":1080,"h":1080,"ip":174,"op":198,"st":174,"bm":0},{"ddd":0,"ind":15,"ty":0,"nm":"Light ray","refId":"comp_2","sr":1,"ks":{"o":{"a":0,"k":100,"ix":11},"r":{"a":0,"k":89,"ix":10},"p":{"a":0,"k":[756,536,0],"ix":2,"l":2},"a":{"a":0,"k":[540,540,0],"ix":1,"l":2},"s":{"a":0,"k":[42.741,42.741,100],"ix":6,"l":2}},"ao":0,"w":1080,"h":1080,"ip":178,"op":226,"st":178,"bm":0},{"ddd":0,"ind":16,"ty":0,"nm":"Light ray purple","refId":"comp_5","sr":1,"ks":{"o":{"a":0,"k":100,"ix":11},"r":{"a":0,"k":180,"ix":10},"p":{"a":0,"k":[538,872,0],"ix":2,"l":2},"a":{"a":0,"k":[540,540,0],"ix":1,"l":2},"s":{"a":0,"k":[42.741,70.519,100],"ix":6,"l":2}},"ao":0,"w":1080,"h":1080,"ip":162,"op":210,"st":162,"bm":0},{"ddd":0,"ind":17,"ty":0,"nm":"Light ray","refId":"comp_2","sr":1,"ks":{"o":{"a":0,"k":100,"ix":11},"r":{"a":0,"k":40,"ix":10},"p":{"a":0,"k":[770,254,0],"ix":2,"l":2},"a":{"a":0,"k":[540,540,0],"ix":1,"l":2},"s":{"a":0,"k":[42.741,73.745,100],"ix":6,"l":2}},"ao":0,"w":1080,"h":1080,"ip":142,"op":190,"st":142,"bm":0},{"ddd":0,"ind":18,"ty":0,"nm":"Light ray purple","refId":"comp_5","sr":1,"ks":{"o":{"a":0,"k":100,"ix":11},"r":{"a":0,"k":0,"ix":10},"p":{"a":0,"k":[536,302,0],"ix":2,"l":2},"a":{"a":0,"k":[540,540,0],"ix":1,"l":2},"s":{"a":0,"k":[42.741,42.741,100],"ix":6,"l":2}},"ao":0,"w":1080,"h":1080,"ip":122,"op":170,"st":122,"bm":0},{"ddd":0,"ind":19,"ty":0,"nm":"Light ray purple","refId":"comp_5","sr":0.5,"ks":{"o":{"a":0,"k":100,"ix":11},"r":{"a":0,"k":84,"ix":10},"p":{"a":0,"k":[599.5,529,0],"ix":2,"l":2},"a":{"a":0,"k":[540,540,0],"ix":1,"l":2},"s":{"a":0,"k":[9.829,5.829,100],"ix":6,"l":2}},"ao":0,"w":1080,"h":1080,"ip":131,"op":155,"st":131,"bm":0},{"ddd":0,"ind":20,"ty":0,"nm":"Light ray","refId":"comp_2","sr":0.5,"ks":{"o":{"a":0,"k":100,"ix":11},"r":{"a":0,"k":-28,"ix":10},"p":{"a":0,"k":[517.5,484,0],"ix":2,"l":2},"a":{"a":0,"k":[540,540,0],"ix":1,"l":2},"s":{"a":0,"k":[9.8,5.829,100],"ix":6,"l":2}},"ao":0,"w":1080,"h":1080,"ip":108,"op":132,"st":108,"bm":0},{"ddd":0,"ind":21,"ty":0,"nm":"Light ray purple","refId":"comp_5","sr":0.5,"ks":{"o":{"a":0,"k":100,"ix":11},"r":{"a":0,"k":-69,"ix":10},"p":{"a":0,"k":[473,532.5,0],"ix":2,"l":2},"a":{"a":0,"k":[540,540,0],"ix":1,"l":2},"s":{"a":0,"k":[9.8,5.829,100],"ix":6,"l":2}},"ao":0,"w":1080,"h":1080,"ip":108,"op":132,"st":108,"bm":0},{"ddd":0,"ind":22,"ty":0,"nm":"Light ray","refId":"comp_2","sr":1,"ks":{"o":{"a":0,"k":100,"ix":11},"r":{"a":0,"k":-40,"ix":10},"p":{"a":0,"k":[262,218,0],"ix":2,"l":2},"a":{"a":0,"k":[540,540,0],"ix":1,"l":2},"s":{"a":0,"k":[42.741,81.546,100],"ix":6,"l":2}},"ao":0,"w":1080,"h":1080,"ip":97,"op":145,"st":97,"bm":0}]},{"id":"comp_5","nm":"Light ray purple","fr":60,"layers":[{"ddd":0,"ind":1,"ty":4,"nm":"Calque 3/Add_to_favorite_2 Outlines 2","sr":1,"ks":{"o":{"a":0,"k":100,"ix":11},"r":{"a":0,"k":0,"ix":10},"p":{"a":0,"k":[540,1038,0],"ix":2,"l":2},"a":{"a":0,"k":[59,719.153,0],"ix":1,"l":2},"s":{"a":1,"k":[{"i":{"x":[0.057,0.057,0.667],"y":[1,1,1]},"o":{"x":[0.333,0.333,0.333],"y":[0,0,0]},"t":20,"s":[105.447,138,100]},{"t":46,"s":[38.447,0,100]}],"ix":6,"l":2}},"ao":0,"shapes":[{"ty":"gr","it":[{"ind":0,"ty":"sh","ix":1,"ks":{"a":0,"k":{"i":[[0,0],[0,0],[0,0],[0,0]],"o":[[0,0],[0,0],[0,0],[0,0]],"v":[[-15.916,358.95],[-58.282,-358.95],[58.282,-358.95],[15.864,358.95]],"c":false},"ix":2},"nm":"Path 1","mn":"ADBE Vector Shape - Group","hd":false},{"ty":"fl","c":{"a":0,"k":[0.992156862745,0.866666666667,0.356862745098,1],"ix":4},"o":{"a":0,"k":100,"ix":5},"r":1,"bm":0,"nm":"Fill 1","mn":"ADBE Vector Graphic - Fill","hd":false},{"ty":"tr","p":{"a":0,"k":[58.532,359.2],"ix":2},"a":{"a":0,"k":[0,0],"ix":1},"s":{"a":0,"k":[100,100],"ix":3},"r":{"a":0,"k":0,"ix":6},"o":{"a":0,"k":100,"ix":7},"sk":{"a":0,"k":0,"ix":4},"sa":{"a":0,"k":0,"ix":5},"nm":"Transform"}],"nm":"Group 1","np":2,"cix":2,"bm":0,"ix":1,"mn":"ADBE Vector Group","hd":false}],"ip":20,"op":1781,"st":-19,"ct":1,"bm":0},{"ddd":0,"ind":2,"ty":4,"nm":"Calque 3/Add_to_favorite_2 Outlines","sr":1,"ks":{"o":{"a":0,"k":100,"ix":11},"r":{"a":0,"k":0,"ix":10},"p":{"a":0,"k":[540,46,0],"ix":2,"l":2},"a":{"a":0,"k":[59,0.1,0],"ix":1,"l":2},"s":{"a":1,"k":[{"i":{"x":[0.154,0.152,0.667],"y":[1,1,1]},"o":{"x":[0.8,0.8,0.333],"y":[0,0,0]},"t":0,"s":[45.447,0,100]},{"t":20,"s":[105.447,138,100]}],"ix":6,"l":2}},"ao":0,"shapes":[{"ty":"gr","it":[{"ind":0,"ty":"sh","ix":1,"ks":{"a":0,"k":{"i":[[0,0],[0,0],[0,0],[0,0]],"o":[[0,0],[0,0],[0,0],[0,0]],"v":[[-15.916,358.95],[-58.282,-358.95],[58.282,-358.95],[15.864,358.95]],"c":false},"ix":2},"nm":"Path 1","mn":"ADBE Vector Shape - Group","hd":false},{"ty":"fl","c":{"a":0,"k":[0.994117647059,0.866737216127,0.357215342802,1],"ix":4},"o":{"a":0,"k":100,"ix":5},"r":1,"bm":0,"nm":"Fill 1","mn":"ADBE Vector Graphic - Fill","hd":false},{"ty":"tr","p":{"a":0,"k":[58.532,359.2],"ix":2},"a":{"a":0,"k":[0,0],"ix":1},"s":{"a":0,"k":[100,100],"ix":3},"r":{"a":0,"k":0,"ix":6},"o":{"a":0,"k":100,"ix":7},"sk":{"a":0,"k":0,"ix":4},"sa":{"a":0,"k":0,"ix":5},"nm":"Transform"}],"nm":"Group 1","np":2,"cix":2,"bm":0,"ix":1,"mn":"ADBE Vector Group","hd":false}],"ip":0,"op":20,"st":0,"ct":1,"bm":0}]}],"layers":[{"ddd":0,"ind":1,"ty":4,"nm":"Shape Layer 2","sr":1,"ks":{"o":{"a":0,"k":100,"ix":11},"r":{"a":0,"k":0,"ix":10},"p":{"a":0,"k":[540,540,0],"ix":2,"l":2},"a":{"a":0,"k":[0,0,0],"ix":1,"l":2},"s":{"a":0,"k":[100,100,100],"ix":6,"l":2}},"ao":0,"shapes":[],"ip":0,"op":1800,"st":0,"ct":1,"bm":0},{"ddd":0,"ind":2,"ty":0,"nm":"ATF_Standard","refId":"comp_0","sr":1,"ks":{"o":{"a":0,"k":100,"ix":11},"r":{"a":0,"k":0,"ix":10},"p":{"a":0,"k":[540,540,0],"ix":2,"l":2},"a":{"a":0,"k":[540,540,0],"ix":1,"l":2},"s":{"a":0,"k":[100,100,100],"ix":6,"l":2}},"ao":0,"tm":{"a":1,"k":[{"i":{"x":[0.833],"y":[0.833]},"o":{"x":[0.167],"y":[0.167]},"t":333,"s":[0.967]},{"t":387,"s":[1.867],"h":1}],"ix":2},"w":1080,"h":1080,"ip":333,"op":1800,"st":275,"bm":0},{"ddd":0,"ind":3,"ty":0,"nm":"Star explosion","refId":"comp_1","sr":1,"ks":{"o":{"a":0,"k":100,"ix":11},"r":{"a":0,"k":-104,"ix":10},"p":{"a":0,"k":[828,642,0],"ix":2,"l":2},"a":{"a":0,"k":[540,540,0],"ix":1,"l":2},"s":{"a":0,"k":[18.148,18.148,100],"ix":6,"l":2}},"ao":0,"w":1080,"h":1080,"ip":390,"op":432,"st":390,"bm":0},{"ddd":0,"ind":4,"ty":0,"nm":"Star explosion","refId":"comp_1","sr":1,"ks":{"o":{"a":0,"k":100,"ix":11},"r":{"a":0,"k":-22,"ix":10},"p":{"a":0,"k":[256,660,0],"ix":2,"l":2},"a":{"a":0,"k":[540,540,0],"ix":1,"l":2},"s":{"a":0,"k":[18.148,18.148,100],"ix":6,"l":2}},"ao":0,"w":1080,"h":1080,"ip":383,"op":425,"st":383,"bm":0},{"ddd":0,"ind":5,"ty":0,"nm":"Star explosion","refId":"comp_1","sr":1,"ks":{"o":{"a":0,"k":100,"ix":11},"r":{"a":0,"k":-22,"ix":10},"p":{"a":0,"k":[762,274,0],"ix":2,"l":2},"a":{"a":0,"k":[540,540,0],"ix":1,"l":2},"s":{"a":0,"k":[18.148,18.148,100],"ix":6,"l":2}},"ao":0,"w":1080,"h":1080,"ip":373,"op":415,"st":373,"bm":0},{"ddd":0,"ind":6,"ty":4,"nm":"Shape Layer 1","tt":1,"tp":9,"sr":1,"ks":{"o":{"a":0,"k":100,"ix":11},"r":{"a":0,"k":0,"ix":10},"p":{"a":0,"k":[540,540,0],"ix":2,"l":2},"a":{"a":0,"k":[0,0,0],"ix":1,"l":2},"s":{"a":0,"k":[100,100,100],"ix":6,"l":2}},"ao":0,"shapes":[],"ip":323,"op":2140,"st":340,"ct":1,"bm":0},{"ddd":0,"ind":7,"ty":4,"nm":"Calque 2/Add_to_favorite_2 Outlines 3","sr":1,"ks":{"o":{"a":0,"k":100,"ix":11},"r":{"a":0,"k":0,"ix":10},"p":{"a":0,"k":[540,540,0],"ix":2,"l":2},"a":{"a":0,"k":[271,251,0],"ix":1,"l":2},"s":{"a":0,"k":[111,111,100],"ix":6,"l":2}},"ao":0,"shapes":[{"ty":"gr","it":[{"ind":0,"ty":"sh","ix":1,"ks":{"a":0,"k":{"i":[[-0.939,-2.772],[0,0],[0,0],[2.458,-1.712],[0,0],[0,0],[2.424,1.689],[0,0],[0,0],[-0.948,2.798],[0,0],[0,0],[-2.996,0],[0,0],[0,0]],"o":[[0,0],[0,0],[2.996,0],[0,0],[0,0],[0.948,2.798],[0,0],[0,0],[-2.424,1.689],[0,0],[0,0],[-2.458,-1.712],[0,0],[0,0],[0.939,-2.772]],"v":[[2.899,-210.467],[89.805,-85.927],[229.192,-52.528],[230.942,-46.956],[124.666,50.373],[144.686,208.057],[140.037,211.549],[0,147.37],[-140.037,211.549],[-144.686,208.057],[-124.666,50.373],[-230.942,-46.956],[-229.192,-52.528],[-89.805,-85.927],[-2.899,-210.467]],"c":true},"ix":2},"nm":"Path 1","mn":"ADBE Vector Shape - Group","hd":false},{"ty":"st","c":{"a":0,"k":[1,1,1,1],"ix":3},"o":{"a":0,"k":100,"ix":4},"w":{"a":0,"k":0,"ix":5},"lc":1,"lj":1,"ml":10,"bm":0,"nm":"Stroke 1","mn":"ADBE Vector Graphic - Stroke","hd":false},{"ty":"fl","c":{"a":1,"k":[{"i":{"x":[0.833],"y":[0.833]},"o":{"x":[0.167],"y":[0.167]},"t":194,"s":[0.952941179276,0.952941179276,0.952941179276,1]},{"i":{"x":[0.833],"y":[0.833]},"o":{"x":[0.167],"y":[0.167]},"t":331,"s":[1,0.812224328518,0,1]},{"i":{"x":[0.833],"y":[0.833]},"o":{"x":[0.167],"y":[0.167]},"t":400,"s":[1,0.812224328518,0,1]},{"t":537,"s":[0.952941179276,0.952941179276,0.952941179276,1]}],"ix":4},"o":{"a":0,"k":100,"ix":5},"r":1,"bm":0,"nm":"Fill 1","mn":"ADBE Vector Graphic - Fill","hd":false},{"ty":"tr","p":{"a":0,"k":[270.9,250.739],"ix":2},"a":{"a":0,"k":[0,0],"ix":1},"s":{"a":0,"k":[100,100],"ix":3},"r":{"a":0,"k":0,"ix":6},"o":{"a":0,"k":100,"ix":7},"sk":{"a":0,"k":0,"ix":4},"sa":{"a":0,"k":0,"ix":5},"nm":"Transform"}],"nm":"Group 1","np":3,"cix":2,"bm":0,"ix":1,"mn":"ADBE Vector Group","hd":false}],"ip":333,"op":904,"st":123,"ct":1,"bm":0},{"ddd":0,"ind":8,"ty":4,"nm":"Calque 1/Add_to_favorite_2 Outlines 2","sr":1,"ks":{"o":{"a":0,"k":100,"ix":11},"r":{"a":0,"k":0,"ix":10},"p":{"a":0,"k":[540,540,0],"ix":2,"l":2},"a":{"a":0,"k":[383.5,363.5,0],"ix":1,"l":2},"s":{"a":0,"k":[111,111,100],"ix":6,"l":2}},"ao":0,"shapes":[{"ty":"gr","it":[{"ind":0,"ty":"sh","ix":1,"ks":{"a":0,"k":{"i":[[-0.939,-2.772],[0,0],[0,0],[2.458,-1.712],[0,0],[0,0],[2.424,1.689],[0,0],[0,0],[-0.948,2.798],[0,0],[0,0],[-2.996,0],[0,0],[0,0]],"o":[[0,0],[0,0],[2.996,0],[0,0],[0,0],[0.948,2.798],[0,0],[0,0],[-2.424,1.689],[0,0],[0,0],[-2.458,-1.712],[0,0],[0,0],[0.939,-2.772]],"v":[[2.899,-210.467],[89.805,-85.927],[229.192,-52.528],[230.942,-46.956],[124.666,50.373],[144.686,208.057],[140.037,211.549],[0,147.37],[-140.037,211.549],[-144.686,208.057],[-124.666,50.373],[-230.942,-46.956],[-229.192,-52.528],[-89.805,-85.927],[-2.899,-210.467]],"c":true},"ix":2},"nm":"Path 1","mn":"ADBE Vector Shape - Group","hd":false},{"ty":"st","c":{"a":1,"k":[{"i":{"x":[0.833],"y":[0.833]},"o":{"x":[0.167],"y":[0.167]},"t":194,"s":[0.952941179276,0.952941179276,0.952941179276,1]},{"i":{"x":[0.833],"y":[0.833]},"o":{"x":[0.167],"y":[0.167]},"t":330,"s":[1,0.811764717102,0,1]},{"i":{"x":[0.833],"y":[0.833]},"o":{"x":[0.167],"y":[0.167]},"t":400,"s":[1,0.811764717102,0,1]},{"t":536,"s":[0.952941179276,0.952941179276,0.952941179276,1]}],"ix":3},"o":{"a":0,"k":100,"ix":4},"w":{"a":1,"k":[{"i":{"x":[0.214],"y":[1]},"o":{"x":[0.333],"y":[0.216]},"t":137,"s":[0]},{"i":{"x":[0.771],"y":[1]},"o":{"x":[0.694],"y":[0]},"t":151,"s":[84]},{"i":{"x":[0],"y":[0.587]},"o":{"x":[0.212],"y":[0]},"t":161,"s":[16]},{"t":172,"s":[61]}],"ix":5},"lc":1,"lj":1,"ml":10,"bm":0,"nm":"Stroke 1","mn":"ADBE Vector Graphic - Stroke","hd":false},{"ty":"fl","c":{"a":0,"k":[1,1,1,1],"ix":4},"o":{"a":0,"k":100,"ix":5},"r":1,"bm":0,"nm":"Fill 1","mn":"ADBE Vector Graphic - Fill","hd":false},{"ty":"tr","p":{"a":0,"k":[383.4,363.239],"ix":2},"a":{"a":0,"k":[0,0],"ix":1},"s":{"a":0,"k":[100,100],"ix":3},"r":{"a":0,"k":0,"ix":6},"o":{"a":0,"k":100,"ix":7},"sk":{"a":0,"k":0,"ix":4},"sa":{"a":0,"k":0,"ix":5},"nm":"Transform"}],"nm":"Group 1","np":3,"cix":2,"bm":0,"ix":1,"mn":"ADBE Vector Group","hd":false}],"ip":333,"op":654,"st":137,"ct":1,"bm":0},{"ddd":0,"ind":9,"ty":0,"nm":".overflow","cl":"overflow","tt":2,"tp":6,"refId":"comp_3","sr":1,"ks":{"o":{"a":1,"k":[{"i":{"x":[0.833],"y":[0.833]},"o":{"x":[0.167],"y":[0.167]},"t":335,"s":[100]},{"t":348,"s":[0]}],"ix":11},"r":{"a":0,"k":0,"ix":10},"p":{"a":0,"k":[540,540,0],"ix":2,"l":2},"a":{"a":0,"k":[540,540,0],"ix":1,"l":2},"s":{"a":0,"k":[178.873,178.873,100],"ix":6,"l":2}},"ao":0,"hasMask":true,"masksProperties":[{"inv":false,"mode":"s","pt":{"a":1,"k":[{"i":{"x":0.059,"y":1},"o":{"x":0.333,"y":0},"t":328,"s":[{"i":[[-0.873,-1.549],[0,0],[0,0],[-0.373,-1.765],[0,0],[0,0],[0,0],[1.523,-0.991],[2.051,0.929],[0,0],[0,0],[1.74,1.053],[-0.473,1.853],[0,0],[0,0],[-0.779,1.995],[-1.915,0.255],[0,0],[0,0],[-1.279,0.022]],"o":[[0,0],[0,0],[0,0],[0.373,1.765],[0,0],[0,0],[0,0],[0,0],[0,0],[0,0],[0,0],[0,0],[0,0],[0,0],[0,0],[0,0],[0,0],[0,0],[0,0],[0,0]],"v":[[541.567,522.212],[548.661,532.302],[560.134,535.021],[562.247,537.219],[561.626,539.882],[552.925,547.777],[554.541,560.099],[553.422,563.164],[550.19,563.35],[539.066,558.272],[528.003,563.319],[524.772,563.257],[523.564,560.183],[525.154,547.746],[516.839,540.189],[515.938,536.819],[518.407,534.957],[529.456,532.308],[536.799,521.844],[538.98,520.768]],"c":true}]},{"t":343,"s":[{"i":[[-11.215,-19.905],[0,0],[0,0],[-4.791,-22.674],[0,0],[0,0],[0,0],[19.564,-12.73],[26.352,11.934],[0,0],[0,0],[22.359,13.525],[-6.079,23.81],[0,0],[0,0],[-10.007,25.637],[-24.603,3.276],[0,0],[0,0],[-16.439,0.285]],"o":[[0,0],[0,0],[0,0],[4.791,22.674],[0,0],[0,0],[0,0],[0,0],[0,0],[0,0],[0,0],[0,0],[0,0],[0,0],[0,0],[0,0],[0,0],[0,0],[0,0],[0,0]],"v":[[573.288,281.995],[664.435,411.628],[811.851,446.569],[839.002,474.812],[831.016,509.023],[719.222,610.46],[739.984,768.783],[725.61,808.165],[684.086,810.551],[541.151,745.312],[399.013,810.153],[357.489,809.357],[341.977,769.864],[362.402,610.061],[255.572,512.973],[243.993,469.676],[275.712,445.749],[417.679,411.709],[512.027,277.26],[540.045,263.445]],"c":true}]}],"ix":1},"o":{"a":0,"k":100,"ix":3},"x":{"a":0,"k":0,"ix":4},"nm":".overflow"}],"w":1080,"h":1080,"ip":328,"op":947,"st":0,"bm":0},{"ddd":0,"ind":10,"ty":3,"nm":"Null 3","sr":1,"ks":{"o":{"a":0,"k":0,"ix":11},"r":{"a":1,"k":[{"i":{"x":[0.602],"y":[1]},"o":{"x":[0.925],"y":[0]},"t":73,"s":[0]},{"t":293,"s":[1440]}],"ix":10},"p":{"a":0,"k":[540,540,0],"ix":2,"l":2,"x":"var $bm_rt;\n$bm_rt = wiggle(1, 1);"},"a":{"a":0,"k":[0,0,0],"ix":1,"l":2},"s":{"a":1,"k":[{"i":{"x":[0,0,0.667],"y":[1,1,1]},"o":{"x":[0.167,0.167,0.167],"y":[0.167,0.167,4.167]},"t":54,"s":[100,100,100]},{"i":{"x":[0.604,0.604,0.667],"y":[1,1,1]},"o":{"x":[0.333,0.333,0.333],"y":[0,0,0]},"t":82,"s":[25,25,100]},{"i":{"x":[0.667,0.667,0.667],"y":[1,1,1]},"o":{"x":[0.877,0.877,0.333],"y":[0,0,0]},"t":302,"s":[10,10,100]},{"i":{"x":[0,0,0.667],"y":[1,1,1]},"o":{"x":[0.172,0.172,0.333],"y":[0,0,0]},"t":322,"s":[170,170,100]},{"t":337,"s":[181,181,100]}],"ix":6,"l":2}},"ao":0,"ip":54,"op":1873,"st":73,"bm":0},{"ddd":0,"ind":11,"ty":0,"nm":"Start_emphasis","parent":10,"refId":"comp_3","sr":1,"ks":{"o":{"a":0,"k":100,"ix":11},"r":{"a":0,"k":0,"ix":10},"p":{"a":0,"k":[0,0,0],"ix":2,"l":2},"a":{"a":0,"k":[540,540,0],"ix":1,"l":2},"s":{"a":0,"k":[100,100,100],"ix":6,"l":2}},"ao":0,"w":1080,"h":1080,"ip":0,"op":328,"st":0,"bm":0},{"ddd":0,"ind":12,"ty":0,"nm":".overflow","cl":"overflow","refId":"comp_4","sr":1,"ks":{"o":{"a":0,"k":100,"ix":11},"r":{"a":0,"k":0,"ix":10},"p":{"a":0,"k":[540,540,0],"ix":2,"l":2,"x":"var $bm_rt;\n$bm_rt = wiggle(2, 2);"},"a":{"a":0,"k":[540,540,0],"ix":1,"l":2},"s":{"a":0,"k":[105,105,100],"ix":6,"l":2}},"ao":0,"w":1080,"h":1080,"ip":0,"op":1800,"st":0,"bm":0},{"ddd":0,"ind":13,"ty":0,"nm":".overflow 4","cl":"overflow","refId":"comp_2","sr":1,"ks":{"o":{"a":0,"k":100,"ix":11},"r":{"a":0,"k":0,"ix":10},"p":{"a":0,"k":[536,540,0],"ix":2,"l":2,"x":"var $bm_rt;\n$bm_rt = wiggle(6, 4);"},"a":{"a":0,"k":[539.783,18.443,0],"ix":1,"l":2},"s":{"a":0,"k":[135.556,363.704,100],"ix":6,"l":2}},"ao":0,"w":1080,"h":1080,"ip":333,"op":2133,"st":333,"bm":0},{"ddd":0,"ind":14,"ty":0,"nm":".overflow 3","cl":"overflow","refId":"comp_2","sr":1,"ks":{"o":{"a":0,"k":100,"ix":11},"r":{"a":0,"k":180,"ix":10},"p":{"a":0,"k":[534,656,0],"ix":2,"l":2,"x":"var $bm_rt;\n$bm_rt = wiggle(6, 4);"},"a":{"a":0,"k":[537.354,-0.08,0],"ix":1,"l":2},"s":{"a":0,"k":[139.436,362.222,100],"ix":6,"l":2}},"ao":0,"w":1080,"h":1080,"ip":333,"op":2133,"st":333,"bm":0},{"ddd":0,"ind":15,"ty":0,"nm":".overflow 2","cl":"overflow","refId":"comp_2","sr":1,"ks":{"o":{"a":0,"k":100,"ix":11},"r":{"a":0,"k":-90,"ix":10},"p":{"a":0,"k":[447,566,0],"ix":2,"l":2,"x":"var $bm_rt;\n$bm_rt = wiggle(6, 4);"},"a":{"a":0,"k":[539.174,-0.278,0],"ix":1,"l":2},"s":{"a":0,"k":[135.556,363.704,100],"ix":6,"l":2}},"ao":0,"w":1080,"h":1080,"ip":333,"op":2133,"st":333,"bm":0},{"ddd":0,"ind":16,"ty":0,"nm":".overflow","cl":"overflow","refId":"comp_2","sr":1,"ks":{"o":{"a":0,"k":100,"ix":11},"r":{"a":0,"k":90,"ix":10},"p":{"a":0,"k":[612,536,0],"ix":2,"l":2,"x":"var $bm_rt;\n$bm_rt = wiggle(6, 4);"},"a":{"a":0,"k":[503.062,2.939,0],"ix":1,"l":2},"s":{"a":0,"k":[139.436,362.222,100],"ix":6,"l":2}},"ao":0,"w":1080,"h":1080,"ip":333,"op":2133,"st":333,"bm":0}],"markers":[{"tm":18,"cm":"off-start","dr":0},{"tm":20,"cm":"off-end","dr":0},{"tm":54,"cm":"on-start","dr":0},{"tm":144,"cm":"2","dr":0},{"tm":295,"cm":"1","dr":0},{"tm":439,"cm":"on-end","dr":0}],"props":{}}