{"v":"5.12.1","fr":60,"ip":0,"op":445,"w":1080,"h":1080,"nm":"unexpected","ddd":0,"assets":[{"id":"audio_0","u":"images/","p":"aud_0.mp3","e":0,"t":2},{"id":"audio_1","u":"images/","p":"aud_1.mp3","e":0,"t":2},{"id":"audio_2","u":"images/","p":"aud_2.mp3","e":0,"t":2},{"id":"audio_3","u":"images/","p":"aud_3.mp3","e":0,"t":2},{"id":"audio_4","u":"images/","p":"aud_4.mp3","e":0,"t":2},{"id":"audio_5","u":"images/","p":"aud_5.mp3","e":0,"t":2},{"id":"audio_6","u":"images/","p":"aud_6.mp3","e":0,"t":2},{"id":"comp_0","nm":"Anim_ clickPaillette 7","fr":60,"layers":[{"ddd":0,"ind":1,"ty":0,"nm":"rouage 2","refId":"comp_1","sr":1,"ks":{"o":{"a":1,"k":[{"i":{"x":[0.833],"y":[0.833]},"o":{"x":[0.167],"y":[0.167]},"t":31,"s":[50]},{"t":47,"s":[0]}],"ix":11},"r":{"a":1,"k":[{"i":{"x":[0.739],"y":[1]},"o":{"x":[0.346],"y":[0]},"t":0,"s":[0]},{"i":{"x":[0.667],"y":[1]},"o":{"x":[0.613],"y":[0]},"t":16,"s":[37.469]},{"t":23,"s":[36],"h":1},{"i":{"x":[0.739],"y":[1]},"o":{"x":[0.346],"y":[0]},"t":137,"s":[0]},{"i":{"x":[0.667],"y":[1]},"o":{"x":[0.613],"y":[0]},"t":153,"s":[37.469]},{"t":160,"s":[36],"h":1}],"ix":10},"p":{"a":0,"k":[1506,1512,0],"ix":2,"l":2},"a":{"a":0,"k":[540,540,0],"ix":1,"l":2},"s":{"a":0,"k":[122,122,100],"ix":6,"l":2}},"ao":0,"tm":{"a":1,"k":[{"i":{"x":[0.833],"y":[0.833]},"o":{"x":[0.167],"y":[0.167]},"t":66,"s":[1.1]},{"i":{"x":[0.833],"y":[0.833]},"o":{"x":[0.167],"y":[0.167]},"t":74,"s":[1.183]},{"i":{"x":[0.833],"y":[0.833]},"o":{"x":[0.167],"y":[0.167]},"t":183,"s":[1.183]},{"t":191,"s":[1.1]}],"ix":2},"w":1080,"h":1080,"ip":0,"op":1800,"st":0,"bm":0},{"ddd":0,"ind":2,"ty":4,"nm":"Calque 2/Avocado Outlines","sr":1,"ks":{"o":{"a":1,"k":[{"i":{"x":[0.833],"y":[0.833]},"o":{"x":[0.167],"y":[0.167]},"t":174,"s":[0]},{"t":183,"s":[100]}],"ix":11},"r":{"a":1,"k":[{"i":{"x":[0.833],"y":[0.833]},"o":{"x":[0.167],"y":[0.167]},"t":204,"s":[174]},{"t":279,"s":[-31]}],"ix":10},"p":{"a":1,"k":[{"i":{"x":0.833,"y":0.833},"o":{"x":0.167,"y":0.167},"t":185,"s":[460,-564,0],"to":[0,0,0],"ti":[0,0,0]},{"i":{"x":0.833,"y":0.833},"o":{"x":0.167,"y":0.167},"t":204,"s":[588,1660,0],"to":[0,0,0],"ti":[0,0,0]},{"t":279,"s":[7852,9580,0]}],"ix":2,"l":2},"a":{"a":0,"k":[164.316,220.876,0],"ix":1,"l":2},"s":{"a":0,"k":[234,234,100],"ix":6,"l":2}},"ao":0,"shapes":[{"ty":"gr","it":[{"ind":0,"ty":"sh","ix":1,"ks":{"a":0,"k":{"i":[[-62.732,-3.281],[-11.181,-33.088],[62.851,-58.872],[50.925,46.177],[-16.135,42.542]],"o":[[55.061,2.88],[18.333,54.249],[-49.8,46.647],[-68.085,-61.737],[5.885,-15.517]],"v":[[10.76,-196.067],[109.042,-65.287],[99.402,151.045],[-94.168,153.171],[-102.815,-65.287]],"c":true},"ix":2},"nm":"Path 1","mn":"ADBE Vector Shape - Group","hd":false},{"ty":"st","c":{"a":0,"k":[0.211781221278,0.211387125651,0.207956037334,1],"ix":3},"o":{"a":0,"k":100,"ix":4},"w":{"a":0,"k":16,"ix":5},"lc":1,"lj":1,"ml":10,"bm":0,"nm":"Stroke 1","mn":"ADBE Vector Graphic - Stroke","hd":false},{"ty":"fl","c":{"a":0,"k":[0.613174558153,0.77331052294,0.216481003107,1],"ix":4},"o":{"a":0,"k":100,"ix":5},"r":1,"bm":0,"nm":"Fill 1","mn":"ADBE Vector Graphic - Fill","hd":false},{"ty":"tr","p":{"a":0,"k":[162.283,225.477],"ix":2},"a":{"a":0,"k":[0,0],"ix":1},"s":{"a":0,"k":[100,100],"ix":3},"r":{"a":0,"k":0,"ix":6},"o":{"a":0,"k":100,"ix":7},"sk":{"a":0,"k":0,"ix":4},"sa":{"a":0,"k":0,"ix":5},"nm":"Transform"}],"nm":"Group 1","np":3,"cix":2,"bm":0,"ix":1,"mn":"ADBE Vector Group","hd":false}],"ip":0,"op":1800,"st":0,"ct":1,"bm":0},{"ddd":0,"ind":3,"ty":4,"nm":"pomme","sr":1,"ks":{"o":{"a":1,"k":[{"i":{"x":[0.833],"y":[0.833]},"o":{"x":[0.167],"y":[0.167]},"t":127,"s":[0]},{"t":136,"s":[100]}],"ix":11},"r":{"a":1,"k":[{"i":{"x":[0.833],"y":[0.833]},"o":{"x":[0.167],"y":[0.167]},"t":150,"s":[-35]},{"t":230,"s":[47]}],"ix":10},"p":{"a":1,"k":[{"i":{"x":0.833,"y":0.833},"o":{"x":0.167,"y":0.167},"t":133,"s":[3260,3404,0],"to":[0,0,0],"ti":[0,0,0]},{"i":{"x":0.833,"y":0.833},"o":{"x":0.167,"y":0.167},"t":153,"s":[1916,1836,0],"to":[0,0,0],"ti":[0,0,0]},{"t":222,"s":[2812,-2740,0]}],"ix":2,"l":2},"a":{"a":0,"k":[297.638,190.448,0],"ix":1,"l":2},"s":{"a":0,"k":[211,211,100],"ix":6,"l":2}},"ao":0,"shapes":[{"ty":"gr","it":[{"ind":0,"ty":"sh","ix":1,"ks":{"a":0,"k":{"i":[[-44.467,0.595],[-27.644,-3.835],[-8.837,-10.027],[4.903,-15.108],[65.403,-13.591],[14.585,6.203],[20.834,2.117],[4.876,15.095],[-54.789,59.965],[-32.331,6.108]],"o":[[38.351,-0.513],[36.173,5.018],[52.881,59.997],[-7.182,22.138],[-26.517,5.51],[-12.914,6.302],[-71.583,-7.277],[-4.221,-13.064],[6.285,-6.879],[31.219,-5.898]],"v":[[2.746,-152.138],[73.714,-160.74],[143.966,-120.595],[161.887,47.148],[63.679,161.844],[-1.062,153.958],[-52.966,164.278],[-162.847,44.281],[-142.058,-125.613],[-82.56,-161.456]],"c":true},"ix":2},"nm":"Path 1","mn":"ADBE Vector Shape - Group","hd":false},{"ty":"st","c":{"a":0,"k":[0,0,0,1],"ix":3},"o":{"a":0,"k":100,"ix":4},"w":{"a":0,"k":16,"ix":5},"lc":1,"lj":1,"ml":10,"bm":0,"nm":"Stroke 1","mn":"ADBE Vector Graphic - Stroke","hd":false},{"ty":"fl","c":{"a":0,"k":[0.762129959406,0.196199035645,0.224589912564,1],"ix":4},"o":{"a":0,"k":100,"ix":5},"r":1,"bm":0,"nm":"Fill 1","mn":"ADBE Vector Graphic - Fill","hd":false},{"ty":"tr","p":{"a":0,"k":[297.579,189.484],"ix":2},"a":{"a":0,"k":[0,0],"ix":1},"s":{"a":0,"k":[100,100],"ix":3},"r":{"a":0,"k":0,"ix":6},"o":{"a":0,"k":100,"ix":7},"sk":{"a":0,"k":0,"ix":4},"sa":{"a":0,"k":0,"ix":5},"nm":"Transform"}],"nm":"Group 1","np":3,"cix":2,"bm":0,"ix":1,"mn":"ADBE Vector Group","hd":false}],"ip":0,"op":1800,"st":0,"ct":1,"bm":0},{"ddd":0,"ind":4,"ty":4,"nm":"pain","sr":1,"ks":{"o":{"a":1,"k":[{"i":{"x":[0.833],"y":[0.833]},"o":{"x":[0.167],"y":[0.167]},"t":78,"s":[0]},{"t":87,"s":[100]}],"ix":11},"r":{"a":1,"k":[{"i":{"x":[0.833],"y":[0.833]},"o":{"x":[0.167],"y":[0.167]},"t":106,"s":[0]},{"t":179,"s":[-62]}],"ix":10},"p":{"a":1,"k":[{"i":{"x":0.833,"y":0.833},"o":{"x":0.167,"y":0.167},"t":85,"s":[1500,3716,0],"to":[0,0,0],"ti":[0,0,0]},{"i":{"x":0.833,"y":0.833},"o":{"x":0.167,"y":0.167},"t":110,"s":[1500,1515,0],"to":[0,0,0],"ti":[0,0,0]},{"t":207,"s":[-3140,-3285,0]}],"ix":2,"l":2},"a":{"a":0,"k":[297.709,604.059,0],"ix":1,"l":2},"s":{"a":0,"k":[286,286,100],"ix":6,"l":2}},"ao":0,"shapes":[{"ty":"gr","it":[{"ind":0,"ty":"sh","ix":1,"ks":{"a":0,"k":{"i":[[-3.075,3.936],[2.922,14.613],[-4.702,4.25],[-26.026,6.286],[-3.07,-0.013],[-33.241,-30.348],[0.348,-19.333],[3.367,-2.379],[-3.273,-4.966],[6.855,-45.671],[1.262,-1.641],[86.131,-0.634],[17.265,19.365],[9.935,77.917],[-7.073,17.882]],"o":[[-4.55,-3.446],[-5.022,-25.12],[8.46,-7.649],[42.804,-10.34],[49.058,0.205],[8.73,7.97],[-0.409,22.687],[2.23,1.998],[11.49,17.435],[-4.266,28.422],[-18.763,24.411],[-71.74,0.528],[-5.764,-6.464],[-1.145,-8.987],[3.199,-8.087]],"v":[[-128.1,-32.092],[-146.185,-59.219],[-124.483,-108.5],[-79.723,-127.941],[0.302,-138.34],[128.252,-107.596],[150.858,-66.905],[126.896,-27.119],[135.905,-16.697],[137.294,69.635],[129.608,113.943],[-15.522,118.916],[-129.908,114.395],[-142.335,28.916],[-138.499,-14.007]],"c":true},"ix":2},"nm":"Path 1","mn":"ADBE Vector Shape - Group","hd":false},{"ty":"st","c":{"a":0,"k":[0,0,0,1],"ix":3},"o":{"a":0,"k":100,"ix":4},"w":{"a":0,"k":9,"ix":5},"lc":1,"lj":1,"ml":10,"bm":0,"nm":"Stroke 1","mn":"ADBE Vector Graphic - Stroke","hd":false},{"ty":"fl","c":{"a":0,"k":[0.714607448204,0.533196004232,0.347846595914,1],"ix":4},"o":{"a":0,"k":100,"ix":5},"r":1,"bm":0,"nm":"Fill 1","mn":"ADBE Vector Graphic - Fill","hd":false},{"ty":"tr","p":{"a":0,"k":[295.739,610.19],"ix":2},"a":{"a":0,"k":[0,0],"ix":1},"s":{"a":0,"k":[100,100],"ix":3},"r":{"a":0,"k":0,"ix":6},"o":{"a":0,"k":100,"ix":7},"sk":{"a":0,"k":0,"ix":4},"sa":{"a":0,"k":0,"ix":5},"nm":"Transform"}],"nm":"Group 1","np":3,"cix":2,"bm":0,"ix":1,"mn":"ADBE Vector Group","hd":false}],"ip":0,"op":1800,"st":0,"ct":1,"bm":0},{"ddd":0,"ind":5,"ty":0,"nm":"rouage","refId":"comp_2","sr":1,"ks":{"o":{"a":0,"k":100,"ix":11},"r":{"a":1,"k":[{"i":{"x":[0.833],"y":[0.833]},"o":{"x":[0.273],"y":[0]},"t":87,"s":[0]},{"i":{"x":[0],"y":[0.335]},"o":{"x":[0.167],"y":[0.167]},"t":287,"s":[3834]},{"t":317,"s":[3600]}],"ix":10},"p":{"a":1,"k":[{"i":{"x":0.833,"y":0.833},"o":{"x":0.167,"y":0.136},"t":126,"s":[1500,1500,0],"to":[0,0,0],"ti":[0,0,0]},{"i":{"x":0.833,"y":0.833},"o":{"x":0.167,"y":0.167},"t":147,"s":[2436,2428,0],"to":[0,0,0],"ti":[0,0,0]},{"i":{"x":0.833,"y":0.833},"o":{"x":0.167,"y":0.167},"t":174,"s":[2436,2428,0],"to":[0,0,0],"ti":[0,0,0]},{"i":{"x":0.833,"y":0.833},"o":{"x":0.167,"y":0.167},"t":209,"s":[524,1596,0],"to":[0,0,0],"ti":[0,0,0]},{"i":{"x":0.833,"y":0.833},"o":{"x":0.167,"y":0.167},"t":249,"s":[524,1596,0],"to":[0,0,0],"ti":[0,0,0]},{"t":258,"s":[1500,1500,0]}],"ix":2,"l":2},"a":{"a":0,"k":[540,540,0],"ix":1,"l":2},"s":{"a":0,"k":[98,98,100],"ix":6,"l":2}},"ao":0,"w":1080,"h":1080,"ip":0,"op":1800,"st":0,"bm":0},{"ddd":0,"ind":6,"ty":4,"nm":"Calque 1/Avocado Outlines","sr":1,"ks":{"o":{"a":1,"k":[{"i":{"x":[0.833],"y":[0.833]},"o":{"x":[0.167],"y":[0.167]},"t":174,"s":[0]},{"t":183,"s":[100]}],"ix":11},"r":{"a":1,"k":[{"i":{"x":[0.833],"y":[0.833]},"o":{"x":[0.167],"y":[0.167]},"t":204,"s":[174]},{"t":279,"s":[234]}],"ix":10},"p":{"a":1,"k":[{"i":{"x":0.833,"y":0.833},"o":{"x":0.167,"y":0.167},"t":185,"s":[460,-564,0],"to":[0,0,0],"ti":[0,0,0]},{"i":{"x":0.833,"y":0.833},"o":{"x":0.167,"y":0.167},"t":204,"s":[588,1660,0],"to":[0,0,0],"ti":[0,0,0]},{"t":279,"s":[-3588,7036,0]}],"ix":2,"l":2},"a":{"a":0,"k":[404.277,548.592,0],"ix":1,"l":2},"s":{"a":0,"k":[234,234,100],"ix":6,"l":2}},"ao":0,"shapes":[{"ty":"gr","it":[{"ind":0,"ty":"sh","ix":1,"ks":{"a":0,"k":{"i":[[0,-31.871],[28.815,0],[0,31.871],[-28.815,0]],"o":[[0,31.871],[-28.815,0],[0,-31.871],[28.815,0]],"v":[[52.174,0],[0,57.707],[-52.174,0],[0,-57.707]],"c":true},"ix":2},"nm":"Path 1","mn":"ADBE Vector Shape - Group","hd":false},{"ty":"fl","c":{"a":0,"k":[0.604681576,0.422551562739,0.285108678481,1],"ix":4},"o":{"a":0,"k":100,"ix":5},"r":1,"bm":0,"nm":"Fill 1","mn":"ADBE Vector Graphic - Fill","hd":false},{"ty":"tr","p":{"a":0,"k":[403.437,616.76],"ix":2},"a":{"a":0,"k":[0,0],"ix":1},"s":{"a":0,"k":[100,100],"ix":3},"r":{"a":0,"k":0,"ix":6},"o":{"a":0,"k":100,"ix":7},"sk":{"a":0,"k":0,"ix":4},"sa":{"a":0,"k":0,"ix":5},"nm":"Transform"}],"nm":"Group 1","np":2,"cix":2,"bm":0,"ix":1,"mn":"ADBE Vector Group","hd":false},{"ty":"gr","it":[{"ind":0,"ty":"sh","ix":1,"ks":{"a":0,"k":{"i":[[-62.732,-3.281],[-11.181,-33.088],[62.851,-58.872],[50.925,46.177],[-16.135,42.542]],"o":[[55.061,2.88],[18.333,54.249],[-49.8,46.647],[-68.085,-61.737],[5.885,-15.517]],"v":[[10.76,-196.067],[109.042,-65.287],[99.402,151.045],[-94.168,153.171],[-102.815,-65.287]],"c":true},"ix":2},"nm":"Path 1","mn":"ADBE Vector Shape - Group","hd":false},{"ty":"st","c":{"a":0,"k":[0.211781221278,0.211387125651,0.207956037334,1],"ix":3},"o":{"a":0,"k":100,"ix":4},"w":{"a":0,"k":16,"ix":5},"lc":1,"lj":1,"ml":10,"bm":0,"nm":"Stroke 1","mn":"ADBE Vector Graphic - Stroke","hd":false},{"ty":"fl","c":{"a":0,"k":[0.762326528512,0.846456729665,0.491060055003,1],"ix":4},"o":{"a":0,"k":100,"ix":5},"r":1,"bm":0,"nm":"Fill 1","mn":"ADBE Vector Graphic - Fill","hd":false},{"ty":"tr","p":{"a":0,"k":[402.244,553.194],"ix":2},"a":{"a":0,"k":[0,0],"ix":1},"s":{"a":0,"k":[100,100],"ix":3},"r":{"a":0,"k":0,"ix":6},"o":{"a":0,"k":100,"ix":7},"sk":{"a":0,"k":0,"ix":4},"sa":{"a":0,"k":0,"ix":5},"nm":"Transform"}],"nm":"Group 2","np":3,"cix":2,"bm":0,"ix":2,"mn":"ADBE Vector Group","hd":false}],"ip":0,"op":1800,"st":0,"ct":1,"bm":0},{"ddd":0,"ind":7,"ty":4,"nm":"pomme","sr":1,"ks":{"o":{"a":1,"k":[{"i":{"x":[0.833],"y":[0.833]},"o":{"x":[0.167],"y":[0.167]},"t":127,"s":[0]},{"t":136,"s":[100]}],"ix":11},"r":{"a":1,"k":[{"i":{"x":[0.833],"y":[0.833]},"o":{"x":[0.167],"y":[0.167]},"t":150,"s":[-35]},{"t":230,"s":[-76]}],"ix":10},"p":{"a":1,"k":[{"i":{"x":0.833,"y":0.833},"o":{"x":0.167,"y":0.167},"t":133,"s":[3260,3404,0],"to":[0,0,0],"ti":[0,0,0]},{"i":{"x":0.833,"y":0.833},"o":{"x":0.167,"y":0.167},"t":153,"s":[1916,1836,0],"to":[0,0,0],"ti":[0,0,0]},{"t":247,"s":[-8668,-804,0]}],"ix":2,"l":2},"a":{"a":0,"k":[297.638,570.959,0],"ix":1,"l":2},"s":{"a":0,"k":[211,211,100],"ix":6,"l":2}},"ao":0,"shapes":[{"ty":"gr","it":[{"ind":0,"ty":"sh","ix":1,"ks":{"a":0,"k":{"i":[[0,-9.723],[1.945,0],[0,9.723],[-1.945,0]],"o":[[0,9.723],[-1.945,0],[0,-9.723],[1.945,0]],"v":[[3.521,0],[0,17.605],[-3.521,0],[0,-17.605]],"c":true},"ix":2},"nm":"Path 1","mn":"ADBE Vector Shape - Group","hd":false},{"ty":"st","c":{"a":0,"k":[0,0,0,1],"ix":3},"o":{"a":0,"k":100,"ix":4},"w":{"a":0,"k":16,"ix":5},"lc":1,"lj":1,"ml":10,"bm":0,"nm":"Stroke 1","mn":"ADBE Vector Graphic - Stroke","hd":false},{"ty":"fl","c":{"a":0,"k":[0.96967384488,0.952910060509,0.709752161363,1],"ix":4},"o":{"a":0,"k":100,"ix":5},"r":1,"bm":0,"nm":"Fill 1","mn":"ADBE Vector Graphic - Fill","hd":false},{"ty":"tr","p":{"a":0,"k":[330.114,562.523],"ix":2},"a":{"a":0,"k":[0,0],"ix":1},"s":{"a":0,"k":[100,100],"ix":3},"r":{"a":0,"k":0,"ix":6},"o":{"a":0,"k":100,"ix":7},"sk":{"a":0,"k":0,"ix":4},"sa":{"a":0,"k":0,"ix":5},"nm":"Transform"}],"nm":"Group 1","np":3,"cix":2,"bm":0,"ix":1,"mn":"ADBE Vector Group","hd":false},{"ty":"gr","it":[{"ind":0,"ty":"sh","ix":1,"ks":{"a":0,"k":{"i":[[0,-9.723],[1.945,0],[0,9.723],[-1.945,0]],"o":[[0,9.723],[-1.945,0],[0,-9.723],[1.945,0]],"v":[[3.521,0],[0,17.605],[-3.521,0],[0,-17.605]],"c":true},"ix":2},"nm":"Path 1","mn":"ADBE Vector Shape - Group","hd":false},{"ty":"st","c":{"a":0,"k":[0,0,0,1],"ix":3},"o":{"a":0,"k":100,"ix":4},"w":{"a":0,"k":16,"ix":5},"lc":1,"lj":1,"ml":10,"bm":0,"nm":"Stroke 1","mn":"ADBE Vector Graphic - Stroke","hd":false},{"ty":"fl","c":{"a":0,"k":[0.96967384488,0.952910060509,0.709752161363,1],"ix":4},"o":{"a":0,"k":100,"ix":5},"r":1,"bm":0,"nm":"Fill 1","mn":"ADBE Vector Graphic - Fill","hd":false},{"ty":"tr","p":{"a":0,"k":[262.309,562.523],"ix":2},"a":{"a":0,"k":[0,0],"ix":1},"s":{"a":0,"k":[100,100],"ix":3},"r":{"a":0,"k":0,"ix":6},"o":{"a":0,"k":100,"ix":7},"sk":{"a":0,"k":0,"ix":4},"sa":{"a":0,"k":0,"ix":5},"nm":"Transform"}],"nm":"Group 2","np":3,"cix":2,"bm":0,"ix":2,"mn":"ADBE Vector Group","hd":false},{"ty":"gr","it":[{"ind":0,"ty":"sh","ix":1,"ks":{"a":0,"k":{"i":[[-44.467,0.595],[-27.644,-3.835],[-8.837,-10.027],[4.903,-15.108],[65.403,-13.591],[14.585,6.203],[20.834,2.118],[4.876,15.095],[-54.789,59.965],[-32.331,6.108]],"o":[[38.351,-0.513],[36.173,5.018],[52.881,59.997],[-7.182,22.138],[-26.517,5.51],[-12.914,6.302],[-71.583,-7.277],[-4.221,-13.064],[6.285,-6.879],[31.219,-5.898]],"v":[[2.746,-152.138],[73.714,-160.74],[143.966,-120.595],[161.887,47.147],[63.679,161.844],[-1.062,153.958],[-52.966,164.277],[-162.847,44.281],[-142.058,-125.613],[-82.56,-161.457]],"c":true},"ix":2},"nm":"Path 1","mn":"ADBE Vector Shape - Group","hd":false},{"ty":"st","c":{"a":0,"k":[0,0,0,1],"ix":3},"o":{"a":0,"k":100,"ix":4},"w":{"a":0,"k":16,"ix":5},"lc":1,"lj":1,"ml":10,"bm":0,"nm":"Stroke 1","mn":"ADBE Vector Graphic - Stroke","hd":false},{"ty":"fl","c":{"a":0,"k":[0.96967384488,0.952910060509,0.709752161363,1],"ix":4},"o":{"a":0,"k":100,"ix":5},"r":1,"bm":0,"nm":"Fill 1","mn":"ADBE Vector Graphic - Fill","hd":false},{"ty":"tr","p":{"a":0,"k":[297.579,569.995],"ix":2},"a":{"a":0,"k":[0,0],"ix":1},"s":{"a":0,"k":[100,100],"ix":3},"r":{"a":0,"k":0,"ix":6},"o":{"a":0,"k":100,"ix":7},"sk":{"a":0,"k":0,"ix":4},"sa":{"a":0,"k":0,"ix":5},"nm":"Transform"}],"nm":"Group 3","np":3,"cix":2,"bm":0,"ix":3,"mn":"ADBE Vector Group","hd":false}],"ip":0,"op":1800,"st":0,"ct":1,"bm":0},{"ddd":0,"ind":8,"ty":4,"nm":"pain","sr":1,"ks":{"o":{"a":1,"k":[{"i":{"x":[0.833],"y":[0.833]},"o":{"x":[0.167],"y":[0.167]},"t":78,"s":[0]},{"t":87,"s":[100]}],"ix":11},"r":{"a":1,"k":[{"i":{"x":[0.833],"y":[0.833]},"o":{"x":[0.167],"y":[0.167]},"t":106,"s":[0]},{"t":179,"s":[72]}],"ix":10},"p":{"a":1,"k":[{"i":{"x":0.833,"y":0.833},"o":{"x":0.167,"y":0.167},"t":85,"s":[1500,3716,0],"to":[0,0,0],"ti":[0,0,0]},{"i":{"x":0.833,"y":0.833},"o":{"x":0.167,"y":0.167},"t":110,"s":[1500,1515,0],"to":[0,0,0],"ti":[0,0,0]},{"t":207,"s":[5980,-3221,0]}],"ix":2,"l":2},"a":{"a":0,"k":[299.193,234.395,0],"ix":1,"l":2},"s":{"a":0,"k":[286,286,100],"ix":6,"l":2}},"ao":0,"shapes":[{"ty":"gr","it":[{"ind":0,"ty":"sh","ix":1,"ks":{"a":0,"k":{"i":[[-3.075,3.936],[2.922,14.613],[-4.702,4.25],[-26.026,6.286],[-3.07,-0.013],[-33.241,-30.348],[0.348,-19.333],[3.367,-2.379],[-3.273,-4.966],[6.855,-45.671],[1.262,-1.641],[86.131,-0.634],[17.265,19.365],[9.935,77.917],[-7.073,17.882]],"o":[[-4.55,-3.446],[-5.022,-25.12],[8.46,-7.649],[42.804,-10.34],[49.058,0.205],[8.729,7.97],[-0.409,22.687],[2.23,1.998],[11.49,17.435],[-4.266,28.422],[-18.763,24.411],[-71.74,0.528],[-5.764,-6.464],[-1.145,-8.987],[3.199,-8.087]],"v":[[-128.1,-32.093],[-146.185,-59.219],[-124.483,-108.5],[-79.723,-127.942],[0.302,-138.341],[128.252,-107.596],[150.858,-66.906],[126.896,-27.119],[135.905,-16.697],[137.294,69.635],[129.608,113.942],[-15.522,118.915],[-129.908,114.394],[-142.335,28.916],[-138.499,-14.007]],"c":true},"ix":2},"nm":"Path 1","mn":"ADBE Vector Shape - Group","hd":false},{"ty":"st","c":{"a":0,"k":[0.713725507259,0.533333361149,0.349019616842,1],"ix":3},"o":{"a":0,"k":100,"ix":4},"w":{"a":0,"k":9,"ix":5},"lc":1,"lj":1,"ml":10,"bm":0,"nm":"Stroke 1","mn":"ADBE Vector Graphic - Stroke","hd":false},{"ty":"fl","c":{"a":0,"k":[1,0.999998863071,1,1],"ix":4},"o":{"a":0,"k":100,"ix":5},"r":1,"bm":0,"nm":"Fill 1","mn":"ADBE Vector Graphic - Fill","hd":false},{"ty":"tr","p":{"a":0,"k":[297.223,240.527],"ix":2},"a":{"a":0,"k":[0,0],"ix":1},"s":{"a":0,"k":[100,100],"ix":3},"r":{"a":0,"k":0,"ix":6},"o":{"a":0,"k":100,"ix":7},"sk":{"a":0,"k":0,"ix":4},"sa":{"a":0,"k":0,"ix":5},"nm":"Transform"}],"nm":"Group 1","np":3,"cix":2,"bm":0,"ix":1,"mn":"ADBE Vector Group","hd":false}],"ip":0,"op":1800,"st":0,"ct":1,"bm":0},{"ddd":0,"ind":9,"ty":4,"nm":".hitbox","cl":"hitbox","sr":1,"ks":{"o":{"a":0,"k":3,"ix":11},"r":{"a":0,"k":0,"ix":10},"p":{"a":0,"k":[1500,1500,0],"ix":2,"l":2},"a":{"a":0,"k":[0,0,0],"ix":1,"l":2},"s":{"a":0,"k":[70,70,100],"ix":6,"l":2}},"ao":0,"shapes":[{"ty":"gr","it":[{"d":1,"ty":"el","s":{"a":0,"k":[1080,1080],"ix":2},"p":{"a":0,"k":[0,0],"ix":3},"nm":"Ellipse Path 1","mn":"ADBE Vector Shape - Ellipse","hd":false},{"ty":"fl","c":{"a":0,"k":[0,0,0,1],"ix":4},"o":{"a":0,"k":100,"ix":5},"r":1,"bm":0,"nm":"Fill 1","mn":"ADBE Vector Graphic - Fill","hd":false},{"ty":"tr","p":{"a":0,"k":[0,0],"ix":2},"a":{"a":0,"k":[0,0],"ix":1},"s":{"a":0,"k":[100,100],"ix":3},"r":{"a":0,"k":0,"ix":6},"o":{"a":0,"k":100,"ix":7},"sk":{"a":0,"k":0,"ix":4},"sa":{"a":0,"k":0,"ix":5},"nm":"Transform"}],"nm":"Ellipse 1","np":3,"cix":2,"bm":0,"ix":1,"mn":"ADBE Vector Group","hd":false}],"ip":0,"op":1800,"st":0,"ct":1,"bm":0}]},{"id":"comp_1","nm":"rouage 2","fr":60,"layers":[{"ddd":0,"ind":1,"ty":4,"nm":"Shape Layer 1","tt":2,"tp":2,"sr":1,"ks":{"o":{"a":0,"k":100,"ix":11},"r":{"a":0,"k":0,"ix":10},"p":{"a":0,"k":[540,540,0],"ix":2,"l":2},"a":{"a":0,"k":[0,0,0],"ix":1,"l":2},"s":{"a":0,"k":[41,41,100],"ix":6,"l":2}},"ao":0,"shapes":[{"ty":"gr","it":[{"ind":0,"ty":"sh","ix":1,"ks":{"a":0,"k":{"i":[[0,0],[0,0],[0,0],[0,0]],"o":[[0,0],[0,0],[0,0],[0,0]],"v":[[92,-108],[152,230],[-152,230],[-90,-108]],"c":true},"ix":2},"nm":"Path 1","mn":"ADBE Vector Shape - Group","hd":false},{"ty":"tr","p":{"a":0,"k":[0,26],"ix":2},"a":{"a":0,"k":[0,620],"ix":1},"s":{"a":0,"k":[100,100],"ix":3},"r":{"a":0,"k":0,"ix":6},"o":{"a":0,"k":100,"ix":7},"sk":{"a":0,"k":0,"ix":4},"sa":{"a":0,"k":0,"ix":5},"nm":"Transform"}],"nm":"tooth","np":2,"cix":2,"bm":0,"ix":1,"mn":"ADBE Vector Group","hd":false},{"ty":"rp","c":{"a":0,"k":29,"ix":1},"o":{"a":0,"k":0,"ix":2},"m":1,"ix":2,"tr":{"ty":"tr","p":{"a":0,"k":[0,0],"ix":2},"a":{"a":0,"k":[0,0],"ix":1},"s":{"a":0,"k":[100,100],"ix":3},"r":{"a":0,"k":36,"ix":4},"so":{"a":0,"k":100,"ix":5},"eo":{"a":0,"k":100,"ix":6},"nm":"Transform"},"nm":"Repeater 1","mn":"ADBE Vector Filter - Repeater","hd":false},{"ty":"gr","it":[{"d":1,"ty":"el","s":{"a":0,"k":[1080,1080],"ix":2},"p":{"a":0,"k":[0,0],"ix":3},"nm":"Ellipse Path 1","mn":"ADBE Vector Shape - Ellipse","hd":false},{"ty":"tr","p":{"a":0,"k":[0,0],"ix":2},"a":{"a":0,"k":[0,0],"ix":1},"s":{"a":0,"k":[100,100],"ix":3},"r":{"a":0,"k":0,"ix":6},"o":{"a":0,"k":100,"ix":7},"sk":{"a":0,"k":0,"ix":4},"sa":{"a":0,"k":0,"ix":5},"nm":"Transform"}],"nm":"Ellipse 1","np":1,"cix":2,"bm":0,"ix":3,"mn":"ADBE Vector Group","hd":false},{"ty":"fl","c":{"a":1,"k":[{"i":{"x":[0.833],"y":[0.833]},"o":{"x":[0.167],"y":[0.167]},"t":66,"s":[0,0,0,1]},{"t":71,"s":[0.533333361149,0,0.780392169952,1]}],"ix":4},"o":{"a":0,"k":100,"ix":5},"r":1,"bm":0,"nm":"Fill 1","mn":"ADBE Vector Graphic - Fill","hd":false},{"ty":"st","c":{"a":1,"k":[{"i":{"x":[0.833],"y":[0.833]},"o":{"x":[0.167],"y":[0.167]},"t":66,"s":[0,0,0,1]},{"t":71,"s":[0.533333361149,0,0.780392169952,1]}],"ix":3},"o":{"a":0,"k":100,"ix":4},"w":{"a":0,"k":37,"ix":5},"lc":2,"lj":2,"bm":0,"nm":"Stroke 1","mn":"ADBE Vector Graphic - Stroke","hd":false}],"ip":0,"op":1800,"st":0,"ct":1,"bm":0},{"ddd":0,"ind":2,"ty":4,"nm":"mask","td":1,"sr":1,"ks":{"o":{"a":0,"k":100,"ix":11},"r":{"a":0,"k":0,"ix":10},"p":{"a":0,"k":[540,540,0],"ix":2,"l":2},"a":{"a":0,"k":[0,0,0],"ix":1,"l":2},"s":{"a":0,"k":[20,20,100],"ix":6,"l":2}},"ao":0,"shapes":[{"ty":"gr","it":[{"d":1,"ty":"el","s":{"a":0,"k":[1080,1080],"ix":2},"p":{"a":0,"k":[0,0],"ix":3},"nm":"Ellipse Path 1","mn":"ADBE Vector Shape - Ellipse","hd":false},{"ty":"fl","c":{"a":0,"k":[0,0,0,1],"ix":4},"o":{"a":0,"k":100,"ix":5},"r":1,"bm":0,"nm":"Fill 1","mn":"ADBE Vector Graphic - Fill","hd":false},{"ty":"tr","p":{"a":0,"k":[0,0],"ix":2},"a":{"a":0,"k":[0,0],"ix":1},"s":{"a":0,"k":[100,100],"ix":3},"r":{"a":0,"k":0,"ix":6},"o":{"a":0,"k":100,"ix":7},"sk":{"a":0,"k":0,"ix":4},"sa":{"a":0,"k":0,"ix":5},"nm":"Transform"}],"nm":"Ellipse 1","np":3,"cix":2,"bm":0,"ix":1,"mn":"ADBE Vector Group","hd":false}],"ip":0,"op":1800,"st":0,"ct":1,"bm":0}]},{"id":"comp_2","nm":"rouage","fr":60,"layers":[{"ddd":0,"ind":1,"ty":4,"nm":"Shape Layer 2","tt":2,"tp":3,"sr":1,"ks":{"o":{"a":0,"k":50,"ix":11},"r":{"a":1,"k":[{"i":{"x":[0.739],"y":[1]},"o":{"x":[0.346],"y":[0]},"t":0,"s":[0]},{"i":{"x":[0.667],"y":[1]},"o":{"x":[0.613],"y":[0]},"t":16,"s":[37.469]},{"t":23,"s":[36],"h":1}],"ix":10},"p":{"a":0,"k":[552,550,0],"ix":2,"l":2},"a":{"a":0,"k":[0,0,0],"ix":1,"l":2},"s":{"a":0,"k":[52,52,100],"ix":6,"l":2}},"ao":0,"shapes":[{"ty":"gr","it":[{"ind":0,"ty":"sh","ix":1,"ks":{"a":1,"k":[{"i":{"x":0.667,"y":1},"o":{"x":0.167,"y":0.167},"t":40,"s":[{"i":[[0,0],[0,0],[0,0],[0,0]],"o":[[0,0],[0,0],[0,0],[0,0]],"v":[[92,-108],[152,230],[-152,230],[-90,-108]],"c":true}]},{"t":51,"s":[{"i":[[0,0],[0,0],[0,0],[0,0]],"o":[[0,0],[0,0],[0,0],[0,0]],"v":[[100,-75.281],[152,230],[-152,230],[-95.604,-75.281]],"c":true}],"h":1},{"i":{"x":0.093,"y":0.093},"o":{"x":0.462,"y":0},"t":54,"s":[{"i":[[0,0],[0,0],[0,0],[0,0]],"o":[[0,0],[0,0],[0,0],[0,0]],"v":[[4.857,-473.714],[152,230],[-152,230],[-2.857,-473.714]],"c":true}]},{"i":{"x":0.093,"y":0.093},"o":{"x":0.167,"y":0.167},"t":64,"s":[{"i":[[0,0],[0,0],[0,0],[0,0]],"o":[[0,0],[0,0],[0,0],[0,0]],"v":[[4.857,-348],[152,230],[-152,230],[-2.857,-348]],"c":true}]},{"i":{"x":0.667,"y":1},"o":{"x":0.167,"y":0.167},"t":328,"s":[{"i":[[0,0],[0,0],[0,0],[0,0]],"o":[[0,0],[0,0],[0,0],[0,0]],"v":[[4.857,-348],[152,230],[-152,230],[-2.857,-348]],"c":true}]},{"t":339,"s":[{"i":[[0,0],[0,0],[0,0],[0,0]],"o":[[0,0],[0,0],[0,0],[0,0]],"v":[[100,-75.281],[152,230],[-152,230],[-95.604,-75.281]],"c":true}],"h":1}],"ix":2},"nm":"Path 1","mn":"ADBE Vector Shape - Group","hd":false},{"ty":"tr","p":{"a":0,"k":[0,26],"ix":2},"a":{"a":0,"k":[0,620],"ix":1},"s":{"a":0,"k":[100,100],"ix":3},"r":{"a":0,"k":0,"ix":6},"o":{"a":0,"k":100,"ix":7},"sk":{"a":0,"k":0,"ix":4},"sa":{"a":0,"k":0,"ix":5},"nm":"Transform"}],"nm":"tooth","np":2,"cix":2,"bm":0,"ix":1,"mn":"ADBE Vector Group","hd":false},{"ty":"rp","c":{"a":0,"k":29,"ix":1},"o":{"a":0,"k":0,"ix":2},"m":1,"ix":2,"tr":{"ty":"tr","p":{"a":0,"k":[0,0],"ix":2},"a":{"a":0,"k":[0,0],"ix":1},"s":{"a":0,"k":[100,100],"ix":3},"r":{"a":0,"k":36,"ix":4},"so":{"a":0,"k":100,"ix":5},"eo":{"a":0,"k":100,"ix":6},"nm":"Transform"},"nm":"Repeater 1","mn":"ADBE Vector Filter - Repeater","hd":false},{"ty":"gr","it":[{"d":1,"ty":"el","s":{"a":0,"k":[1080,1080],"ix":2},"p":{"a":0,"k":[0,0],"ix":3},"nm":"Ellipse Path 1","mn":"ADBE Vector Shape - Ellipse","hd":false},{"ty":"tr","p":{"a":0,"k":[2.536,3.548],"ix":2},"a":{"a":0,"k":[0,0],"ix":1},"s":{"a":0,"k":[100,100],"ix":3},"r":{"a":0,"k":0,"ix":6},"o":{"a":0,"k":100,"ix":7},"sk":{"a":0,"k":0,"ix":4},"sa":{"a":0,"k":0,"ix":5},"nm":"Transform"}],"nm":"Ellipse 1","np":1,"cix":2,"bm":0,"ix":3,"mn":"ADBE Vector Group","hd":false},{"ty":"fl","c":{"a":0,"k":[0,0,0,1],"ix":4},"o":{"a":0,"k":100,"ix":5},"r":1,"bm":0,"nm":"Fill 1","mn":"ADBE Vector Graphic - Fill","hd":false},{"ty":"st","c":{"a":0,"k":[0,0,0,1],"ix":3},"o":{"a":0,"k":100,"ix":4},"w":{"a":0,"k":37,"ix":5},"lc":2,"lj":2,"bm":0,"nm":"Stroke 1","mn":"ADBE Vector Graphic - Stroke","hd":false}],"ip":0,"op":1800,"st":0,"ct":1,"bm":0},{"ddd":0,"ind":2,"ty":4,"nm":"Shape Layer 1","tt":2,"tp":3,"sr":1,"ks":{"o":{"a":0,"k":100,"ix":11},"r":{"a":1,"k":[{"i":{"x":[0.739],"y":[1]},"o":{"x":[0.346],"y":[0]},"t":0,"s":[0]},{"i":{"x":[0.667],"y":[1]},"o":{"x":[0.613],"y":[0]},"t":16,"s":[37.469]},{"t":23,"s":[36],"h":1}],"ix":10},"p":{"a":0,"k":[540,540,0],"ix":2,"l":2},"a":{"a":0,"k":[0,0,0],"ix":1,"l":2},"s":{"a":0,"k":[52,52,100],"ix":6,"l":2}},"ao":0,"shapes":[{"ty":"gr","it":[{"ind":0,"ty":"sh","ix":1,"ks":{"a":1,"k":[{"i":{"x":0.667,"y":1},"o":{"x":0.167,"y":0.167},"t":40,"s":[{"i":[[0,0],[0,0],[0,0],[0,0]],"o":[[0,0],[0,0],[0,0],[0,0]],"v":[[92,-108],[152,230],[-152,230],[-90,-108]],"c":true}]},{"t":51,"s":[{"i":[[0,0],[0,0],[0,0],[0,0]],"o":[[0,0],[0,0],[0,0],[0,0]],"v":[[100,-75.281],[152,230],[-152,230],[-95.604,-75.281]],"c":true}],"h":1},{"i":{"x":0.093,"y":0.093},"o":{"x":0.462,"y":0},"t":54,"s":[{"i":[[0,0],[0,0],[0,0],[0,0]],"o":[[0,0],[0,0],[0,0],[0,0]],"v":[[4.857,-473.714],[152,230],[-152,230],[-2.857,-473.714]],"c":true}]},{"i":{"x":0.093,"y":0.093},"o":{"x":0.167,"y":0.167},"t":64,"s":[{"i":[[0,0],[0,0],[0,0],[0,0]],"o":[[0,0],[0,0],[0,0],[0,0]],"v":[[4.857,-348],[152,230],[-152,230],[-2.857,-348]],"c":true}]},{"i":{"x":0.667,"y":1},"o":{"x":0.167,"y":0.167},"t":328,"s":[{"i":[[0,0],[0,0],[0,0],[0,0]],"o":[[0,0],[0,0],[0,0],[0,0]],"v":[[4.857,-348],[152,230],[-152,230],[-2.857,-348]],"c":true}]},{"t":339,"s":[{"i":[[0,0],[0,0],[0,0],[0,0]],"o":[[0,0],[0,0],[0,0],[0,0]],"v":[[100,-75.281],[152,230],[-152,230],[-95.604,-75.281]],"c":true}],"h":1}],"ix":2},"nm":"Path 1","mn":"ADBE Vector Shape - Group","hd":false},{"ty":"tr","p":{"a":0,"k":[0,26],"ix":2},"a":{"a":0,"k":[0,620],"ix":1},"s":{"a":0,"k":[100,100],"ix":3},"r":{"a":0,"k":0,"ix":6},"o":{"a":0,"k":100,"ix":7},"sk":{"a":0,"k":0,"ix":4},"sa":{"a":0,"k":0,"ix":5},"nm":"Transform"}],"nm":"tooth","np":2,"cix":2,"bm":0,"ix":1,"mn":"ADBE Vector Group","hd":false},{"ty":"rp","c":{"a":0,"k":29,"ix":1},"o":{"a":0,"k":0,"ix":2},"m":1,"ix":2,"tr":{"ty":"tr","p":{"a":0,"k":[0,0],"ix":2},"a":{"a":0,"k":[0,0],"ix":1},"s":{"a":0,"k":[100,100],"ix":3},"r":{"a":0,"k":36,"ix":4},"so":{"a":0,"k":100,"ix":5},"eo":{"a":0,"k":100,"ix":6},"nm":"Transform"},"nm":"Repeater 1","mn":"ADBE Vector Filter - Repeater","hd":false},{"ty":"gr","it":[{"d":1,"ty":"el","s":{"a":0,"k":[1080,1080],"ix":2},"p":{"a":0,"k":[0,0],"ix":3},"nm":"Ellipse Path 1","mn":"ADBE Vector Shape - Ellipse","hd":false},{"ty":"tr","p":{"a":0,"k":[2.536,3.548],"ix":2},"a":{"a":0,"k":[0,0],"ix":1},"s":{"a":0,"k":[100,100],"ix":3},"r":{"a":0,"k":0,"ix":6},"o":{"a":0,"k":100,"ix":7},"sk":{"a":0,"k":0,"ix":4},"sa":{"a":0,"k":0,"ix":5},"nm":"Transform"}],"nm":"Ellipse 1","np":1,"cix":2,"bm":0,"ix":3,"mn":"ADBE Vector Group","hd":false},{"ty":"fl","c":{"a":0,"k":[0,0,0,1],"ix":4},"o":{"a":0,"k":100,"ix":5},"r":1,"bm":0,"nm":"Fill 1","mn":"ADBE Vector Graphic - Fill","hd":false},{"ty":"st","c":{"a":0,"k":[0,0,0,1],"ix":3},"o":{"a":0,"k":100,"ix":4},"w":{"a":0,"k":37,"ix":5},"lc":2,"lj":2,"bm":0,"nm":"Stroke 1","mn":"ADBE Vector Graphic - Stroke","hd":false}],"ip":0,"op":1800,"st":0,"ct":1,"bm":0},{"ddd":0,"ind":3,"ty":4,"nm":"mask","td":1,"sr":1,"ks":{"o":{"a":0,"k":100,"ix":11},"r":{"a":0,"k":0,"ix":10},"p":{"a":0,"k":[540,540,0],"ix":2,"l":2},"a":{"a":0,"k":[0,0,0],"ix":1,"l":2},"s":{"a":0,"k":[25.878,25.878,100],"ix":6,"l":2}},"ao":0,"shapes":[{"ty":"gr","it":[{"d":1,"ty":"el","s":{"a":0,"k":[1080,1080],"ix":2},"p":{"a":0,"k":[0,0],"ix":3},"nm":"Ellipse Path 1","mn":"ADBE Vector Shape - Ellipse","hd":false},{"ty":"fl","c":{"a":0,"k":[0,0,0,1],"ix":4},"o":{"a":0,"k":100,"ix":5},"r":1,"bm":0,"nm":"Fill 1","mn":"ADBE Vector Graphic - Fill","hd":false},{"ty":"tr","p":{"a":0,"k":[0,0],"ix":2},"a":{"a":0,"k":[0,0],"ix":1},"s":{"a":0,"k":[100,100],"ix":3},"r":{"a":0,"k":0,"ix":6},"o":{"a":0,"k":100,"ix":7},"sk":{"a":0,"k":0,"ix":4},"sa":{"a":0,"k":0,"ix":5},"nm":"Transform"}],"nm":"Ellipse 1","np":3,"cix":2,"bm":0,"ix":1,"mn":"ADBE Vector Group","hd":false}],"ip":0,"op":1800,"st":0,"ct":1,"bm":0},{"ddd":0,"ind":4,"ty":4,"nm":"Calque 2/Anim1 Outlines","td":1,"sr":1,"ks":{"o":{"a":0,"k":100,"ix":11},"r":{"a":0,"k":0,"ix":10},"p":{"a":0,"k":[540,540,0],"ix":2,"l":2},"a":{"a":0,"k":[260.5,260.5,0],"ix":1,"l":2},"s":{"a":0,"k":[192.612,192.612,100],"ix":6,"l":2}},"ao":0,"shapes":[{"ty":"gr","it":[{"ind":0,"ty":"sh","ix":1,"ks":{"a":0,"k":{"i":[[0,-44.254],[44.254,0],[0,44.254],[-44.254,0]],"o":[[0,44.254],[-44.254,0],[0,-44.254],[44.254,0]],"v":[[80.129,0],[0,80.129],[-80.129,0],[0,-80.129]],"c":true},"ix":2},"nm":"Path 1","mn":"ADBE Vector Shape - Group","hd":false},{"ty":"st","c":{"a":0,"k":[1,0.999998863071,1,1],"ix":3},"o":{"a":0,"k":100,"ix":4},"w":{"a":0,"k":6,"ix":5},"lc":1,"lj":1,"ml":10,"bm":0,"nm":"Stroke 1","mn":"ADBE Vector Graphic - Stroke","hd":false},{"ty":"fl","c":{"a":0,"k":[1,0.999998863071,1,1],"ix":4},"o":{"a":0,"k":100,"ix":5},"r":1,"bm":0,"nm":"Fill 1","mn":"ADBE Vector Graphic - Fill","hd":false},{"ty":"tr","p":{"a":0,"k":[260.129,260.129],"ix":2},"a":{"a":0,"k":[0,0],"ix":1},"s":{"a":0,"k":[100,100],"ix":3},"r":{"a":0,"k":0,"ix":6},"o":{"a":0,"k":100,"ix":7},"sk":{"a":0,"k":0,"ix":4},"sa":{"a":0,"k":0,"ix":5},"nm":"Transform"}],"nm":"Group 1","np":3,"cix":2,"bm":0,"ix":1,"mn":"ADBE Vector Group","hd":false}],"ip":0,"op":1800,"st":0,"ct":1,"bm":0}]}],"layers":[{"ddd":0,"ind":1,"ty":6,"nm":"paper-spin-86544.mp3","cl":"mp3","refId":"audio_0","sr":1,"ip":85,"op":351,"st":85,"bm":0},{"ddd":0,"ind":2,"ty":6,"nm":"metal-whoosh-hit-2-201903.mp3","cl":"mp3","refId":"audio_1","sr":1,"ip":193,"op":236,"st":193,"bm":0},{"ddd":0,"ind":3,"ty":6,"nm":"metal-whoosh-hit-2-201903.mp3","cl":"mp3","refId":"audio_2","sr":1,"ip":135,"op":178,"st":135,"bm":0},{"ddd":0,"ind":4,"ty":6,"nm":"metal-whoosh-hit-2-201903.mp3","cl":"mp3","refId":"audio_3","sr":1,"ip":97,"op":140,"st":97,"bm":0},{"ddd":0,"ind":5,"ty":6,"nm":"metal-whoosh-hit-6-201904.mp3","cl":"mp3","refId":"audio_4","sr":1,"ip":325,"op":389.8,"st":325,"bm":0},{"ddd":0,"ind":6,"ty":6,"nm":"metal-whoosh-hit-6-201904.mp3","cl":"mp3","refId":"audio_5","sr":1,"ip":48,"op":112.8,"st":48,"bm":0},{"ddd":0,"ind":7,"ty":6,"nm":"wheel-spin-click-slow-down-101152.mp3","cl":"mp3","refId":"audio_6","sr":1,"ip":-1,"op":7.44,"st":-1,"bm":0},{"ddd":0,"ind":8,"ty":0,"nm":".overflow","cl":"overflow","refId":"comp_0","sr":1,"ks":{"o":{"a":0,"k":100,"ix":11},"r":{"a":0,"k":0,"ix":10},"p":{"a":0,"k":[540,540,0],"ix":2,"l":2},"a":{"a":0,"k":[1500,1500,0],"ix":1,"l":2},"s":{"a":0,"k":[109,109,100],"ix":6,"l":2}},"ao":0,"w":3000,"h":3000,"ip":0,"op":1800,"st":0,"bm":0}],"markers":[{"tm":0,"cm":"hover-start","dr":0},{"tm":29,"cm":"hover-end","dr":0},{"tm":35,"cm":"active-start","dr":0},{"tm":317,"cm":"active-end","dr":0},{"tm":328,"cm":"active2-start","dr":0},{"tm":389,"cm":"active2-end","dr":0}],"props":{}}